ore_studio,punteggio_esame
7.28,79.52
11.82,94.9
12.79,108.57
17.03,124.04
19.32,140.91
4.77,65.24
9.04,89.52
19.66,136.95
14.26,113.31
4.85,67.45
13.02,98.69
7.47,75.23
9.09,92.14
16.59,127.32
5.84,67.24
19.3,129.18
5.95,70.97
10.42,98.89
3,63.34
19.07,128.81
11.33,91.44
11.1,95.2
14.78,114.79
6.11,66.26
4.18,64.89
11.5,102.75
12.61,103.18
7.89,75.55
4.99,65.41
15.79,112.9
15.33,122.38
12.27,101.99
17.78,125.85
3.19,61.86
10.39,87.66
10.1,95.02
16.04,119.57
1.98,55.82
14.06,110.94
15.31,115.05
10.58,92.27
8.15,82.24
4.46,70.35
5.41,65.94
9.38,90.34
14.27,104
12.61,107.3
10.47,92.24
2.3,53.33
16.02,124.26
10.42,93.66
8.49,82.86
8.78,79.71
14.96,115.15
13.57,103.28
7.23,77.67
17.49,132.82
17.88,133.86
19.37,134.31
8.45,89.55
7.84,84.66
13.51,100
7.49,78.18
6.66,71.93
15.51,111.85
2.67,61.28
3.76,62.19
3.21,51.86
13.88,110.74
5.94,65.25
16.74,126.23
16.92,128.36
10.41,89.2
10.64,97.5
18.39,126.11
15.03,110.11
15.93,117.25
9.33,89.08
6.52,72.26
11.68,91.31
19.9,139.21
15.76,117.62
16.32,126.97
10.84,92.57
9.63,81.72
1.19,51.97
4.73,62.01
2.56,49.8
14.31,109.72
17.21,127.99
6.8,78.79
12.78,109.93
3.19,57.29
10.94,97.68
12.97,107.75
16.54,124.9
17.47,121.09
16.76,123.41
4.25,62.6
18.57,124.92
4.31,68.9
2.34,48.81
12.43,103.47
16.43,123.87
17.68,125.82
15.24,120.13
15.13,108.34
16.96,118.4
7.15,79.54
2.9,49.85
7.85,78.74
11.3,92.13
11.66,92.3
8.99,90.64
5.94,70.12
3.2,59.44
17.21,124.6
5.36,74.11
14.47,108.93
14.91,107.57
10.47,90.17
5.26,73.49
4.11,55.4
13.42,106.24
19.33,131.13
2.11,54.87
6.92,70.82
4.16,60.99
7.43,81.16
18.66,136.13
8.99,82.55
7.13,78.01
2.58,52.17
19.61,142.43
1.21,50.93
10.51,88.8
3.11,53.95
10.63,92.21
16.74,117.25
15.62,119.15
4.22,64.67
19.85,141.01
3.64,59.27
2.43,58.64
11.21,95.26
18.82,130.52
7.27,80.67
5.4,65.65
1.65,51.67
10.79,88.73
16.75,128.69
14.83,114.56
7.53,75.78
1.58,48.37
7.23,82.68
7.63,74.22
13.31,101.57
4.76,65.82
7.24,77.81
12.51,99.37
11.91,100.33
5.37,63.07
19.86,142.02
19.61,129.33
9.66,81.64
14.96,115.68
6.92,80.44
19.59,141.89
18.15,130.41
9.2,87.12
12.03,96.96
1.15,47.64
14.07,109.19
13.83,108.93
4.66,63.84
1.94,44.38
18.94,132.7
16.08,119.02
15.08,118.21
4.02,65.26
13.8,111.17
5.54,71.24
9.29,81.48
15.63,115.08
11.84,94.62
11.45,93.6
16.84,121.47
16.45,127.21
3.93,63.89
3.41,54.83
17.59,132.31
13.34,106.75
5.17,67.53
16.59,118.32
5.49,62.89
16.47,123.33
12.28,99.51
7.33,79.95
1.17,42.6
11.86,98.63
4.99,63.07
9.13,85.52
13.57,109.13
6.44,75.88
10.35,93.42
19.21,132.92
7.44,77.53
12.46,108.04
1.99,47.11
14.39,104.79
9.86,91.29
9.41,87.98
14.27,107.7
1.45,44.67
13.57,101.05
16.35,116.47
15.46,109.7
6.91,80.15
19.37,137.72
8.63,89.11
14.74,111.69
6.31,77.57
8.38,81.8
2.14,53.29
4.23,66.44
1.82,44.51
15.23,114
19.91,134.32
1.94,46.42
1.4,53.66
17.29,129.79
17.24,130.33
5.6,70.23
13.32,108.24
19.65,136.38
12.14,100.6
9.5,92.57
18.13,131.11
13.27,111.81
3.34,54.04
8.25,86.11
13.09,99.46
14.86,117.21
17.65,126.47
6.42,68.56
15.06,114.15
17.8,122.93
1.8,47.25
15.23,110.46
2.75,59.66
6.03,67.8
14.7,111.82
17.02,119.14
7.46,82.84
11.76,101.61
17.14,117.81
11.85,101.8
10.27,94.37
8.23,78.7
18.9,136.62
12.86,99.53
6.64,67.73
17.37,125.93
13.41,105.04
9.66,94.73
10.44,97.3
14.36,110.67
3.65,58.85
13.68,102.8
16.46,125
9.18,85.19
5.7,70.83
14.36,116.79
16.29,127.03
1.07,51.94
10.57,94.52
17.36,124.54
10.72,95.76
14.95,109.03
18.54,135.84
12.71,98.48
18.51,124.07
10.74,98.61
12.94,99.96
5.83,64.08
5.63,73.83
7.63,77.78
6.33,77.47
16.55,127.47
19.92,140.24
5.35,68.08
7.15,74.76
8.03,83.63
18.23,130.01
6.26,65.69
1.8,50.31
11.65,91.92
12.91,98.22
5.49,67.21
9.12,82.38
10.82,97.47
5.83,71.26
5.94,75.63
17.42,120.79
1.7,46.51
13.82,104.45
1.25,51.41
12.76,100.65
2.94,53.89
14.47,105.21
2.74,61.54
3.87,61.73
14.24,115.82
2.47,54.78
15.18,113.78
5.37,61.61
18.96,132.94
4.31,65.88
18.66,133.14
17.47,121.83
11.58,95.55
13.5,108.75
13.22,100.42
2.12,52.82
12.18,95.32
17.11,127.46
12.56,101.24
7.58,83.14
10.75,99.22
18.88,133.51
5.61,67.67
4.45,69.62
12.58,97.35
1.64,44.16
19.08,131.42
3.1,52.07
13.43,110.68
19.31,136.44
14.9,115.44
15.55,111.26
18.78,131.26
19.15,130.36
2.63,58.11
13.84,105.87
11.9,97.55
2.67,59.55
5.81,65.41
17.76,122.32
3.96,54.52
11.78,100.83
15.24,115.08
8.03,80.55
13.97,103.75
16.47,121.15
5.2,65.79
7.01,81.9
16.79,117.15
7.98,78.61
12.59,109.3
3.69,59.33
10.92,96.5
12.26,104.87
13.03,108.76
8.28,85.67
16.38,114.33
5.02,66.96
11.89,95.64
8.11,76
2.43,58.85
13.08,101.31
8.26,87.66
15.03,119.07
11.23,96.3
3.33,52.06
2.84,62.33
14.26,105.61
2.51,61.03
14.91,112.85
11.79,100.04
4.63,69.18
8.12,81.85
3.02,50.17
10.54,93.82
16.27,118.6
7.48,79.62
2.08,51.55
16.44,126.37
10.78,94.25
18.1,129.97
19.29,133.49
6.47,70.34
5.8,71.27
1.86,54.68
19.73,136.74
11.82,94.34
6.01,67.58
5.41,67.54
2.83,55.93
9.4,83.18
6.56,79.37
2.33,59.68
18.26,128.35
9.33,83.69
12.03,101.06
7.4,79.82
7.32,79.01
15.34,113.3
13.68,106.91
6.65,71.15
1.72,47
10.08,89.15
1.25,52.34
7.48,73.47
14.81,113.55
3.45,60.54
9.16,90.23
18.63,131.42
5.28,73.75
10.79,91.59
7.16,76.53
17.09,126.92
8.22,75.54
18.02,124.08
15.35,118.57
16.03,125.42
15.7,120.21
9.77,87.63
6.78,69.84
5.57,70.58
5.72,73.03
3.38,52.81
15.34,115.81
13.53,111.82
5.68,71.35
12.87,105.07
12.14,102.56
1.14,42.44
19.19,130.67
18.84,135.96
6.4,76.85
11.65,92.69
6.38,71.39
1.35,49.53
9.65,93.92
1.86,47.55
12.65,95.95
16.63,124.04
15.46,121.82
2.67,56.84
8.82,86.48
13.88,112.91
13.59,104.69
19.5,141.46
12.73,107.41
18.85,135.14
19.51,135.83
14.62,107.79
17.32,127
19.47,136.39
5.5,68.13
9.54,81.12
10.07,87.24
9.37,80.88
18.04,124.61
3.17,57.76
7.95,84.09
18.37,123.56
6.69,75.96
10.08,90.48
12.76,103.58
15.82,116.85
10.48,86.05
9.57,88.66
19.94,134.22
10.04,87.57
17.6,123.1
14.78,111.54
4.79,67.06
1.5,54.64
11.66,92.31
14.63,108
19.16,133.77
18.09,129.73
14.28,112.69
16.8,128.08
18.51,128.41
4.29,57.49
10.21,98
1.59,51.66
8.51,86.84
1.21,40.85
1.82,50.42
14.74,111.06
17.01,121.8
9.65,87.6
3.04,57.56
19.14,131.13
5.41,73.01
11.07,102.01
10.77,91.19
18.56,131.94
4.6,61
13.5,110.77
10.72,90.99
16.26,125.73
19.18,132.67
8.34,76.36
17.63,123.4
17.55,125.77
4.25,66.97
9.19,90.77
16.99,117.33
19.26,135.2
9.52,89.61
1.55,44.5
17.2,124.05
5.24,67.68
16,120.09
12.44,95.91
3.13,55.52
4.64,68.34
15.94,124.13
15.05,111.6
19.12,136.03
4.34,65.42
13.41,107.05
10.24,96.63
1.45,47.05
19.07,135.77
2.17,48.09
18.99,128.11
6.22,76.07
15.69,115.2
16.03,120.48
4.83,65.53
15.68,123.7
14.29,114.36
4.65,67.55
11.19,97.68
7,76.52
5.21,67.98
9.77,84.72
19.63,132.62
17.45,128.48
5.09,64.35
14.9,114.03
4.11,59.47
16.06,125.3
4.79,58.55
19.39,139.55
10.14,88.6
18.7,127.15
18.23,127.1
14.01,115.9
11.82,96.46
9.56,91.96
4.26,57.9
9.93,90.98
2.93,52.83
11.14,97.42
3.36,56.34
7.09,73.65
17.86,126.07
17.61,125.03
14.34,106.23
16.12,124.28
6.55,74.6
19.65,137.19
9.98,96.48
19.62,134.21
19.26,140.34
6.73,67.75
15.56,110.66
5.87,72.61
17.45,120.43
3.77,55.59
3.38,57.99
18,133.52
13.42,101.81
9.32,87.31
2.18,56.92
9.63,87.81
6.98,82.49
6.09,65.09
3.55,55.01
19.9,134.03
4.07,57.01
6.03,76.21
7.17,74.12
2.92,56.44
3.25,60.5
15.72,120.04
15.14,114.09
14.75,106.95
7.2,81.8
17.28,127.32
13.11,105.96
16.69,123.35
2.1,47.15
2.7,61.74
14.41,112.4
17.14,126.45
19.01,128.41
4.61,68.34
15.14,115.73
19.79,135.48
11.08,98.16
9.46,93.3
12.13,94.49
6.31,73.06
2.84,61.59
19.18,140.39
7.91,80.59
10.42,88.59
17.31,122.86
14.24,103.93
2.55,56.29
17.51,122.14
9.11,81.14
8.19,76.76
10.5,98.04
12.54,104.01
12.47,103
3.57,52.71
7.31,72.68
5.51,68.5
10.24,84.48
1.32,47.66
15.36,113.69
15.31,117.74
17.73,129.3
6.62,71.39
5.42,74.34
12,95.9
1.61,54.09
12.14,96.87
13.26,111.93
7.56,81.86
13.66,107.91
15.74,118.79
15.13,115.54
10.05,94.24
7.5,72.88
15.61,111.64
18.21,124.4
12.2,95.48
3.22,63.61
1.83,48.52
4.95,59.94
14.5,113.39
11,100.68
1.43,44.62
16.41,125.82
6.65,72.78
17.63,126.88
5.79,69.77
13.51,100.81
2.47,59.46
16.98,123.34
8.56,87.43
10.19,91.78
14.29,105.76
8.38,86.41
1.97,57.74
3.56,61.06
4.73,71.26
1,48.36
7.62,72.06
4.94,62.91
5.93,69.24
5.1,63.76
8.62,77.72
19.88,138.11
7.19,83.34
10.27,92.42
11.31,92.77
15.05,118.22
10.16,88.35
7.55,79.78
8.28,80.78
5.18,63.1
4.29,62.12
17.56,122.99
13.89,111.48
12.83,102.81
14.89,115.85
10.52,91.01
1.26,42.4
15.12,119.83
14.48,116.09
3.18,52.7
6.59,67.55
10.48,92.22
1.72,48.95
9.78,89.13
2.06,51.13
15.19,114.68
19.63,142.84
17.87,128.11
12.05,93.07
9.01,92.09
18.39,126.97
8.06,74.49
16.83,124.29
19.64,142.34
18.47,135.44
17.77,124.44
4.75,68.68
4.17,67.52
4.25,59.43
1.89,49.88
1.77,44.14
2.46,47.37
4.05,68.13
3.35,55.29
2.48,56.62
11.42,91.79
14.64,111
6.65,71.6
11.58,92.34
17.29,126.71
17.15,118.59
6.33,68.73
5.74,73.63
14.81,115.87
8.39,75.33
5.41,74.79
5.93,72.89
13.36,106.97
9.72,90.27
19.65,140.09
13.2,103.07
10.98,96.47
15.22,114.48
11.93,92.69
16.86,123.47
12.43,106.7
12.36,98.22
3.38,59.1
18.13,127.69
15.06,109.28
18.16,132.4
19.59,138.38
12.22,95.91
19.73,139.73
16.68,124.26
4.67,62.63
4.84,64.35
9.61,90.71
7.04,81.53
7.3,80.05
6.13,66.18
10.9,95.38
9.81,92.53
11.69,92.38
2.1,56.37
7.56,84.91
12.9,107.89
2.46,56.04
17.4,128.78
13.91,104.55
8.81,84.51
16.54,125.82
3.61,57.64
1.18,41.67
9.41,85.72
10.88,97.38
8.96,85.78
1.02,49.97
19.08,133.28
2.23,58.49
2.43,47.73
5.95,69.91
4.33,64.43
3.75,66.05
17.33,118.23
8.7,86.74
11.85,95.33
5.6,62.93
6.37,71.7
9.56,81.73
16.97,126.21
18.52,126.17
16.03,124.36
10.59,89.37
15.58,111.17
9.24,84.76
15.5,111.97
15.83,116.09
17.55,130.88
12.92,100.09
7.01,82.33
18.41,137.07
17.42,126.21
4.46,61.81
18.55,134.93
12.63,101.74
18.72,135.03
3.81,65.79
17.12,125.17
11.92,94.38
16.61,126.94
16.19,114.53
8.33,88.83
15.82,110.95
14.97,109.11
16.19,113.01
18.52,124.6
1.82,54.01
1.97,54.8
13.94,105.46
16.22,119.23
18.21,129.46
17.05,124.47
13.08,105.51
1.13,46.7
16.76,121.32
5.31,70.35
12.75,96.65
13.53,103.36
14.48,106.93
10.41,91.76
15.5,117.86
7.07,69.06
14.2,113.37
2.84,60
3.1,56.13
3.03,55.37
7.13,70.35
8.67,81.5
13.38,106.72
13.07,108.25
19.39,128.87
6.68,69.05
13.87,105
15.32,116.79
12.4,97.42
12.01,104.16
9.52,94.69
2.96,49.63
17.3,128.31
4.21,60.5
4.25,55.42
10.28,91.32
9.21,86.22
3.67,59.31
6.51,66.38
2.06,46.31
15.54,110.89
11.58,95.76
2.71,50.61
6.52,74.11
2.12,58.4
3.3,55.49
12.66,95.82
16.63,124.36
12.35,101.7
13.12,107.68
17.91,124.03
1.83,49.78
8.24,83.15
6.5,71.96
9.99,95.6
11.31,96.45
2.45,54.71
14.75,108.83
6.66,74.52
7.59,79.46
6.18,75.08
19.16,131.36
17.08,119.49
19.59,141.92
2.07,57.77
2.47,56.05
12.85,105.99
7.2,81.11
18,132.41
15.96,122.39
19.08,139.35
7.18,74.86
16.83,123.33
14.77,107.98
2.36,49.9
9.56,94.16
1.11,47.02
12.8,99.36
11.64,102.84
1.49,43.5
9.68,91.39
6.04,75.26
2.06,47.3
7.48,73.67
6.25,77.57
6.22,69.26
6.79,74.55
12.09,100.27
1.87,45.08
14.07,106.41
10.68,93.92
12.1,105.5
12.4,102.01
7.84,80.99
19.96,132.55
8.08,87.06
2.86,59.05
4.43,60.72
4.79,69.73
11.38,102.86
8.73,81.75
2.81,61.74
18.84,137.82
9.6,82.35
16.25,116.85
18.95,130.84
1.72,55.81
4.48,63.29
19.55,140.32
3.22,53.28
5.38,72.69
8.22,82.94
7.77,84.15
1.13,40.63
8.5,76.17
17.23,122.72
15.19,108.5
6.6,76.59
2.7,48.91
1.38,51.17
6.15,67.76
1.59,53.19
8.81,77.98
3.57,62.31
13.03,108.09
11.26,101.43
4,63.28
7.87,81.05
14.1,115.26
3.49,56.73
6.89,73.19
12.97,105.9
7.34,76.04
12.84,107.57
16.56,125.74
7.2,73.16
14.21,104.15
14,109.54
14.52,104.94
15.87,118.03
13.3,102.62
19.64,138.35
10.62,98.85
12.11,104.53
12.96,108
3.7,58.94
18.9,136.23
14.13,113.95
15.88,116.92
11.13,95.29
1.36,50.16
7.94,75.52
8.57,88.98
17.05,121.45
7.66,72.87
18.46,131.16
13.81,112.78
10.37,93.7
16.8,127.06
6.12,72.45
16,116.77
16.82,115.91
12.71,100.8
6.86,79.84
6.49,72.84
4.43,60.45
8.77,88.23
2.59,49.87
15.85,124.13
13.5,106.53
2.26,56.71
16.06,119.56
18.98,131.35
16.86,117.82
10.82,90.56
12.21,101.62
17.32,125.99
4.77,64.22
19.72,137.58
4.93,67.61
12.85,105.12
9.07,89.9
11.18,94.19
8.25,80.23
7.14,73.17
9.93,95.71
18.61,137.17
2.97,49.55
6.22,70.62
9.85,90.23
15.7,123.49
13.78,113.5
12.51,99.41
9.32,90.68
1.56,44.07
11.71,103.85
3.61,56.13
16.73,126.14
15.75,113.89
3.13,55.39
12.04,94.71
16.8,119.49
7.2,77.65
1.13,46.57
1.93,57.31
11.46,97
13.19,102.59
12.34,107.99
17.66,127.42
19.13,136.13
2.12,58.35
1.17,44.48
15.4,115.78
13.44,100.51
7.33,82.82
2.55,47.76
4.62,67.06
10.44,95.52
19.79,131.36
3.07,51.38
5.5,67.67
19.16,135.89
19.79,138.11
8.51,86.16
12.34,97.32
7.67,77.5
14.5,108.41
12.9,100.89
19.86,141.25
17.61,129.75
5.53,72.03
1.95,53.78
17.43,121.43
9.01,81.22
19.34,128.98
9.93,86.52
8.28,88.61
5.76,74.24
10.71,96.86
2.04,50.38
15.59,114.12
9.32,93.02
19.06,134.83
19.11,131.48
18.58,126.69
3.99,67.01
7.69,84.4
14.85,120.17
8.52,87.68
15.57,112.47
13.07,103.36
12.47,95.21
12.62,97.02
14.47,105.28
14.92,114.38
10.75,95.22
9.93,93.7
5.28,72.66
2.35,55.59
19.59,139.54
5.17,63.17
17.7,133.16
7.89,75.86
15.9,112.5
13.42,111.75
17.99,133.22
14.42,106.93
10.04,88.31
12.87,108.63
6.83,74.2
1.09,47.52
13.62,106.3
17.41,127.94
18.63,130.34
14.21,110.21
3.77,63.08
3.18,50.68
3.22,53.99
15.93,116.54
16.87,122.03
12.12,101.25
8.03,87.07
5.07,71.39
10.62,88.64
14.33,114.97
14.75,109.92
10.67,99.17
7.68,75.34
4.5,70.14
19.31,133.91
15.67,115.62
7.68,76.26
9.2,81.05
13.38,105.32
19.36,138.49
9.61,93.83
5.13,62.48
19.32,141.56
10.93,88.47
11.78,95.47
14.31,104.39
7.49,84.62
5.81,74.32
8.13,86.73
15.2,117.97
19.1,133.02
12.01,104.87
18.94,133.34
11.75,100.55
19.39,131.19
2.46,54.74
4.1,65.49
13.43,100.21
13.31,112.72
7.17,80.05
19.73,134.04
2.1,48.01
5.68,63.02
2.39,46.56
10.23,92.65
18.98,139.57
14.67,113.74
14.76,116.76
14.8,109.28
10.38,87.64
5.79,69.56
3.23,60.96
9.44,89.85
2.47,52.91
12.36,103.95
13.14,99.79
11.26,100.83
15.97,117.23
5.31,63.55
13.07,98.76
8.37,88.55
5.8,73.65
6.52,75.51
3.65,55.12
19.12,129.24
15.59,122.57
8.5,79
18.42,123.48
14.8,115.53
15.2,117.24
4.64,63.46
16.49,122.94
9.77,86.51
10.18,87.45
15.72,114.68
9.18,84.11
15.06,120.32
5.09,62.6
18.02,122.52
2.68,54.03
7.37,70.56
10.88,93.17
19.81,138.63
3.52,63.35
8.5,78.55
1.06,41.25
1.21,44.34
11.04,88.05
9.29,81.26
6.96,81.53
2.6,51.31
15.84,124.73
3.91,66.62
9.78,87.82
19.41,140.87
4.07,56.72
1.6,46.64
9.73,94.43
7.33,83.07
5.73,68.49
15.95,112.45
5.96,64.27
16.98,127.11
15.9,114.8
12.45,101
1.53,43.92
2.04,48.27
16.88,127.24
4.62,66.8
14.28,110.05
3.78,65.36
6.26,68.03
13.52,105.73
17.62,120.14
9.06,86.76
12.01,104.45
4.67,64.33
1.31,54.22
13.72,104.19
18.38,131.95
11.48,96.2
19.12,140.32
6.44,72.6
11.85,98.47
8.03,79.13
14.47,111.28
6.08,68.64
13.95,112.54
6.4,76.01
12.98,97.48
19.36,130.67
6.04,75.7
17.29,119.31
16.97,117.82
14.06,111.11
12.04,101.96
7.22,71.12
19.9,133.35
2.6,52.46
16.07,117.63
4.08,63.07
7.74,80.99
8.12,77.29
19.05,129.15
9.15,85.23
4.26,62.92
7.94,79.41
6.24,78.23
19.56,140.96
8.34,88.6
6.49,72.47
15.66,112.08
9.14,83.93
13.07,98.22
9.65,87.16
3.56,62.43
19.81,133.6
11.94,93.07
14.56,108.51
19.73,132.54
2.29,55.32
10.88,98.83
14.87,109.26
8.75,83.75
14.32,106.33
8.25,87.97
2.36,59.59
16.27,114.88
16.3,113.28
18.78,127.91
3.09,54.54
2.1,51.34
5.37,70.1
8.43,88.49
14.94,115.93
1.37,51.73
12.92,102.26
6.24,73.91
17.57,125.79
6.47,73.19
3.53,63.73
13.05,104.46
16.87,129.23
7.12,82.51
17.37,128.43
11.17,101.75
9.79,95
17.19,120.6
5.03,67.2
18.03,127.83
2.64,52.54
12.59,108.98
19.78,136.39
12.73,99.19
6.85,72.77
8.02,85.62
7.26,69.87
1.56,42.67
12.1,106.15
6.72,70.06
9.64,82.48
13.38,99.52
12.96,99.33
13.07,105.14
5.17,61.13
6.05,75.46
12.91,109.3
13.26,104.3
10.22,93.82
6.73,72.11
5.84,65.12
18.75,127.14
6.7,70.29
11.08,102.11
10.97,88.09
1.77,53.67
18,129.48
2.52,57.25
9.18,80.48
7.71,80.49
10.26,94.41
15.3,111.95
8.85,83.81
7.48,81.69
18.16,132.68
13.58,104.33
13.06,101.55
2.76,58.58
1.13,46.84
4.41,68.92
2.26,45.9
4.25,64.55
18.96,133.73
4.7,69.4
8.4,75.52
15.82,117.25
4.91,63.71
14.06,116.36
14.44,116.87
5.56,62.71
10.19,86.39
12.63,107.96
2.38,50.46
15.86,121.69
7.94,73.77
2.82,52.13
16.63,118.44
13.36,104.28
16.62,118.41
18.99,135.86
14.9,110.29
10.83,98.62
10.8,91.1
10.09,87.47
19.49,138.23
5.07,67.47
18.45,129.47
13.21,104.24
18.01,133.83
15.62,111.38
5.65,72.21
10.07,90.92
12.57,107.1
15.51,116.75
4.71,69.43
17.47,120.18
8.35,80.47
19.93,134.55
10.76,89.64
12.65,101.47
17.69,133.22
9.81,93.69
7.73,83.63
16.63,125.15
3.56,64.74
13.32,105.1
9.87,90.8
12.41,98.65
9.45,86.46
3.37,51.63
4.56,61.61
2.18,50.93
19.76,130.14
10.03,84.36
5.7,64.65
13.48,108.69
6.59,72.69
10.81,95.54
8.42,83.93
16.18,115.36
10.96,92.16
17,119.45
16.32,116.18
16.55,115.1
11.49,95.36
13.85,102.67
8.11,83.19
5.17,65.98
17.51,132.72
1.76,47.96
14.65,113.88
5.79,66.71
6.58,74.07
5.33,60.79
2.5,59.52
16.14,121.54
10.52,89.26
12.41,102.77
19.85,136.28
11.73,96.41
7.78,80.99
14.08,104.38
15.91,120.2
12.46,103.42
2.33,48.88
12.51,106.4
17.76,125.93
3.28,59.7
3.94,58.04
15.88,116.14
18.58,133.86
12.78,103.12
4.91,72.52
1.06,47.76
14.38,112.02
7.63,83.07
10.26,95.18
15.41,121.24
18.12,135.27
2.04,56.07
7.32,80.64
18.4,125.38
13.27,109.72
2.16,46.08
7.77,77.79
14.18,106.23
17.89,133.46
13.34,107.41
10.15,96.44
19.17,138.46
11.99,96.99
15.43,122.97
15.73,112.06
16.46,118.37
13.5,102.77
19.92,136.42
2.93,61.27
11.26,98.72
17.54,124.58
19.09,138.68
12.07,94.98
16.21,119.83
8.23,78.8
17.06,122.51
17.62,127.25
4.71,70.01
4.82,68.49
9.8,88.98
5.85,70.04
3.06,59.19
9.44,92.98
9.06,83.58
10.98,100.57
17.68,127.8
8.04,76.66
15.22,114.07
14.68,112.69
6.18,68.96
6.04,72.34
15.15,119.25
13.07,106.1
6.37,65.73
3.16,54.46
4.9,71.73
4.15,61.51
5.27,67.16
2.91,54.6
18.43,124.68
9.64,86.8
3.98,63.43
18.35,132.9
10.21,85.89
17.29,119.45
12.51,95.58
17.36,123.06
9.81,86.37
14.6,117.4
12.6,98.52
16.39,125.91
16.35,127.1
18.99,128.97
2.42,53.95
18.53,137.56
12.96,104.73
9.44,93.53
9.2,88.19
5.14,68.55
6.18,69.82
6.46,68.11
12.87,101.72
18.85,139.4
14.23,114.62
15.67,115.26
8.55,80.14
14.99,116.59
4.27,58.76
5.63,69.05
18.02,133
13.49,110.57
6.59,69.15
15.26,113.14
12.14,106.22
19.23,130.23
6.74,74.91
10.62,93.49
10.19,86.43
14.77,118.75
14.58,116.27
4.1,56.66
14.13,113.92
6.56,71.93
6.27,70.56
18.15,133.66
5.86,72.84
10.61,97.83
5.23,74.09
7.37,77.89
7.31,79.81
15.51,109.58
16.99,117.57
5.03,70.16
13.59,110.16
17.98,126.24
8.01,77.5
19.07,133.12
7.98,73.84
16.83,115.82
4.44,58.09
19.53,132.41
1.94,54.3
3.31,52.9
6.77,74.38
17.38,126.43
4.96,71.49
4.99,59.09
5.5,67.09
6.85,68.77
19.45,133.93
11.96,98.46
2.67,58.51
18.13,132.27
3.47,53.26
13.59,113.52
1.34,43.39
14.56,112.55
10.51,95.54
12.63,102.39
1.1,49.69
14.24,112.6
12.09,96.93
16.81,123.72
18.35,137.02
18.06,124.07
11.38,103.19
7.81,75.01
17.66,123.29
10.17,90.15
10.7,98.59
1.8,44.17
1.04,41.99
11.94,93.08
4.05,65.94
11.22,97.08
8.07,74.71
18.3,124.93
13.42,103.57
3.19,56.71
8.07,78.11
6.52,74.01
17.22,123.41
6.22,72.03
7.11,73.17
17.45,122.96
17.52,132.15
4.47,63.04
9.08,90.68
5.2,71.15
18.25,128.02
18.31,123.84
1.55,52.65
6.24,72.31
9.4,83.08
10.47,96.52
4.7,69.36
19.94,134.8
14.06,116.18
16.5,117.49
12.1,106.09
18.58,125.32
8.49,85.2
5.76,74.35
13.47,100.31
10.72,92.57
19.07,127.29
4.79,63.95
4.36,58.89
6.1,70.13
16.22,113.38
8.12,76.11
1.77,44.73
14.92,108.28
4.2,57.81
18.57,124.75
8.71,87.19
5.56,72.13
2.93,52.54
7.93,74.7
3.74,59.29
10.78,90.42
16.7,125.31
7.11,69.85
12.32,102.44
2.3,54.37
8.81,85.07
2.68,53.86
13.26,106.58
8.86,83.08
15.18,119.49
19.95,138.13
3.01,60.78
2.7,53.3
16.87,123.93
12.35,103.88
8.87,89.56
10.47,88.25
8.53,83.89
13.36,102.33
13.23,105.02
11.6,104.2
15.83,115.39
18.84,138.72
16.68,126.42
4.08,56.46
4.81,71.42
17.77,122.54
12.02,102.95
9.72,84.71
6.1,68.66
19.47,132.72
2.34,46.91
18.78,137.29
17.22,117.88
1.23,42.72
5.89,76.39
7.13,77.35
5.68,71.03
4.37,61.9
9.98,88.11
6.72,80.94
13.07,109.93
17.79,124.77
6.79,76.36
1.66,51.75
18.13,135.03
9.91,84.35
16.12,124.09
10.54,91.77
14.66,116.15
14.02,113.75
19.06,135.3
13.36,107.94
19.48,136.46
1.16,53.86
11.62,102.14
7.8,75.45
10.24,86.53
15.36,112.15
7.33,71.89
4.94,60.36
2.2,54.34
1.33,51.15
7.65,72.32
2.44,57.83
16.96,127.52
8.63,79.9
16.49,123.72
11.16,94.78
19.1,140.47
12.21,93.84
3.55,62.01
2.19,56.38
10.79,96.53
14.44,105.76
6.63,71.94
2.33,50.98
18.29,128.16
10.56,99
11.86,99
15.03,113.09
8.47,80.11
7.6,75.19
10.93,97.99
13.72,107.79
1.13,47.23
1.63,49.9
7.19,78.88
7.62,74.8
16.43,121.73
8.6,89.31
8.67,76.89
8.97,79.36
9.13,92
15.51,112.41
8.17,75.3
15.72,117.09
17.77,132.05
4.03,62.8
7.11,69.2
9.6,86.63
15.91,117.62
8.63,86.03
7.43,74.76
7.67,82.84
16.13,114.49
19.03,135.54
9.44,83.98
15.35,112.91
9.15,90.24
12.18,96.21
15.49,118.15
13.79,111.28
3.69,54.39
18.68,137.14
1.73,45.11
19.72,142.27
15.5,109.5
14.55,107.93
9.69,84.47
8.81,81.46
5.07,60.7
18.51,125.29
15.86,122.14
6.33,65.99
11.54,94
14.73,105.87
16.19,113.32
3.36,59.34
7.29,72.6
4.89,67.48
2.48,51.45
2.38,59.04
5.7,63.39
18.81,127.52
1.83,44.72
2.34,49.78
3.68,57.17
7.46,84.55
7.89,84.1
18.11,129.35
6.21,69.41
17.38,120.58
13.14,101.2
1.42,43.68
18.84,130.08
19.61,132.88
9.04,82.73
5.2,66.02
8.05,78.1
19.97,144.11
11.21,96.06
2.42,57.62
19.6,143.04
13.88,114.16
14.44,104.78
5.26,61.9
17.83,132.15
13.49,106.93
10.7,87.53
9.82,83.02
15.88,112.84
14.41,105.05
13.08,102.21
13.2,107.73
2.82,51.06
15.68,116.06
9.69,84.86
8.1,83.23
9.73,89.6
17.38,123.14
18.41,133.46
11.72,95.48
10.78,91.23
14.52,109.8
14.7,113.34
15.26,118.32
1.17,45.67
6.46,69.04
17.24,119.04
5.73,75.49
5,71.05
2.71,59.02
8.58,89.05
3.24,54.93
13.19,108.53
6.21,74.48
13.7,109.44
18.78,135.19
3.18,52.34
12.04,98.1
13.47,107.89
8.33,76.17
2.68,50.1
2.55,58.55
16.15,125.14
13.51,109.13
7.35,74.89
14.92,116.1
1.71,46.89
13.61,111.16
18.35,129.63
15.19,111.15
5.17,59.86
2.08,46.96
9.88,88.17
15.73,119.14
15.82,112.94
2.44,57.69
16.66,127.08
18.07,133.04
15.43,116.39
4.62,63.8
18.33,127.48
9.3,80.94
3.38,65.11
11.81,102.13
19.79,130.22
11.79,93.33
8.68,85.86
7.64,78.53
4.47,70.1
15.37,116.15
13.03,100.34
14.87,107.52
7.56,72.7
1.03,41
12.67,99.36
17.5,120.32
5.15,64.41
17.95,127.14
10.36,96.53
12.3,101.94
18.35,135.38
10.04,89.13
13.08,110.16
18.82,136.84
14.28,110.18
18.86,138.84
16.88,126.54
9.78,94.31
3.07,60.26
3.03,54.62
16.47,126.68
8.94,83.59
7.75,81.13
15.07,113.88
1.92,52.16
14.41,107.03
2.08,56.54
13.63,101.52
18.19,129.37
13.35,103.78
6.37,69.87
14.21,104.9
2.62,58.9
12.17,103.7
18.13,135.62
8.3,79.2
8.38,86.36
6.11,70.27
5.8,66.48
11.96,97.88
15.82,124
2.32,50.09
3.29,63.26
15.82,123.86
15.83,122.88
1.31,46.46
1.52,51.22
7.53,80.35
4.02,59.86
12.89,108.39
16.9,118.6
9.67,87.77
18.96,136.86
11.52,94.66
13.72,114.85
19.06,137.18
15.3,118.57
2.08,45.77
3.5,57.07
18.51,133.46
8.77,87.91
6.16,70.21
17.27,123.43
4.06,62.55
18.28,130.56
6.69,80.75
7.78,73.09
8.58,79.16
13.75,103.79
3.04,54.72
4.65,63.18
7.88,80.46
3.06,60.01
5.59,67.74
9.49,92.44
13.18,112.09
10.82,95.84
7.7,72.77
10.88,91.09
8.12,77.85
6.13,69.29
11.13,97.63
5.4,68.61
15.08,120
7.27,83.07
9.91,82.98
5.47,73.09
6.07,65.32
2.32,57.19
8.61,89.19
15.24,110.12
18.95,130.64
8.72,81.36
18.09,123.13
12.34,104.61
4.16,62.76
5.76,74.39
9.67,95.16
11.62,103.09
9.82,92.28
6.03,69.39
17.73,132.44
1.79,48.83
2.37,48.05
18.77,135.03
10.77,96.85
2,49.48
6.52,68.07
19.23,130.48
5.86,68.88
10.39,85.1
13.73,109.28
18.85,127.14
8.6,86
15.56,117.03
1.09,51.11
8.5,82.07
6.45,74.98
13.96,114.1
3.66,63.5
2.58,52.21
15.54,118.84
14.23,115.02
12.22,102.82
13.08,101.46
9.89,83.22
9.48,81.84
19.49,142.25
10.58,89.87
18.08,124.39
12.54,98.43
5.74,63.17
5.18,67.39
7.38,72.96
2.06,58.04
15.88,119.48
19.41,135.94
11.27,91.7
7.63,74.9
4.99,60.34
9.98,94.91
6.42,68.67
10.83,97.27
3.23,59.78
4.58,63.67
14.13,109.66
4.14,55.03
11.28,94.77
16.52,122.6
8.2,81.28
17.91,134.86
6.13,70.82
3.4,54.37
9.15,84.53
1.15,46.61
19.35,135.31
2.64,61.05
4.06,57.08
12.35,100.7
2.81,48.58
6.99,79.9
14.64,109.06
17.16,119.35
13.79,109.84
16.96,117.34
9.93,92.86
15.06,109.79
16.58,124.16
4.18,58.24
5.25,60.85
19.96,139.2
3.47,64.43
13.75,101.21
5.76,69.1
8.73,84.69
17.24,128.37
6.44,72.08
3.35,62.9
8.63,78.75
17.99,126.22
10.93,100.4
7.97,75.58
19.79,135.87
12.54,108.69
15.86,117.97
18.49,130.84
19.46,130.57
9.11,80.09
19.96,130.96
8.86,86.43
10.35,85.83
6.6,67.47
12.03,100.23
5.84,65.32
17.84,133.13
18.19,124.29
13.83,110.47
11.07,91.41
17.12,122.84
15.4,114.24
15.03,120.15
14.64,116.49
18.29,133.85
1.63,54.41
8.95,84.03
5.03,65.53
5.36,72.73
6.12,70.36
15.34,112.47
13.59,111.71
14.29,109.14
17.31,124.19
14.08,105.94
3.35,58.03
7.81,80.68
7.68,77.54
17.78,127.15
1.34,49.77
3.32,57.44
12.02,103.02
17.33,122.23
18.3,134.14
16.63,121.37
12.11,104.21
9.44,92.31
2.9,49.57
11.72,91.49
7.89,80.72
11.04,90.92
1.26,50.29
8.35,77.62
9.01,90.91
3.66,54.19
9.08,81.28
5.67,67.83
3.86,58.45
16.75,116.78
10.09,93.44
6.77,71.2
20,137.42
7.9,79.85
10.95,97.62
11.11,93.35
10.07,93.65
15.09,115.65
15.64,118.09
12.95,99.64
19.12,128.64
10.74,97.6
15.24,115.67
5.68,63.47
6.35,66.67
8.8,89.84
12.15,98.17
11.11,93.44
5.32,62.34
6.76,73.3
2.79,53.3
19.67,133.55
14.61,106.15
9.57,93.8
13.68,103.74
12.58,99.89
17.85,130.98
2.53,54.03
1.01,42.84
8.93,81.73
19.3,131.05
6.07,67.57
12.59,95.57
4.73,66.84
18.73,137.4
3.53,64.12
4.29,56.96
12.84,110.09
1.86,51.93
7.82,76.24
13.92,112.05
13.92,103.68
3.16,60.67
1.06,43.26
8.47,81.94
8.23,88.35
13.12,98.32
13.15,100.98
12.89,99.03
16.43,124.72
14.98,110.15
16.23,114.45
7.23,80.28
10.31,95.14
17.8,122.18
15.15,110.53
10.28,89.58
1.4,54.19
10.1,91.9
10.84,87.18
7.57,72.85
2.63,54.77
4.85,65.47
7.59,76.47
8.89,82.81
14.77,107.97
4.93,58.93
7.35,76.1
7.21,80.27
18.98,131.16
3,56.58
9.87,93.85
10.01,90.86
13.19,107.3
15.84,112.55
18.84,137.72
10.08,93.17
16.4,119.2
1.12,50.02
15.94,122.88
9.79,87.3
3.01,62.75
17.57,126.57
16.88,117.08
3.71,55.51
14.02,112.04
1.67,48.77
19.27,137.69
14.75,117.48
8.17,77.02
15.68,116.97
13.53,112.22
12.68,101.03
4.06,60.77
17.17,123.28
18.73,127.38
19.14,127.72
19.17,128.8
4.98,64.2
10.27,89.87
19.06,137.23
14.79,119.5
9.6,86.42
5.61,62.63
1.47,54.55
17.98,123.3
3.99,58.51
3.88,54.63
15.86,123.81
2.37,57.08
19.85,136.75
7.47,79.04
15.86,117.03
2.99,54.82
13.34,108.1
11.47,99.93
3.45,63.36
8.91,86.63
12.19,105.82
18.15,128.05
17.53,127.03
13.97,113.45
12.27,102.23
19.32,135.35
5,69.34
16.31,122.89
3.64,59.03
3.65,62.06
11.22,97.46
4.96,61.83
11.98,103.15
7.91,77.65
5.94,69.38
9.25,85.43
3.47,55.13
3.13,50.08
9.63,92.69
2.25,50.33
14.13,112.78
14.78,111.37
7.34,83.35
19.09,138.21
9.6,94.77
1.77,52.33
10.86,100.16
15.28,120.2
7.29,77.56
7.51,80.01
3.43,53.37
15.87,116.13
5.06,69.43
12.78,102.79
13.83,112.2
4.64,64.91
1.3,47.24
3.65,62.54
15.96,114.56
9.18,80
11.42,95.72
7.29,71.53
14.76,117.09
1.92,48.28
4.8,60.91
19.67,143.29
14.69,109.34
16.11,121.63
9.21,85.29
15.3,122.15
3.56,61.56
1.72,44.97
2.6,60.22
19.85,139.45
8.81,90.05
10.25,91.89
10.38,86.52
17.65,124.09
17.28,129.22
5.55,66.12
9.14,83.91
17.27,128.71
5.36,71.27
3.52,64.36
16.75,120.92
8.9,81.37
3.59,65.17
8.78,83.57
7.95,83.05
3.73,57.77
5.7,62.77
14.22,112.86
16.4,117.74
3.3,64.1
7.14,78.39
6.58,73.24
5.06,59.32
12.69,101.3
1.93,46.17
15.89,122.82
18.14,129.24
2.74,55.48
14.07,103.24
18.86,135.73
6.42,76.46
11.17,101.94
11.31,92.05
19.26,129.57
9.97,83.19
2.65,51.06
5.4,63.66
1.18,41.53
14.4,111.4
19.77,133.31
15.73,119.26
2.23,53.07
12.46,102.99
16.98,123.48
10.49,95.57
2.73,60.25
5.15,65.4
4.51,65.64
15.15,117.33
10.76,99.08
18.23,127.04
8.11,86.92
8.49,81.82
1.23,42.98
1.12,50.07
15.85,122.02
4.99,59.83
12.82,100.99
7.37,74.6
6.78,73.63
19.73,140.61
3.89,61.79
10.42,90.14
4.58,65.5
10.62,91.74
18.34,124.46
19.89,131.47
4.07,58.32
7.2,76.56
15.35,116.69
4.3,65.26
17.76,126.49
7.77,85.35
9.13,89.91
19.15,130.3
14.27,104.83
5.99,65.88
5.58,66.46
8.58,86.75
14.69,106.28
13.97,115.02
1.85,47.62
2.3,46.6
4.89,59.01
5.69,71.74
10.89,100.36
5.1,60.39
5.8,72.63
8.99,83.17
15.9,122.55
15.71,122.65
16.56,125.13
3.86,66.79
6.78,72.66
4.13,55.91
1.64,45.72
7.29,75.93
3.4,53.02
18.41,135.91
16.95,123.62
2.46,51.97
8.94,86.35
2.83,59.45
18.77,125.38
16.44,115.39
7.09,75.61
11.54,98.25
1.74,46.5
4.28,61.17
3.18,59.68
19.67,132.64
9.72,85.71
14.56,115.25
14.31,113.06
15.78,113.47
19.57,136.12
9.38,82.06
8.34,84.97
14.87,108.63
1.93,56.91
3.77,61.21
19.89,133.04
10.76,94.39
6.91,79.36
11.54,102.91
6.24,65.27
19.88,137.41
8.69,84.63
6.6,71.6
13.14,100.59
7.56,76.65
3.08,54.57
13.68,110.48
4.63,59.39
19.74,143.07
16.05,124.05
5.47,72.81
2.74,56.46
7.09,82.9
4.13,59.16
5.3,73.63
5.12,72.83
6.58,74.43
7.8,76.63
15.1,112.71
3.69,55.35
15.54,120.75
6.8,79.38
15.94,123.77
9.11,87.14
14.05,106.21
9.38,85.77
2.93,56.5
5.28,69.02
2.85,61.37
14.46,105.78
16.58,117.46
4.74,68.13
18.7,131.52
17.8,131.28
18.59,132.11
14.99,113.9
13.11,107.24
5.02,64.03
11.11,97.38
10.81,93.59
12.52,103.89
7.63,73.04
19.35,128.2
7.44,76.94
8.99,81.3
12.93,97.38
13.75,107.78
6.74,73.93
18.27,132.82
12.9,100.97
18.49,128.2
6.31,67.66
1.25,42.48
2.02,55.19
7.49,72.86
14.49,118.31
9.99,95.99
19.03,133.17
5.82,66.7
14.33,111.04
7.07,79.55
4.56,63.27
16.55,124.5
9.5,94.03
4.41,58
6.8,69.87
1.06,49.55
19.15,134.49
8.57,77.91
13.07,103.47
7.76,80.71
2.64,48.73
19.4,134.73
15.27,110.28
12.29,106.29
18.32,130.7
6.23,67.86
5.35,64.69
1.07,53.99
8.13,85.29
13.39,112.5
14.7,115.55
13.41,103.8
6.23,67.8
15.29,117.2
7.4,73.75
8.93,84.21
11.5,96.95
14.82,119.24
7.53,80.27
16.55,115.83
18.02,129
5.24,62.65
4.31,68.56
13.77,108.37
13.49,104.87
4.56,68.03
15.27,112.47
11.52,98.13
2.54,47.65
10.23,89.73
3.25,59.34
2.39,49.61
17.03,126.49
7.39,76.04
8.47,84.35
19.26,138.96
18.26,132.54
11.49,92.19
1.4,45.56
19.46,137.8
14.14,113.59
12.39,104.32
7.66,75.62
12.25,98.89
11.26,91.09
9.82,83.9
10.85,94.34
11.88,100.42
10.92,101.06
7.39,75
13.26,108.01
5.96,71.69
11.11,96.45
2.96,56.05
7.58,82.41
15.31,121.74
14.42,116.78
13.45,100.68
11.53,90.64
17.29,122.63
3.85,66.67
1.1,45.5
13.38,104.22
17.51,124.71
19.62,133.96
5.21,67.99
18.52,129.92
4.01,61.74
13.88,114.68
4.25,62.04
6.8,73.37
11.85,105.74
15.37,114.6
2.43,56.84
9.99,95.96
13.19,108.14
14.97,107.99
17.73,128.58
5.05,60.61
12.73,104.53
9.29,87.81
9.34,85.21
3.37,58.95
6.65,74.04
12.11,104.44
10.56,89.33
12.98,105.8
13.98,110.3
14.76,116.26
11.13,100.14
6.66,72.67
9.38,85.05
9.52,87.54
6.96,70.86
10,86.03
4.37,60.12
18.83,129.08
8.37,80.84
5.41,70.92
10.99,101.03
16.56,121.69
6.71,79.72
13.03,102.63
1.95,53.58
7.14,70.24
13.45,113.46
6.63,79.14
19.14,138.41
15.65,115.11
19.67,133.99
6.41,75.62
12.6,105.73
7.88,82.53
9.02,87.51
6.74,75.45
17.98,134.59
6.25,73.78
5.13,64.02
4.86,60.8
7.37,74.21
2.74,52.97
1.41,44.13
16.49,125.15
2.6,51.14
10.74,88.54
1.33,44.07
2.4,47.43
13.97,106.22
8.81,90.76
17.1,124.99
9.92,94.59
13.44,102.9
4.41,69.96
7.84,77.54
16.33,114.22
18.2,131.3
8.56,80.12
4.13,65.02
6.29,73.32
18.76,131.68
16.39,121.62
1.03,51.11
17.11,121.63
17.38,125.66
12.73,109.01
18.55,137.13
19.01,129.81
6.05,66.89
2.54,56.91
6.5,76.31
10.33,92.19
16.78,116.92
9.31,85.09
11.85,97.86
4.59,67.32
16.48,126.8
3.44,60.22
19.48,129.3
4.63,57.39
7.09,69.84
7.47,73.5
17.4,132.08
1.56,49.56
8.33,86.85
17.32,119.9
1.34,41.99
17.69,129.32
17.8,122.42
5.46,73.63
13.9,107.47
3.42,61.72
5.46,70.23
5.98,71.53
8.98,88.98
6.07,66.76
18.7,134.96
15.61,111.98
16.79,119.17
2.58,52.29
17.7,131.57
14.72,118.49
1.25,52.27
4.25,55.48
11.3,94.78
13.2,109.67
17.74,123.17
15.3,109.63
18.3,128.62
7.31,82.67
6.44,75.07
16.49,120
6.21,71.49
18.46,136.83
19,137.1
11.6,98.39
16.4,119.95
4.91,72.15
4.68,63.19
3.83,62.09
19.68,138.28
7.45,83.77
10.93,98.22
16.22,117.05
15.42,117.11
15.99,117.71
19.39,131.92
3.96,65.02
12.95,102.66
13.05,104.57
6.37,78.3
19.59,141.38
9.54,89.62
4.3,61.98
18.72,126.74
4.23,56.87
2.72,58.6
16.87,127.15
18.14,127.48
2.68,60.66
18.11,124
8.79,79.87
6.97,70.09
4.52,69.2
19.61,139
12.18,100.18
17.39,124.21
19.04,128.29
6.1,77.78
16.54,125.57
2.06,47.05
4.24,63.51
9.55,92.26
9.86,92.52
6.15,75.41
10.65,92.79
13.53,110.71
6.73,74.47
12.92,104.7
8.2,86.31
1.25,51.98
6.35,70.28
13.65,106.62
3.92,55.45
18.91,135.06
13.52,109.81
16.99,124
13.62,109.6
7.64,71.78
8.55,87.19
16.85,116.46
1.58,50.3
11.69,101.33
18.05,135.21
13.6,111.89
16.02,116.07
3.28,52.72
1.8,47.78
12.83,103.99
7.66,80.86
7.67,80.04
11.35,91.51
1.44,45.01
15.15,114.41
15.84,120.28
12.79,108.25
15.24,117.5
14.4,114.19
7.47,84.29
19.26,133.22
12.97,98.77
1.96,49.64
8.48,81.68
1.51,46.66
12.74,104.91
8.21,82.4
11.93,95.55
13.39,104.04
15.91,112.32
2.54,56.92
9.35,83.32
19.19,133.96
3.43,58.95
13.55,108.11
18.59,124.62
12.05,106.18
4.61,63.08
8.03,83.95
12.98,103.37
5.21,62.02
10.29,85.09
3.97,64.34
18.09,132.26
10.21,95.07
15.53,120.84
18.54,130.7
14.75,111.07
2.07,46.33
1.64,55.67
2.94,59.38
9.64,83.29
4.39,69.67
9.69,91.47
11.17,96.79
7.28,71.26
9.33,83.83
1.51,49.51
13.85,101.63
16.43,126.44
17.64,123.27
2.05,45.74
2.85,55.93
14.94,117.98
8.52,87.33
10.18,90.41
6.94,79.76
6.08,66.41
10.46,86.78
1.01,50.88
18.34,131.27
14.23,110.06
7.07,69.28
19.53,130.68
1.23,44.87
1.08,41.81
19.74,140.5
4.8,63.04
1.16,40.72
6.22,70.8
6.31,72.97
9.51,84.09
13.45,106.18
18.22,130.35
12.69,99.9
16.97,121.6
9.49,94.1
13.04,108.96
7.34,75.68
1.58,48.26
6.98,74.85
8.02,79.95
6.79,76.21
4.75,59.1
13.15,107.57
17.23,121.5
17,130.14
17.16,127.07
11.82,96.71
3.21,57.29
18.73,134.23
9.57,81.66
13.52,106.12
15.27,114.42
15.8,113.48
17.03,119.66
16.46,120.12
1.11,49.2
13.32,103.96
10.46,93.17
11.48,100.52
13.96,109.27
1.85,51.01
11.79,100.56
11.89,94.04
17.1,127.08
4.46,66.17
15.45,113.85
13.34,102.69
7.87,84.74
15.82,124.84
1.32,52.9
16.5,116.51
5.05,72.92
4.08,66.1
1.1,53.91
17.79,133.91
13.78,107.89
13.86,106.82
9.17,83.4
6.01,71.1
5.77,71.72
9.03,79.53
3.83,61.79
2.84,51.04
10.12,93.35
6.53,68.27
3.03,62.51
14.42,112.42
10.42,91.69
7.07,70.29
2.45,52.18
7.73,80.54
9.4,88.78
7.77,79.9
5.16,64.32
6.97,71.15
13.97,106.77
1.78,54.77
9.55,82.56
5.9,69.61
16.67,125.45
2.79,58.55
12.83,104.55
19.04,135.66
11.63,101.38
18.51,131.36
10.92,98.32
5.9,69.42
6.91,75.51
11.05,98.38
13.75,110.53
10.09,95.81
14.29,110.39
15.31,109.72
19.05,127.39
19.36,140.26
16.52,127.08
16.18,121.38
1.52,45.18
2.63,52.84
6.97,69.52
2.86,59.4
12.5,95.13
9.9,93.16
6.74,80.48
9.92,89.12
10.04,94.07
12.14,97.9
2.22,51.61
12.44,100.95
8.39,82.14
13.08,108.54
12.06,96.52
17.04,123.27
14.99,116.42
14.99,116.92
17.59,124.29
6.82,77.02
1.81,55.3
9.32,85.12
3.69,63.01
6.31,79.11
6.23,70.49
11.39,93.65
15.07,109.19
19.24,136.38
19.25,132.12
5.88,76.26
19,139.95
10.41,93.99
3.25,53.58
12.36,103.98
11.49,91.73
7.32,75.58
1.07,52.47
4.73,66.63
5.92,76.54
17.89,125.6
13.62,110.51
7.6,78.63
18.02,124.61
11.01,97.95
6.89,74.31
8.56,85.93
9.43,86.16
17.09,121.67
10.41,91.09
9.49,85.18
17.54,127.04
6.53,71.38
3.1,59.64
7.67,76.85
15.94,121.34
2.09,49.41
4.64,61.74
1.99,55.69
18.13,135.37
7.28,83.61
11.21,96.41
4.93,71.74
6.79,68.36
16.62,121.13
3.7,57.83
3.61,61.81
11.47,97.3
12.83,100.2
9.35,89.67
2.69,60.64
11.64,95.48
8.03,80.19
7.82,74.54
16.29,126.3
7.29,73.1
14.81,119.74
4.69,60.98
8.76,90.89
9.9,89.59
4.24,65.24
6.46,71.49
12.43,105.66
10.84,93.36
2.86,49.21
10.87,90.01
4.31,57.91
3.24,54.19
5.61,64.06
12.8,104.07
16.71,125.69
19.27,135.44
8.6,83.99
6.45,66.92
6.82,78.22
11.92,99.65
9.95,90.48
3.13,54.49
17.15,127.5
18.11,128.52
16.5,126.84
7.32,75.87
19.02,133.26
14.34,104.89
18.43,129.62
8.32,78.62
8.94,78.77
15.69,112.66
7.89,84.08
6.19,70.39
15.85,119.64
19.37,128.47
3.5,54.81
15.25,112.81
19.45,136.64
1.58,47.14
4.84,63.05
6.97,74.29
7.33,81.8
5.89,70.24
9.84,84.98
1.25,47
19.14,136.98
19.03,138.13
19.14,128.11
2.24,53.43
6.59,73.45
14.14,103.7
8.33,84.63
6.51,80.22
3.49,58.5
9.41,85.82
1.21,42.28
7.69,74.84
16.71,123.26
9.21,84.64
15.93,112.11
16.55,122.29
17.97,129.52
17.63,120.34
17.06,117.5
1.53,51.83
17.75,131.47
10.46,96.21
6.66,77.21
15.66,114.24
11.94,99.55
17.61,129.85
7.2,72.31
15.97,120.93
10.61,95.31
11.97,102.97
12.51,100.39
2.3,54.05
15.59,117.46
3.69,65.24
1.59,50.47
19.6,141.19
4.03,61.46
16.95,123.91
15.4,121.06
4.59,64.93
12.91,108.62
6.08,78.14
11.59,103.18
8.9,85.33
1.48,50.02
15.2,118.17
10.12,88.58
19.69,140.2
4.61,63.81
11.28,90.77
16.89,127.24
4.61,58.14
7.12,69.96
17.56,130.24
10.24,89.52
10.29,92.31
14.04,110.48
15.54,116.5
9.44,90.78
10.2,91.09
12.75,99.39
14.3,112.14
16.07,124.7
15.01,118.64
17.15,121.46
2.3,47.38
18.38,125.79
8.32,77.08
3.7,58.68
9.61,82.82
1.58,47.3
11.86,97.99
5.42,73.89
14.6,107.6
2.01,52.48
14.18,104.59
2.82,50.51
18.01,132.79
15.36,118.35
9.67,93.3
10.79,99.75
18.54,135.98
5.69,68.03
15.08,119.28
19.4,129.52
3.79,57.37
15.54,117.24
6.52,76.02
16.64,115.44
13.71,109.9
15.81,116.57
4.77,68.81
17.1,121.3
10.45,97.81
8.74,79.5
5.18,64.06
1.64,47.14
10.64,86.93
3.7,58.78
17.9,132.07
14.88,107.71
5.13,62.46
18,129.78
9.57,84.71
2.77,50.21
8.2,76.24
7.59,80.2
12.49,106.88
16.96,119.55
8.08,82.09
12.72,104.44
2.16,46
7.23,75.16
9.08,78.78
5.52,68.08
18.34,130.28
18.75,137.9
13.04,109.61
9.57,92.78
16.45,120.5
15.37,114.68
16.23,120.05
16.32,124.92
19.49,136.18
12.78,109.48
2.73,58.28
2.5,59.93
19.36,132.68
8.63,78.54
10.24,93.39
10.49,85.61
7.62,77.57
13.63,109.17
2.27,51.98
6.59,72.29
2.7,61.8
12.49,96.69
2.84,52.71
11.21,101.13
16.52,127.86
6.89,81.91
18.6,128.35
7.05,81.53
17.6,131.08
7.37,78.42
14.32,111.9
5.19,71.51
4.53,68.43
12.1,103.66
17.94,124.44
3.13,52.23
18.96,138.94
10.64,92.9
12.94,105.96
5.7,75.25
2.95,50.92
12.64,101.77
17.22,123.44
14.06,103.35
13.85,109.17
6.47,75.33
6.4,65.86
1.44,54.78
17.5,132.06
18.74,130.31
4.53,66.77
8.99,88.72
19.99,141.52
8.84,88.26
19.27,132.12
19.49,133.48
5.75,75.28
16.34,125.42
11.51,95.34
7.95,82.57
5.17,72.81
10.42,91.08
13.42,110.71
17.27,125.96
6.56,77.83
11.11,89.57
14.87,112.8
11.73,99.83
16.66,119.93
7.57,74.92
17.45,130.25
2.47,58.64
3.5,53.1
15.3,113.24
8.74,84.66
7.88,83.8
6.72,78.2
6.22,77.73
9.16,85.69
19.97,135.77
16.33,119.6
15.75,124.25
1.16,43.32
14.62,117.78
18.94,139.69
8.83,80.56
6.95,70.91
5.8,67.38
2.39,51.51
17.8,127.46
10.52,92.84
10.75,89.54
13.78,105.62
1.33,43.77
9.28,82.04
2.06,45.73
5.06,69.13
13.2,107.54
4.97,70.03
17.66,127.81
16.92,120.39
16.06,125.99
10.1,85.33
10.86,101.11
17.21,121.38
5.11,65.91
12.85,110.34
10.19,91.31
1.75,45.36
4.71,61.11
14.3,113.27
19.28,138.53
15.61,114.77
13.97,105.74
5.19,63.76
17.62,124.37
18.79,129.96
15.23,120.37
15.1,107.88
5.27,64.91
14.38,107.89
7.49,82.79
6.07,74.43
15.56,110.86
2.13,48.48
7.8,75.8
9.58,87.14
19.62,141.4
4.44,56.62
1.55,48.63
13.11,108.83
7.96,82.74
12.86,104.38
12.75,99.2
14.01,114.45
1.88,44.7
6.92,78.37
9.18,90.6
12.88,107.67
13.96,115.8
7.51,84.72
3.52,55.18
3.36,58.16
14.3,116.79
12.62,99.37
8.43,80.45
15.35,117.1
16.9,127.77
5.53,71.91
16.55,119.51
2.72,52.25
19.78,132.05
16.45,125.88
5.4,61.79
12.34,97.13
8.21,75.9
9.63,83.23
5.28,65.19
7.72,80.25
1.78,55.61
13.84,108.78
2.08,54.55
11.92,94.67
12.39,105.73
2.33,48.12
17.03,126.37
19.01,134.57
8.28,87.31
16.21,123.75
2.36,56.75
15.89,115.27
16.89,117.34
18.31,135.39
8.97,87.87
19.63,129.78
5.73,73.49
9.39,81.53
17.94,129.73
16.17,113.66
16.11,117.51
7.89,77.74
6.06,72.16
9.51,90.11
17.94,132.56
7.05,76.29
17.26,125.88
10.29,90.03
17.3,122.84
4.48,67.41
11.97,98.65
1.88,56.03
18.08,123.46
9.17,82.12
7.45,82.85
16.8,115.82
8.49,76.73
6.96,73.51
15.03,113.15
19.7,131.05
10.55,95.5
17.43,118.81
2.27,56.61
14.7,106.88
2.47,47.34
14.19,113.52
13.15,108.32
16.14,121.86
17.98,128.88
12.68,109.57
9.04,87.52
15.89,123.1
4.67,60.32
2.38,54.51
19.78,139.2
3.95,55.19
11.14,97.09
8.4,75.52
15.56,110.43
4.61,57.61
19.17,128.48
16.59,116.29
12.84,106.9
13.95,112.46
9.84,96.11
9.06,83.68
15.1,117.56
9.87,90.29
16.55,126.39
15.11,118.24
16.65,124.79
15.45,115.65
12.95,109.42
6.64,70.13
12.27,103.48
6.88,68.56
15.9,114.9
17.95,129.96
12.87,105.84
7.69,72.07
4.27,64.98
15.03,111.06
10.02,87.64
8.52,80.25
14.73,117.53
8.23,75.84
3.46,51.72
16.28,123.18
15.48,110.35
9.45,83.79
15.53,115.48
4.74,58.63
13.9,115.11
4.65,62.76
16.57,123.97
13.61,100.42
18.12,122.99
17.92,127.74
8.18,77.58
16.01,116.85
4.58,67.94
19.91,132.38
17.52,119.55
10.35,98.28
5.47,62.21
3.7,60.04
2.46,54.51
13.76,103.91
12.15,99.5
19.16,139.6
9.72,82.15
13.82,114.36
17.51,131.85
13.69,109.66
15.93,121.88
11.83,93.49
7.19,69.99
11.43,101.29
2.62,51.19
5.46,75.1
13.86,115.22
3.91,59.63
18.16,134.18
5.88,73.03
6.36,75.48
8.08,74.71
17.62,133.11
13.27,107.36
12.74,99.05
6.89,72.42
12.62,104.67
7.85,74.96
2.38,56.67
19.21,134.17
18.04,124.09
13.25,101.2
1.86,46.59
14.18,105.77
4.7,66.79
4.39,69.08
7.95,80.59
12.11,95.46
10.03,93.25
1.8,51.29
1.39,44.76
10.7,99.54
7.58,75.18
10.31,86.98
4.7,68.42
2.73,60.77
10.53,89.79
11.22,97.21
12.89,101.88
9.24,93.13
10.17,94.72
7.97,78.99
6.12,70.43
14.07,114.86
15.2,115.9
11.09,99.86
6.26,71.91
8.88,89.79
2.1,51.29
19.78,130.04
6.46,77.6
15.63,112.27
4.34,58.05
18.75,137.76
1.63,48.4
10.42,96.55
17.61,127.37
9.61,92.33
5.76,72.62
14.86,110.17
5.87,74.18
19.69,132.7
18.36,134.56
12.82,101.02
8.49,82.98
12.22,102.46
15.68,114.74
15.61,120.8
6.2,68.75
2.04,51.22
4.95,65.7
9.66,90.27
2.05,56.87
15.7,122.99
8.53,82.02
14.53,116.04
13.25,108.09
9.99,84.85
15.98,115.43
4.52,62.5
12.03,97.71
14.93,108.95
18.12,128.23
16.53,123.54
5.32,63.89
7.2,72.44
9.01,79.64
7.5,74.26
6.53,67.05
7.98,82.46
12.8,102.38
12.22,98.24
13.06,105.49
6.26,73.34
2.6,49.88
12.58,97.62
8.97,82.81
11.58,102.8
15.28,110.71
12.32,95.48
11.4,98.05
8.15,84.77
6.16,77.51
13.11,102.41
9.04,78.7
19.53,130.69
13.68,104.57
6.16,65.62
1.49,52.71
17.63,123.5
6.96,70.23
17.22,124.05
6.58,71.73
18.18,124.47
5.39,63.86
15.04,118.08
16.62,127.92
1.7,48.38
14.02,115.61
6.26,71.94
17.57,121.83
1.81,51.78
3.03,54.53
12.73,105.61
14.19,111.72
19.06,133.6
7.04,68.86
7.26,71.16
4.07,66.45
7.13,77.06
2.4,47.54
16.85,126.78
14.64,117.52
7.51,84.1
18.4,129.28
13.33,102.26
13.11,104.08
14.64,109.94
7.42,81.55
9.38,82.28
12.35,101.28
8.41,78.82
6.03,76.91
18.13,132.57
11.67,101.06
2.16,56.04
17.03,116.82
9.03,86.23
19.62,129.49
11.11,101.89
11.39,101.72
12.29,106.91
6.61,70.11
17.19,130.22
12.17,99.64
10.7,99.4
15.59,120.85
6.37,66.88
13.37,103.21
17.87,120.86
12.58,101.14
2.38,54.67
18.7,125.23
19.94,144.56
9.18,79.29
1.86,53.09
10.29,84.85
8.75,88.54
1,47.29
19.98,144.15
18.34,123.08
11.37,100.68
7.04,80.96
18.51,127.89
6.74,77.85
2.13,49.62
19.98,143.37
1.26,41.1
11.59,103.89
1.09,44.47
19.46,135.51
11.01,99.04
19.63,143.02
16.91,117.51
10.23,95.13
8.92,81.06
4.7,69.87
5.18,72.99
9.32,81.89
16.24,122.98
8.04,76.94
13.18,98.69
1.04,48.82
5.6,63.43
15.59,114.05
17.08,118.98
12.05,95.09
16.67,127.02
12.19,93.89
2.6,58.48
2.2,59.3
2.25,55.46
3.78,56.79
4.05,67.72
8.52,76.82
12.84,109.19
7.4,83.76
6.88,73.59
9.93,91.37
16.6,116.85
9.34,85.65
17.61,127.04
7.03,77.97
19.78,142.84
4.99,69.2
16.22,124.51
12.81,105.1
12.58,100.79
6.82,69.12
18.98,137.3
11.22,89.47
6.44,79.84
1.21,45.4
4.72,65.36
16.76,120.63
10.78,94.06
6.21,70.08
8.51,88.51
6.99,78.35
6.16,74.69
2.25,58.97
2.83,49.5
12.94,106.94
8.88,84.99
1.83,45.38
3.11,61.9
6.48,73.72
18.05,133.02
11.08,89.7
17.78,127.51
2.68,60.41
16.06,122.46
16.31,113.8
13.7,101.53
15.98,125.64
3.49,60.68
14.46,115.03
11.05,90.9
3.45,62.36
11.48,96.51
11.51,101.32
3.66,64.75
3.86,54.04
15.53,120.7
7.84,76.48
8.76,79.84
16.78,125.89
16.69,121.78
8.48,75.87
18.23,125.15
1.54,46.24
5.31,70.02
1.33,49.18
3.15,62.16
15.19,120.07
16.08,121.53
17.34,123.54
9.97,96.71
14.39,104.18
8.57,76.58
6.58,67.74
5.97,69.49
5.16,73.07
10.29,91.9
5.29,69.99
6.23,77.47
8.69,80.67
9.02,85.39
4.8,71.64
6.98,75.96
14.01,110.01
12.7,106.93
16.49,126.68
10.51,95.96
12.58,108.83
10.77,90.08
9.61,81.82
8.33,87.05
19.89,131.84
7.83,84.76
7.04,71.68
17.96,123.48
7.95,84.06
15.85,116.84
16.05,124.73
2.02,53.3
14.7,118.23
4.78,65.99
2.9,50.58
11.82,92.87
12.43,100.43
1.56,53.61
6.47,79.53
4.36,57.62
10.04,86.94
14.66,113.28
10.8,93.69
16.8,120.61
9.3,87.16
11.94,96.97
13.5,107.2
14.35,109.32
5.09,66.6
9.06,91.8
5.22,68.43
19.58,133.13
10.44,97.64
2.23,55.46
11.95,104.56
10.19,93.31
11.64,91.68
11.46,101.94
10.32,87.51
3.22,53.8
5.24,65.07
6.26,76.9
19.79,133.81
2.66,48.15
2.95,55.92
17.68,133.32
10.85,96.13
19.58,130.46
4.57,70.37
18.93,134.21
9.06,79.8
12.58,107.73
14.73,113.89
11.3,90.66
15.12,119.1
14.79,119.53
8.71,77.17
11.63,93.23
6.81,79.41
10.25,92.51
18.06,127.87
17.12,128.32
3.92,58.58
15.69,118.81
13.28,101.12
4.67,68.34
6.05,66.99
6.87,68.14
1.33,48.08
2.59,58.97
12.45,102.19
12.23,94.87
15.17,113.2
6.75,69.73
9.68,84.08
13.02,98.09
14.17,110.39
7.23,80.73
3.29,58.14
10.93,91.53
18.5,125.27
11.34,91.93
17.41,119.55
16.04,114.93
2.42,59.03
6.1,73.67
5.29,64.78
12.32,101.46
2.55,50.95
12.17,98.03
12.74,103.9
14.5,107.66
4.03,59.83
1.2,46.45
5.55,72.97
7.39,70.98
3.67,57.69
18.65,129.56
6.85,78.89
14.65,112.55
3,55.99
17.96,127.29
12.35,107.05
11.99,101.11
7.26,77.14
14.3,114.85
6.58,72.64
7.81,84.5
11.35,92.39
6.61,70.45
4.05,62.4
6.29,66.8
10.68,94.01
10.2,91.45
1.33,51.71
4.88,70.51
18.02,127.22
9.68,82.12
11.08,99.88
7.25,70.7
10.2,84.26
3.41,56.43
7.02,76.9
13.7,108.96
13.84,110.67
6.38,67.29
7.85,85.89
7.97,75.88
6.94,72.56
11.44,97.68
15.04,115.15
16.53,115.33
16.44,119.43
4.1,62.83
13.67,105.62
12.23,107.53
12.77,105.42
11.64,96.91
17.13,117.8
4.5,69.46
19.21,140.51
15.78,122.77
3.74,64.72
11.86,96.2
18.31,126.49
13.68,113.4
11.39,92.32
12,104.51
16.2,121.67
18.43,127.02
10.03,90.37
2.19,57.83
17.82,124.9
17.97,122.28
8.17,75.49
18.17,125.93
8.12,85.1
6.47,73.34
13.26,111.69
16.5,126.96
15.16,108.77
12.09,103.29
17.04,127.66
19.3,138.92
8.22,86.49
7.25,75.64
5.82,64.58
8.46,84.39
10.72,99.31
5.25,74.04
14.69,109.63
6.28,78.05
10.24,90.11
1.43,45.75
16.69,124.27
19.55,140.59
7.34,76.13
5.7,73.5
7.89,83.67
18.05,127.67
13.39,103.54
14.48,112.44
3.41,61.61
4.51,63.79
16.29,118.83
17.18,124.76
1.43,48.53
5.01,60.15
9.22,87.55
18.04,127.85
10.02,86.06
17.78,124.72
6.17,78.56
16.39,120.83
4.05,66.77
15.48,110.81
6.61,76.92
2.42,51.36
1.94,54.03
19.91,133.31
3.87,63.55
6.35,74.62
15.39,119.03
2.13,56.62
18.68,132.48
11.01,94.63
4.99,66.98
7.05,82.07
5.48,68.31
12.91,110.05
12.89,97.96
8.43,77.04
11.75,97
3.71,59.94
16.26,114.54
7.34,80.66
1.25,52.34
5.16,59.9
14.79,111.57
13.05,99.01
6.24,66.38
5.41,74.78
10.08,90.01
1.35,51.87
19.55,138.02
5.86,73.76
10,91.41
2.34,54.76
6.66,68.49
7.37,84.33
19.96,142.53
13.57,108.64
18.74,134.41
11.91,104.14
2.1,46.71
4.75,68.87
7.5,78.28
1.69,52.79
11.5,95.96
13.78,102.53
7.17,72.18
9.73,86.2
15.22,121.41
11.28,98.31
18.2,124.55
15.76,122.64
2.36,53.58
8.52,84.64
11.09,92.45
9.74,83.09
5.01,69.76
9.87,91.39
12.05,101.54
13.65,107.18
11.17,97.76
18.53,135.18
4.61,69.44
4.81,66.42
16.59,127.32
19.9,133.24
8.18,79.34
6.61,70.78
6.51,73.92
18.19,122.7
10.58,95.57
4.66,61.24
19.45,135.34
12.61,99.71
1.45,52.23
11.44,94.95
7.79,75.63
7.93,73.48
11.62,97.32
13.31,101.66
8.42,82.33
2.49,47.88
6.42,66.66
9,87.06
15.23,109.39
10.69,92.46
12.95,109.66
6.53,74.52
9.59,91.31
5.81,66.91
6.26,74.82
16.58,121.61
15.76,123.83
11.37,94.44
10.43,95.51
4.27,60.9
10.24,84.39
17.94,135.07
15.71,111.8
8.39,80.41
8.02,74.59
10.25,96.4
15.43,122.01
10.08,95.23
2.81,50.66
9.9,82.99
11,100.02
6.95,71.19
8.22,79.31
19.41,138.16
3.77,60.3
7.59,72.24
9.81,82.68
19.73,138.18
11.82,103.58
3.57,53.71
18.15,124.97
2.21,55.8
16.72,127.18
13.89,109.1
13.77,111.06
15.95,123.47
11.21,90.63
11.78,104.16
12.06,103.75
2.68,54.56
14.85,114.49
19.03,136.86
1.14,46.1
7.98,78.91
19.53,131.27
6.72,76.07
18.62,137.37
9,89.45
17.03,127.17
1.4,52.17
6.31,73.94
4.6,70.28
13.39,111.31
16.66,117.49
12.88,101.33
6.92,73.53
11.35,100.57
19.21,136.23
3.46,54.33
10.39,95.82
17.59,126.43
5.35,72.15
17.16,124.08
14.18,107.02
18.04,131.3
16.9,119.5
7.55,76.22
3.13,55.69
16.03,125.46
1.54,53.04
12.04,104.62
19.99,138.63
19.44,142
11.61,98.54
4.24,66.3
6.28,65.7
14.71,115.63
19.36,138.08
18.24,134.44
19.42,138.57
3.91,64.97
13.58,105.88
12.82,105.91
9.41,83.27
9.61,93.27
16.75,122.48
7.61,85.1
9.87,89.44
9.78,82.01
3.59,65.55
16.17,123.74
2.6,52.43
11.63,94.41
5.97,71.06
4.04,65.53
6.49,68.13
17.29,120.58
5.43,64.87
4.69,65.53
10.93,91.24
14.57,111.95
11.96,98.25
13.41,100.59
19.63,131.46
11.52,100.79
6.33,78.33
1.21,42.58
14.88,117.58
1.04,40.9
11.81,99.44
10.51,97.23
13.27,110.52
7.33,83.94
10.35,91.79
9.96,87.6
3.79,57.62
5.37,65.23
7.19,78.48
2,49.55
15.46,120.63
17.28,119.43
15.89,114.36
3.51,64.97
10.28,88.97
5.62,70.39
1.82,47.44
13.32,102.82
19.75,138.13
19.63,134.03
12.07,98.92
4.68,64.76
11.69,91.37
5.44,65.11
16.84,122.25
18.66,134.24
19.64,131.59
2.18,59.21
13.2,101.44
16.49,123.31
2.55,58.53
2.05,56.59
11.33,93.1
3.86,55.73
5.02,66.55
6.3,71.31
17.2,131.3
9.11,91.57
9.96,95.75
11.18,101.07
11.66,95.13
10.4,95.94
15.59,113.91
18.81,129.5
2.03,57.99
1.78,57.1
14.06,116.06
15.98,115.48
13.02,101.71
8.27,78.92
4.31,58.27
15.93,117.56
17.18,128.16
11.77,99.99
1.5,48.81
10.99,89.39
13.76,111.14
15.98,113.03
4.83,67.53
7.24,69.79
9.02,79.16
3.27,62.41
18.8,131.58
8.05,86.22
11.93,95.88
11.43,94.01
13.93,108.44
3.59,59.87
7.33,70.29
7.39,83.47
16.86,129.8
4.25,62.3
1.61,48.84
13.89,113.34
6.97,70.67
4.05,55.04
7.67,84.01
14.06,109.23
18.35,134.02
6.88,71.49
7.45,73.04
13.93,108.77
10.31,94.26
1.84,57.51
5.84,71.25
15.96,118.43
19.18,136.87
1.34,42.03
5.04,63.27
17.36,132.15
2.75,48.46
9.28,85.03
13.33,103.44
14.49,110.04
3.92,58.99
14.08,107.54
12.36,96.89
13.13,98.17
6.98,76.49
6.71,80.63
15.74,110.79
6.68,69.25
18.22,132.43
4.59,61.4
10.23,87.91
17.33,122.47
10.01,95.56
5.46,61.71
7.23,83.54
10.14,88.18
13.3,106.17
4.25,66.18
14.76,114.6
3.08,60
16.59,117.12
15.74,120.84
5.93,69.8
12,93.59
13.33,99.36
8.34,80.09
16.74,122.44
1.5,46.5
7.7,83.46
14.62,118.87
12.42,96.11
12.83,100.65
16.91,122.32
19.95,138.66
16.13,125.56
12.61,99.73
12.91,96.97
8.94,85.83
6.15,74.18
13.6,109.16
12.49,102.45
17.91,131.7
18.47,127.35
11.3,93.02
11.89,95.25
3.25,53.89
17.85,128.25
2.6,55.65
12.79,99.26
19.74,134.26
12.31,104.04
10.25,86.1
6.79,80.35
5.79,72.95
12.02,95.02
18.39,130.46
13.27,98.99
11.6,99.35
3.68,66.01
8.88,81.01
18.74,137.95
15.35,120.44
16.32,124.49
3.73,63.43
7.56,82.45
11.18,90.65
12.5,104.43
18.28,128.58
8.22,76.89
8.27,81.8
4.02,67.7
1.52,51.31
2.88,51.01
16.7,122.56
12.01,94.4
10.15,84.23
4.54,58.66
1.37,53.38
4.47,56.77
8.73,85.48
16.48,115.3
12.8,105.39
1.25,50.74
17.72,121.29
7.27,76.07
19.86,133.36
4.49,67.51
1.37,44.7
15.1,114.55
14.48,113.13
1.44,48.48
8.72,80.09
1.67,49.2
8.28,79.06
1.82,43.82
16.37,117.03
6.39,77.25
16.09,125.47
14.48,115.54
5.3,72.49
12.14,103.86
7.48,73.36
1.6,42.68
5.57,71.78
16.35,120.77
16.2,120.05
19.32,139.17
13.96,104.39
3.64,64.26
8.52,80.31
12.74,98.61
12.62,95.61
9.77,91.31
4.57,66.83
6.45,67.4
12.51,98.02
11.14,96.25
15.59,119.96
6.41,74.29
7.95,85.16
19.65,137.01
6.09,69.81
12.34,96.2
12.98,110.78
3.05,59.65
14,115.64
7.46,79.24
8.7,83.66
10.67,88.48
10.72,87.66
1.81,56.74
10.57,91.11
10.67,95.5
14.09,105.61
14.84,109.71
8.62,85.31
8.62,87.94
17.39,131.31
16.57,122.26
8.59,83.01
10.62,97.6
19.15,131.89
17.08,130.9
3.06,58.06
1.8,53.8
1.99,55.19
19.55,138.75
5.41,66.34
16.26,117.18
12.38,94.61
7.66,74.57
13.88,106.13
13.5,106.47
18.29,126.49
5.43,65.33
19.38,133.28
17.17,122.31
19.84,139
19.53,138.59
19.39,134.54
3.43,61.06
13.85,114.41
16.02,111.96
18.74,138.76
13.55,100.86
2.35,53.41
7.49,76.32
17.29,124.11
16.13,119.67
7,70.56
3.71,63.89
3.63,53.02
12.65,107.27
13.46,112.44
15.64,120.17
11.61,97.65
6.47,69.61
16.73,119.29
17.92,128.51
11.96,102.63
6.27,78.4
15.37,110.21
2.82,53.6
18.65,135.37
6.98,80.5
11.68,101.73
11.54,98.07
11.38,98.83
5.1,62.26
17.87,126.16
10.07,92.84
15.89,116.49
10.42,92.47
11.05,89.01
8.35,77.24
19.22,140.13
16.27,118.11
8.28,77.65
5.01,63.75
4.97,64.41
4.11,58.81
14.51,116.72
4.44,59.79
13.41,101.58
1.68,54.32
14.41,107.02
11.34,101.32
17.6,119.99
4.42,63.42
8.21,74.63
2.71,60.02
14.42,112.97
7.51,71.89
15.44,112.71
10.25,86.29
7.51,79.79
15.19,115.08
8.63,86.07
9.25,89.31
15.21,111.47
8.64,81.57
4.91,66.47
12.85,98.72
8.38,84.95
5.19,61.11
11.6,96.03
10.81,97.83
6.17,74.2
19.07,129.71
15.65,119.9
18.63,128.43
6.77,68.18
18.51,125.18
17.17,117.5
9.2,91.53
19.03,131.87
12.36,108.25
11.7,100.56
11.85,93.59
5.08,70.85
19.06,126.75
16.59,127.78
17.79,123.22
18.83,135.14
13.11,103.75
8.23,88.44
15.05,119.41
8.47,83.02
19.96,137.99
17.24,119.06
19.87,142.58
4.84,69.91
17.34,121.03
1.55,52.88
9.43,93.88
11.8,93.71
3.99,67.86
10.54,99.23
3.16,57.67
16.49,114.59
7.94,81.22
12.97,106
7.32,79.44
5.57,64.22
15.05,108.98
15.94,121.94
13.19,111.04
6.34,73.35
8.15,86.37
18.77,125.42
10.57,93.19
19.86,139.93
2.54,54.52
10.8,90.9
16.79,120.36
16.97,127.94
1.94,45.11
13.14,99.22
7.07,70.01
16.27,118.53
7.87,75.31
12.37,98.19
12.47,100.1
15.97,116.63
6.5,70.5
14.12,113.37
5.1,63.36
7.83,82.42
8.86,78.89
7.69,74.77
7.9,77.34
15.84,124.51
11.62,98.91
12.51,107.33
10.81,89.02
7.99,84.73
11.17,100.17
16.58,121.61
16.35,124.5
3.92,64.09
14.2,105.57
15.84,114.02
5.68,66.79
17.5,129.26
6.74,67.88
2.52,54.83
15.09,111.62
5.38,62.53
14.61,108.95
16.31,120.78
18.91,133.85
11.4,94.87
8.26,75.89
11.62,101.63
17.86,132.01
13.09,111.83
13.17,105.76
15.68,119.74
9.87,88.37
1.91,52.26
7.57,79.36
7.58,80.96
14.3,107.43
12.62,105.77
6.61,75.78
12.27,102.26
16.58,124.1
6.4,69.05
10.09,95.95
10.55,98.94
4.37,59.19
7.12,72.18
3.45,63.66
6.86,74.17
19.08,140.43
15.32,112.79
12.32,105.63
8.15,80.61
13.83,106.3
4.32,69.41
1.48,50.58
8.62,85.06
11.92,98.2
17.13,129.43
17.21,118.38
18.37,128.76
14.63,105.23
3.4,54.21
3.17,64.18
3.07,61.42
19.56,129.5
4.23,58.71
11.63,101.9
19.5,132.42
16.36,124.74
19.98,142.51
12.15,99.51
15.03,109.62
16.85,121.87
16.94,130.1
19.78,133.82
13.09,97.98
5.71,65.19
16.03,119.91
10.59,88.32
19.52,131.14
1.44,45.71
16.38,127.54
4.68,62.81
10.88,87.33
18.89,125.98
19.83,130.34
12.68,107.66
4.71,69.58
9.19,92.15
4.44,64.12
16.56,116.64
2.71,50.68
5.08,60.03
17.87,130.06
4.05,54.94
15.87,122.52
15.69,124.2
10.73,92.37
18.32,128.31
19.51,129.78
12.83,104.36
17.84,120.86
14.22,115.6
9.3,83.25
8.6,87.86
3.47,63.37
14.94,109.1
6.19,76.73
15.55,122.32
16.5,122.77
18.03,129.82
10.28,85.8
3.16,52.47
9.48,89.58
11.96,99.11
17.61,125.42
2.9,50.11
5.7,63.79
8.06,74.04
4.97,58.93
19.59,138.07
6.1,68.94
11.89,101.93
15.5,115.69
15.29,112.31
16.23,117.22
10.1,87.06
3.39,57.32
3.55,57.51
3.08,50.83
10.66,89.48
7.4,77.1
7.22,75.73
9.84,86.31
3.57,53.96
7.34,80.47
12.55,103.06
10.62,97.52
13.03,97.84
14.58,117.79
14.83,117.56
18.12,127.68
12.96,108.85
16.34,116.06
3.42,64.17
7.2,74.61
10.06,84.98
2.04,47.42
19.25,135.32
15.44,114.35
9.25,85.61
14.55,106.06
18.72,130.12
2.58,52.34
13.54,103.89
17.36,128.44
19.07,130.57
19.94,135.35
1.39,48.83
14.73,116.62
12.19,102.03
5.74,68.58
14.43,111.02
6.71,67.89
7.8,80.63
4.4,68.79
13.69,109.16
7.18,79.81
16.18,120.39
11.76,94.68
17.26,125.2
10.75,98.55
8.26,83.49
16.22,116.6
6.3,77.52
3.65,61.35
5.12,59.64
7.84,79.3
17.63,127.55
18.56,124.7
12.06,103.21
12.35,97.13
4.61,66.06
5.32,65.7
5.91,65.86
17.16,117.77
17.59,129.21
11.64,102.18
14,114.92
17.22,120.03
19.71,142.25
8.7,79.3
18.38,126.9
9.87,95.75
3.14,57.15
7.74,81.65
8.56,81.81
14.67,110.42
6.82,81.26
11.56,99.91
11.72,105.1
4.02,62.53
16.59,123.42
9.91,90.93
5.27,64.84
10.91,97.96
13.74,114.31
18.92,138.23
15.94,114.14
14.46,112.67
1.06,44.63
12.37,108.02
6.21,66.56
2.45,49.8
6.26,70.61
10.94,92.63
4.28,60.55
1.82,43.94
5.88,63.7
6.44,76.46
2.4,49.7
1.03,47.12
16.62,125.77
5.88,66.26
3.67,55.73
11.43,95.03
12.07,106.08
5.54,68.17
8.26,82.41
1.54,48
6.96,70.27
9.01,80.69
15.13,111.81
8.27,84.2
4.73,65.08
13.07,102.2
1.07,41.58
7.02,78.33
17.7,127.54
18.6,133.51
10.27,90.65
15.87,118.83
7.5,73.16
9.37,83
12.34,101.29
15.52,113.56
12.06,103.57
12.79,108.21
3.67,59.19
8.31,77.94
3,57.91
14.64,117.26
10.33,92.73
7.09,73.21
5.43,71.7
12.6,105.49
11.34,97.92
11.09,97.22
5.25,69.54
18.91,136.72
10.42,97.92
6.69,67.61
4.83,61.95
11.8,93.52
9.15,81.22
12.13,100.71
18.15,131.47
6.95,74.54
14.59,111.05
14.15,104.67
5.37,65.9
1.89,56.71
5.29,61.04
5.64,68.24
12.85,97.58
2.23,49.24
7.83,85.14
10.1,91.17
5.63,62.36
16.02,123.39
17.69,124.39
17.13,128.38
19.27,141.36
15.83,120.3
11.61,98.55
18.87,135.58
4.18,64.56
1.94,54.89
13.43,110.4
14.3,117.55
8.44,87.04
14.38,107.19
4.28,64.78
19.51,135.82
14.94,117.77
17.93,130.8
19.25,134.6
7.98,79.43
3.04,60.05
2.04,53.71
12.53,95.37
8.65,81.85
6.66,72.64
10.73,98.01
3.91,60.18
1.08,48.82
16.76,119.83
7.39,81.95
12.82,104.65
6.45,71.13
13.34,109.12
11.5,98.1
7.68,85.37
13.54,102.2
12.78,96.38
13.37,112.88
3.82,67.26
5.6,64.69
16.69,124.14
8.72,86.19
5.74,67.67
12.23,106.2
14.17,114.1
1.26,50.33
2.86,51.07
15.16,112.42
18.53,128.99
11.17,92.1
18.66,131.99
11.94,105.2
5.38,70.78
13.57,111.74
4.33,67.32
9.59,81.3
18.26,135.06
15.85,123.26
13.79,107.24
5.25,69.57
4.63,62.96
8,86.04
14.17,104.07
10.62,91.26
9.3,88.65
13.88,109.86
15.75,120.53
6.52,79.71
3.37,61.21
15.38,120.62
8.27,88.38
17.23,123.94
13.5,99.95
15.53,109.93
7.8,75.63
19.84,131.08
19.71,132.5
12.59,98.26
4.9,59.85
11.55,93.9
1.58,55.12
18.04,127.7
4.35,64.87
6.89,78.8
18.87,136.16
4.52,59.36
4.2,56.08
2.84,60.59
3.6,56.32
11.67,101.54
9.35,93.35
6.95,74.58
4.6,58.66
10.99,98.08
3.54,54.22
14.39,110.36
10.38,96.47
4.56,66.15
12.74,97.69
9.84,83.71
15.62,116.33
15.71,118.2
13.03,109.35
13.48,105.11
7.91,78.28
9.68,90.82
5.89,70.08
18.79,131.71
8.08,87.09
10.17,86.67
13.93,106.65
12.32,97.73
11.84,99.67
12.81,98.57
16.05,119.49
18.44,123.59
3.97,58.65
18.63,126.43
12.06,95.72
16.97,129.73
6.86,72.65
16.42,119.7
7.74,76.22
18.77,125.59
11.56,96.52
9.04,89.72
15.29,120.38
14.27,113.43
19.2,135.23
7.66,82.96
12.26,107.44
3.98,64.71
2.87,59.77
12.96,106.55
10.92,89.92
15.83,113.96
17.99,129.8
2.26,55.18
10.06,90.41
14.53,109.34
5.05,61.45
17.53,123.05
19.19,127.91
6.89,76.65
6.8,78.41
12.47,102.26
3.23,52.31
19.99,143.85
1.89,45.8
9.38,85.09
13.62,113.63
9.33,88.41
19.97,131.01
15.04,108.33
11.88,104.79
19.99,141.97
6.18,73.4
18.56,136.03
12.56,101.44
11.57,98.04
5.11,65.36
14.08,106.35
13.65,105.41
12.21,98.1
18.2,129.8
10.51,99.08
18.52,135.4
12.49,100.02
9.54,91.77
9.09,83.57
16.09,125.02
17.25,119.46
3.16,53.15
5.99,67.78
14.69,114.47
8.41,86.8
5.7,64.99
19.81,143.63
15.11,116.14
8.64,77.11
1.59,43.87
11,98.54
18.33,126.63
18.02,127.37
1.59,50.16
16.23,115.53
10.44,93.06
13.69,104.84
11.83,94.57
3.71,64.77
1.22,46.93
12.29,101.75
18.24,124.55
19.46,136.63
2.03,52.45
5.51,67.78
5.45,71.87
16.45,121.28
19.13,138.85
15.42,116.35
10.11,87.38
12.75,100.48
5.53,69.51
3.89,61.45
18.66,135.05
8.58,80.95
18.18,132.62
15.79,119.44
13.53,110.18
4.33,57.28
10.69,92.19
5.27,62.55
15.78,116.62
5.48,68.78
2.37,51.34
9.88,84.86
10.17,89.33
14.44,110.52
15.82,114.47
7.67,77.47
18.68,137.49
9.44,80.99
10.93,96.07
8.23,83.46
18.46,134.74
5.2,67.24
5.23,61.92
16.63,115.65
8.2,85.64
5.65,70.69
19.83,138.95
3.35,59.98
14,111.71
19.57,133.89
2.65,56.02
13.12,106.5
15.58,118.87
6.1,75.44
14.19,106.7
13.68,100.92
2.03,52.65
16.31,125.01
10.67,89.36
16.51,118.44
4.92,66.51
17.54,120.37
3.68,62.36
13.5,112.98
13.89,105.98
8.88,88.87
7.19,72.43
14.51,107.55
2.62,58.55
9.39,92.97
19.04,126.46
14.92,119.47
8.37,84.46
14.41,105.35
17.86,133.22
7.08,73.18
17.79,123.56
14.71,116.68
13.44,109.48
16.74,127.77
1.26,52.92
2.62,55.65
17.5,123.96
12.38,101.41
19.7,130.24
3.1,53.65
10.95,92.31
10.48,89.07
4.7,59
15.74,114.78
2.54,60.63
15.73,120.91
10.23,87.13
19.69,130.77
7.98,87.09
5.22,60.56
4.66,60.97
3.5,58.4
6.47,79.06
13.5,100.51
1.3,42.09
1.01,42.75
7.71,84.33
14.62,115.91
14.35,107.91
19.01,133.9
1.28,53.67
19.1,134.8
11.3,101.1
8.99,90.13
16.53,127.67
5.82,72.95
13.71,113.19
15.73,114.75
7.87,79.36
11.87,101.7
4.53,61.37
8.87,86.2
2.48,52.33
19.35,140.08
2.77,48.45
5.41,73.45
16.52,125.58
19.05,126.79
1.65,47.44
8.13,80.68
5.69,65.04
4.14,55.16
17.17,123.98
7,81.22
2.31,48.29
7.72,79.46
19.11,130.31
5.45,73.65
1.8,54.34
13.39,110.61
10.52,91.91
14.62,111.11
16.57,120.73
4.7,65.37
8.57,86.49
15.6,121.85
12.41,100.64
1.54,53.73
2.89,50.85
3.48,53.28
12.29,105.32
7.52,83.93
5.35,62.48
18.46,136.88
6.54,67.11
1.2,48.82
1.24,43.81
11.82,95.2
11.59,93.35
9.36,92.89
10.91,88.51
2.87,54.56
11.01,95.31
15.1,117.41
14.85,112.17
13.84,112.6
7.13,81.64
4.97,65.67
8.2,76.15
10.63,88.98
11.95,98.4
2.99,62.3
13.73,103.91
1.65,49.67
15.59,111.11
15.61,111.9
15.17,110.97
9.4,81.32
8.17,81.14
1.63,44.35
1.11,43.41
10.2,95.64
17.05,123.7
19.01,128.13
5.19,64.48
12.66,104.53
7.63,74.82
16.68,120.42
9.85,94.14
9.24,83.02
8.46,86.87
12.26,100.56
17.46,131.93
9.64,85.83
4.9,64.99
9.68,83.78
3.87,65.35
4.21,56.81
19.1,131.73
17.81,120.75
1.47,51.65
9.24,88.45
15.54,122.28
17.95,124.48
7.6,83.35
4.21,65.55
11.95,101.41
13.35,105.88
3.46,63.87
8,74.76
15.6,119.96
8.55,87.25
7.42,84.27
8.96,85.66
13.19,110.63
13.78,109.08
10.81,87.7
15.02,110.73
14.01,103.23
17.2,125.18
5.09,64.4
14.68,106.54
13.63,108.38
1.15,54.06
5.5,69.62
19.91,142.96
11.03,97.66
2.25,55.64
14.17,112.9
1.06,40.86
3.11,50.93
6.56,73.06
17.57,121.96
17.68,133.08
13.71,107.3
2.57,49.06
18.51,136.4
13.22,104.88
4.98,61.2
2.16,59.35
7.51,78.21
14.75,115.41
13.29,112.07
10.53,90.08
6.63,73.93
15.59,117.94
15.5,117.77
2.02,54.28
14.74,115.65
15.84,120.97
19.68,143.1
15.92,119.26
6.19,70.21
11.91,93.33
19.31,137.01
11.13,101.32
2.01,58.33
10.92,87.64
19.86,132.99
11.88,104.4
4.42,59.63
13.11,98.97
4.85,68.96
12.28,100.02
3.89,55.67
19.13,127.92
12.33,102.97
19.85,133.19
1.56,44.62
5.3,62.69
17.8,133.72
10.03,87.89
9.16,81.83
18.77,137.72
3.56,55.81
19.52,133.83
7.29,72.37
12.67,102.98
5.52,68.65
17.67,122.71
14.24,116.06
10.16,84.98
4.41,64.45
11.72,93.81
18.16,134.42
8.44,88.42
3.48,59.09
6.08,65.92
19.69,133.76
2.65,60.18
7.58,73.66
5.42,68.34
14.06,115.54
15.8,123.11
17.72,126.05
4.77,68.49
7.59,75.77
1.52,46.33
3.04,52.01
4.6,62.23
11.63,99.98
18.85,134.03
2.25,53.61
12.73,101.88
13.98,105.96
13.9,102.28
12.47,94.99
14.25,115.56
3.7,60.68
6.52,68.7
7.53,81.49
4.4,57.57
11.35,97.09
16.78,126.05
9.7,93.04
8.29,80.56
12.73,109.66
16.53,121.15
5.87,74.86
11.64,99.38
19,126.37
19.84,143.25
12.14,94.31
11.46,99.58
11.26,96.02
8.33,80.8
1.88,48.36
15.61,117.38
4.55,66.61
14.5,105.42
1.22,42.58
10.33,94.79
13.32,108.62
2,56.14
9.94,93.85
9.74,87.03
13.33,103.13
17.77,129.4
13.84,112.16
16.19,112.94
13.91,109.42
8.22,83.42
12.57,104.42
5.67,70.54
12.83,107.06
2.24,50.12
5.8,74.19
14.01,109.24
4.39,57.28
15.21,120.84
13.94,109.15
1.17,49.78
3.15,61.32
15.98,123.03
19.22,136.15
6.35,74.99
6.95,81.24
13.66,113.1
17.25,130.43
5.1,60.97
13.43,107.38
17.51,120.81
8,83.95
19.33,137.13
14.02,113.58
2.64,48.64
2.21,55.66
5.31,69.44
3.27,51.93
14.73,113.12
5.25,65.42
13.55,103.54
3.74,55.98
14.6,108.5
16.44,125.93
12.64,97.77
11.21,101.49
13.84,110.27
5.73,75.97
4.04,67.63
12.39,107
7.24,78.21
19.93,141.25
9.79,93.15
18.1,130.47
6.28,71.45
19.28,138.87
9.17,80.03
16.8,121.58
2.49,57.72
14.49,117.81
14.3,104.65
19.62,135.07
12.71,102.66
10.26,92.48
18.63,135.76
6.82,78.75
16.43,125.92
2.16,54.21
8.46,87.61
3.66,62.67
12.88,106.99
8.01,86.28
18.31,126.49
19.73,142.66
8.24,82.46
19.66,132.69
2.27,52.73
3.75,62.1
8.62,87.84
8.24,87.48
15.3,115.47
3.71,57.12
19.12,129.47
1.81,57.44
1.39,53.11
19.56,137.96
10.75,86.97
7.5,82.3
5.78,72.24
4.25,62.25
7.26,80.25
6.02,70.04
13.02,101.36
13.28,99.08
7.03,73.52
18.64,130.08
19,126.63
8.6,85.72
5.73,76.05
18.65,125.79
13.91,114.9
1.06,47.35
6.09,71.76
10.19,94.19
9.17,92.69
18.19,126.21
14.46,110.43
8.53,88.58
13.24,106.67
11.49,102.25
5.38,64.12
16.83,124.1
13.42,101.78
7.11,76.01
6.14,72.47
18.31,135.16
1.58,53.04
5.99,68.66
16.1,125.73
2.84,49.9
5.76,70.47
13.48,111.5
8.19,85.08
8.99,86.83
13.84,112.79
8.29,80.16
12.13,96.16
10.52,88.53
16.98,122.9
2.97,59.87
13.7,106.42
8.28,87.37
2.18,45.99
5.82,63.64
11.96,99.57
4.61,62.9
7.6,79.83
17.17,119.18
6.33,78.25
12.08,96.1
12.98,106.33
3.19,59.87
8.68,83.52
1.77,45.23
6.83,70.56
18.06,133.74
4.29,67.95
18.9,130.89
2.74,60.31
18.61,130.16
13.83,114.33
9.98,88.12
4.46,56.8
17.42,125.08
9.23,80.05
7.32,83.9
15.05,107.57
4.31,66.29
6.44,77.34
6.02,68.25
13.85,107.97
16.31,121.38
12.23,99.84
8.39,76.96
15.51,117.35
14.02,104.23
14.86,112.58
7.84,83.66
1.84,51.61
1.48,50.12
18.7,129.81
7.1,80.49
11.68,93.2
9.38,86.87
8.79,83.41
14.06,115.27
8.67,77.87
17.81,121.61
16.34,120.69
14.81,115.06
1.99,54.56
8.36,86.24
19.17,138.81
19.38,136.63
1.97,53.55
12.73,104.13
19.07,127.21
8.68,80.48
19.72,136.75
5.73,71.66
11.12,90.41
11.03,90.83
15.64,119.56
3.72,65.81
15.94,119.72
4.09,55.37
5.9,65.78
7.5,82.95
3.89,59.14
3.19,63.59
3.83,60.98
17.67,133.39
15.13,112.31
13.14,105.76
5.27,71.82
8.33,87.83
19.78,132.85
14.45,112.89
17.85,129.02
11.35,90.38
11.82,93.42
3.02,51.2
1.21,41.76
6.96,77.89
14.1,115.09
7.22,70.05
3.13,53.33
19.86,139.51
13.17,104.63
6.47,72.79
16.66,116.46
2.71,59.68
14.1,108.75
17.19,127.01
14.13,116.48
1.08,51.93
6.24,73.56
4.23,58.85
6.1,75.17
10.85,94.32
10.9,96.29
16.75,118.63
11.3,96.18
3.03,62.42
1.95,53.75
16.48,121.7
13.45,108.32
2.05,56.75
3.42,53.4
6.46,67.59
19.03,136.37
8.42,89.13
2.98,57.42
4.24,62.26
7.02,82.13
12.88,104.02
4.35,62.59
11.45,91.01
17.53,131.08
6.98,74.62
9.73,85.04
17.86,132.65
18.44,136.35
9.13,83.09
8.05,75.96
1.86,54.44
5.84,69.78
10.99,96.28
7.27,77.47
3.41,58.77
15.61,117.34
15.38,118.63
15.51,119.87
3.32,54.03
7.72,80.5
13.64,104.33
9.24,85.6
8.15,76.41
3.65,63.45
16.34,119.36
2.28,57.92
17.34,126.26
1.6,52.51
4.51,60.01
6.84,68.37
5.96,73.21
11.79,101
10.31,98.49
19.42,132.33
17.76,126.8
2.52,58.45
4.02,66.8
12.71,104.3
7.76,84.53
4.35,59.84
5.65,66.67
9.39,81.14
4.2,64.95
11.07,96.16
2.83,59.45
9.9,91.34
19.97,143.93
19.68,141.17
17.2,120.72
2.08,52
17.49,129.54
19.31,131.95
15.28,110.3
14.83,120.06
2.95,49.59
5.05,69.84
5.69,62.58
6.65,69.86
3.1,55.33
16.74,116.13
18.88,132.78
7.16,81.8
19.4,140.45
12.65,106.04
7.22,70.79
17.52,122.65
16.6,117.03
15.2,117.42
7.66,75.31
11.8,105.27
2.84,52.86
15.48,120.5
15.67,115.88
1.3,43.37
11.07,88.79
16.84,128.09
7.71,73.82
9.79,87.59
1.03,50.8
8.31,79.87
17.14,119.55
16.71,128.61
4.55,69.78
1.03,43.95
16.52,126.4
1.29,53.58
1.41,41.92
13.6,104.12
5.4,64.73
11.57,94.95
19.49,131.51
6.33,72.75
18.49,133.65
11.46,100.78
3.53,59.05
11.48,103.24
16.33,126.75
18.65,131.96
3.16,55.6
3.39,54.92
19.33,141.7
1.46,43.22
15.5,111.05
2.62,51.93
10.32,88.76
9.68,90.25
14.11,110.68
14.92,110.33
4.5,66.54
7.32,78.77
12.42,103.13
14.24,117.3
1.78,55.21
15.27,114.05
9.6,81.94
7.6,78.32
11.66,91.71
12.95,110.54
8.82,80.46
10.98,91.95
17.48,119.81
16.83,123.24
13.03,110.68
12.04,94.41
13.1,111.8
13,105.46
17.09,120.5
14.89,110.78
17.08,117.91
9.53,88.43
15.39,117.12
14.71,114.4
7.2,81.36
18.88,138.02
5.92,71.37
16.34,126.21
3.52,52.24
8.22,88.29
9.7,85.59
1.86,56.07
14.81,117.39
7.63,75.78
10.76,89.98
17.97,134.06
19.45,139.69
15.36,114.48
6.44,76.48
3.49,53.15
18.75,132.8
3.88,57.6
16.22,113.35
2.62,48.46
10.7,93.82
7.99,79.94
10.96,97.69
4.27,56.54
17.21,128.62
9.8,88.29
9.54,81.23
15.26,110.01
12.69,97.48
19.66,143.09
19.98,137.67
6.48,67.39
1.2,51.65
11.03,95.99
15,109.06
16.95,129.64
13.9,113.38
13.32,112.51
17.98,128.03
16.92,117.04
8.01,86.91
1.61,52.63
14.39,114.16
4.76,65.09
9.24,92.12
1.33,51.94
11.64,102.64
14.92,114.42
3.59,58.95
8.92,80.58
19.4,129.05
17.72,120.39
15.59,110.65
13.34,112.91
7.3,83.41
15.18,120.53
12.04,103.29
4.63,68.07
11.12,88.93
9.72,94.63
11.13,88.96
7.26,80.31
7.38,70.89
16.8,118.66
17.02,117.07
5.61,70.43
12.41,102.93
7.52,71.28
7.86,76.01
8.18,82.06
6.82,77.12
9.15,85.43
15.22,121.53
3.9,58.81
8.41,80.43
2.61,53.99
10,85.96
19.31,134.53
8.53,81.64
15.85,118.79
12.74,98.58
10.64,89.94
18.89,128.24
14.2,115.83
10.41,88.84
8.93,80.73
19.8,134.14
5.67,67.2
2.59,58.62
4.98,61.73
18.79,135.03
19.14,133.76
6.09,64.82
11.32,89.67
10.77,92.99
12.51,106.43
18.08,122.71
16.06,121.73
10.56,98.44
14.84,119.56
13.55,113.89
18.7,138.56
5.86,71.97
8.32,88.4
15.3,120.34
14.89,106.95
1.67,53.05
6.25,74.18
8.29,75.22
6.14,77.25
4.17,66.07
4,54.45
2.5,50.37
15.37,113.66
19.99,138.03
11.76,100.91
16.2,113.74
13.55,106.62
13.97,110.93
17.4,124.55
17.6,120.86
4.14,63.55
15.29,118.21
12.14,105.23
15.05,115.2
18.58,127.43
11.11,91.06
3.22,63.72
10.56,94.42
3.59,63.05
7.62,76.23
13.49,111.79
6.88,69.5
18.55,134.42
11.47,95.5
10.96,97.07
10.87,99.99
1.73,53.58
7.77,80.59
15.2,111.54
14.46,117.56
17.43,126.69
10.38,92.89
19.84,132.3
9.93,90.13
15.19,114.83
13.73,106.5
15.83,118.77
1.72,51.28
12.75,101.78
17.07,118.71
1.77,48.79
14.57,105.83
19.12,129.14
7.09,82.57
19.09,130.75
3.2,54.77
1.5,42.83
13.09,111.58
3.25,63.64
5.39,70.36
10.14,84.55
6.49,71.12
1.78,44.68
6.48,77.89
5.16,67.59
5.8,65.88
18.35,136.84
9.29,89.35
12.29,104.23
7.07,69.54
14.7,114.93
5.59,72.47
18.55,127.81
5.74,71
13.59,105.52
19.83,132.36
6.91,68.76
14.9,113.32
17.6,119.71
16.5,116.58
15.81,122.8
4.09,57.03
9.94,92.52
12.73,101.14
14.68,108.85
5.41,70.47
18.13,126.87
16.52,117.48
13.34,104.43
7.15,80.12
12.71,100.63
18.25,128.98
6.44,66.1
14.84,116.33
1.77,46.44
16.75,125.3
18.7,130.69
13.72,109.82
17.52,126.21
3.69,66.52
4.22,62.83
3.66,57.81
13.74,108.71
1.51,50.13
17.6,120.15
11.55,103.85
16.21,118.38
2.76,54.66
11.13,96.43
5.04,68.02
13,108.27
19.8,136.95
17.8,133.56
11.81,97.51
2.81,50.56
17.08,129.61
17.33,124.91
7.24,73.52
11.12,99.45
10.7,93.39
17.07,122.91
7.49,81.81
17.43,132.05
12.57,101.41
5.91,67.97
7.09,74.97
2.26,47.15
8.84,83.87
9.09,86.62
7.86,78.78
19.25,129.2
10.92,98.93
15.91,124.39
6.4,67.72
7.09,80.47
7.82,81.92
8.44,78.41
15.9,125
6.43,67.9
10.01,83.67
15.17,120.58
8.43,88.8
2.73,59.37
13.66,106.56
18.51,124.09
5.72,73.12
3.04,59.71
18.35,135.04
1.34,52.29
14.29,109.44
4.7,66.82
3.22,58.64
18.42,131.69
14.05,108.83
8.01,85.67
13.52,104.68
7.78,85.82
19.39,137.97
15.83,122.5
15.65,111.65
7,75.41
3.61,60.98
1.08,53.76
14.6,112.02
14.49,117.38
9.89,84.63
13.23,107.12
15.84,120.17
8.68,80.79
11.59,94.1
5.71,73.74
2.64,58.42
11.1,90.25
16.12,123.85
11.21,93.31
4.84,59.73
3.47,61.48
13.09,102.82
19.03,135.79
12.04,101.66
2.72,51.82
14.04,103.16
10.22,87.41
16.27,115.51
8.88,85.34
12.53,102.51
17.79,125.91
13.03,99.72
15.98,113.38
16.66,115.85
2.78,58.77
17.83,133.39
9.85,94.95
2.1,51.69
2.28,51.65
3.11,57.57
9.87,93.08
13.46,106.09
17.42,123.61
2.67,52.46
2.68,49.38
15.21,116.5
2.26,57.45
3.46,61.81
14.75,114.04
4.89,70.38
10.64,97.24
4.86,71.14
20,142.92
8.92,86.23
6.94,75.38
17.39,131.11
5.25,65.13
17.72,125.13
5.82,63.74
19.82,133.09
3.69,55.94
12.36,107.57
8.87,78.73
7.79,73.83
1.22,44.4
6.56,69.79
4.17,61.37
19.77,135.27
19.81,141.47
9.2,86.42
9.88,83.38
7.55,81.93
16.67,128.92
2.24,51.02
9.65,91.08
7.13,80.13
17.54,128.95
10.06,85.26
8.07,86.21
2.01,48.59
8.7,88.44
13.28,111.54
15.95,124.88
11,94.59
6.12,72.44
10.96,89.62
3.68,66.17
1.39,49.77
16.43,123.2
3.31,61.67
12.38,106.99
7.59,83.99
3.82,64.56
8.75,90
5.08,69.92
18.22,131.72
14.96,107.76
1.51,45.31
8.82,88.46
11.62,94.64
5.8,69.06
16.56,121.94
15.67,121.8
6.8,70.28
16.29,118.34
4.06,60.77
3.68,60.29
15.81,115.3
9.12,83.77
3.22,53.08
1.83,56.87
11.61,91.12
18.27,132.59
8.58,77.95
8.83,87.93
6.29,75.01
18.65,127.83
3.73,65.28
12.9,97.69
11.78,103.09
10.53,87.01
10.52,98.91
17.5,130.09
16.02,121.37
15.01,116.68
1.64,55.97
16.02,118.44
12.5,102.83
18.39,130.53
18.67,128.17
10.28,96.41
7.28,78.34
17.49,122.95
1.55,49.96
16.16,123.93
3.46,53.15
13.87,114.24
13.53,106.75
18,122.19
1.05,47.21
14.03,111.26
6.51,70.9
5.03,61.23
12.3,105.54
16.55,118.43
19.82,142.14
13.71,106.72
16.48,123.87
5.12,65.77
14.47,118.06
5,59.38
6.05,64.85
4.56,68.2
7.84,84.65
13.58,100.5
10.33,88.03
9.74,89.61
14.72,115.15
18.03,129.12
1.55,53.26
15.47,120.56
3.94,65.6
6.88,68.03
6.39,74.27
14.31,104.7
3.31,62.2
12.66,101.32
4.9,59.5
19.3,139.83
11,95.42
18.87,134.54
15.93,114.14
16.64,119.56
17.5,124.79
5.88,76.83
7.89,83.55
19.36,140.51
4.8,68.18
2.78,54.35
15.11,119.53
12.83,97.35
18.21,133.7
12.14,98.61
3.45,64.74
1.29,43.53
6.48,75.22
16.73,117.02
17.49,126.67
3.25,55.44
19.44,129.98
11.21,96.31
1.07,47.57
14.9,111.98
3.01,59.32
1.66,54.24
13.36,110.72
17.43,129.7
8.71,88.97
11.17,91.52
4.25,67.39
9.21,90.17
19.57,141.94
15.27,121.63
4.28,61.46
6.04,70.97
19.5,135.85
16.35,114.76
6.94,71.2
9.28,81.31
2.05,53.18
9.98,89.8
18.45,134.97
17.83,123.16
13.69,101.23
14.22,115.41
8.97,83.53
8.23,86.04
3.43,62.2
9.83,94.42
12.19,104.56
15.51,112.43
10.99,94.34
19.39,131.79
12.47,99.2
11.14,102.05
9.27,91.5
2.45,48.45
18.33,136.98
14.76,115.23
9.39,86.99
3.49,53.45
18.37,130.33
2.99,55.07
10.09,86.18
1.97,57.06
9.69,88.91
14.11,108.68
19.58,142.72
15.15,113.98
3.74,63.5
11.63,101.98
16.86,124.19
16.99,124.72
9.52,87.04
19.91,133.23
4.42,64.1
14.91,113.43
13.33,107
18.64,133.86
19.42,140.63
18.5,128.11
11.9,97.81
14.27,111.7
8.32,77.65
14.18,114.18
3.94,65.65
3.37,58.19
1.89,51.57
2.79,48.97
16.19,114.65
17.97,124.1
1.73,53.23
5.15,63.41
11.86,96.44
5.8,73.51
15.16,109.88
16.46,122.99
4.51,57.77
1.43,51.15
10.58,91.27
4.76,61.03
16.36,117.13
18.49,137.62
2.27,46.95
10.26,97.13
14.1,115.38
4.62,66.74
17.65,127.21
3.6,59.24
12.05,105.43
11.55,102.32
3.91,66.93
16.11,122.24
19.83,131.56
10.01,84.98
16.11,112.34
9.91,88.65
5.4,62.23
14.57,107.57
2.79,51.64
1.02,52.67
6.6,73.72
5.5,63.11
5.87,74.19
17.42,118.77
11.11,99.97
8.5,77.37
15.13,119.51
5.98,71.86
3.8,65.82
9.38,80.17
9.04,86.59
11.38,101.8
10.58,97.27
7.69,72.4
11.07,97.5
18.96,139.64
5.7,70.19
19.25,134.74
9.41,85.07
12.46,100.28
5.36,61.26
8.72,87.35
6.13,65.95
18.8,133.72
5.94,74.87
17.95,132.25
5.83,74.93
6.67,77.53
13.53,104.18
15.42,115.81
19.62,138.84
19.18,131.66
12.96,105.63
17.5,124.77
8.68,80.2
8.33,88.82
9.22,90.85
6.76,81.08
14.1,111.02
17.54,124.54
8.4,76.1
8.07,80.94
17.3,127.15
9,79.09
13.98,113.23
18.8,132.38
5.79,66.15
1.03,46.43
19.59,129.65
1.86,55.45
16.43,123.1
2.38,59.32
17.24,130.39
17.66,119.97
4.06,66.02
9.42,91.18
1.94,54.7
1.09,50.33
10.65,99.62
9.31,87.48
10.77,99.89
19.38,129.37
7.8,85.08
8.09,75.7
6.4,68.43
3.91,58.11
1.79,55.92
7.67,72.83
4.07,59.47
19.94,132.32
1.92,57.49
7.89,86.12
4.91,70.78
10.34,91.26
4.42,69.13
14.32,114.19
1.85,54.84
1.16,44
10.73,99.19
14.16,107.98
19.81,133.53
9.23,92.47
4.23,60.38
15.02,108.36
19.45,137.59
12.63,103.12
18.42,134.12
13.62,104.2
6.29,69.91
3.15,54.98
11.52,101.42
8.43,88.27
3.28,61.14
6.65,80.57
3.5,53.4
18.3,128.76
19.84,134.26
14.38,108.22
19.59,138.77
11.97,97.9
17.26,127.57
15.2,115.68
11.19,98.66
14.52,110.74
3.66,65.44
14.81,112.18
1.22,54.7
10.81,88.39
11.24,97.89
3.84,57.89
16.91,116.66
6.79,79.89
13.12,102.14
7.91,79.78
19.07,135.05
1.79,45.67
7.47,80.96
10.65,92.48
17.7,132.03
4.75,62.8
3.2,54.45
15.62,114.79
13.14,98.86
18.36,125.07
2.01,54.15
19.19,131.67
9.62,92.61
10.14,91.25
14.9,108.52
8.34,76.67
6.22,78.45
3.5,56.2
18.17,127.73
2.43,54.37
3.27,63.84
3.69,56.18
19.72,129.92
5.84,65.79
5.27,69.91
5.7,70.55
7.96,79.69
4.67,58.26
1.14,43.92
8.1,80.8
11.04,96.15
7.2,74.06
16.95,127.5
13.84,109.79
19.54,139.37
14.49,106.82
13.1,102.05
17.95,129.11
19.63,136.97
15.74,119.43
5.96,73.57
1.19,51.8
3.62,66.09
8.7,85.19
14.84,116.78
5.66,63.34
15,110.74
6.97,78.92
5.54,64.85
7.3,76.67
18.9,129.1
15.26,117.04
1.25,54.15
3.39,51.96
15.94,114.89
10.54,96.9
18.9,127.15
10.94,99.66
19.57,137.46
5.22,60.73
1.94,50.02
14.03,115.29
10.86,97.43
2.14,53.06
15.63,118.06
12.08,95.59
3.66,62.03
12.65,99.93
1.62,49.8
17.09,126.66
11.28,93.59
4.48,61.96
4.16,68.58
18.78,134.78
9.54,82.5
7.62,78.71
12.55,108.09
12.67,108.35
10.29,90.27
17.18,123.43
9.2,82.71
15.14,118.08
17.34,122.1
16.08,119.89
13.99,105.89
8.38,85.65
16.9,128.84
3.76,60.96
11.16,96.6
5.27,72.81
2.36,55.84
11.82,93.32
5.61,70.83
6.27,67.05
14.58,113.96
11.54,98.1
18.61,136.14
19.17,139.87
7.57,80.41
17.42,129.28
3.97,56.22
8.8,87.72
14.63,105.66
6.58,67.07
7.69,76.11
4.71,70.09
6.96,80.08
15.17,107.83
19.93,138.41
5.74,63.52
14.64,113.82
12.65,104.66
13.57,100.97
4.57,60.43
16.08,123.22
10.03,87.84
17.08,127.17
18.14,128.95
13.94,110.2
3.12,50.2
12.88,106.43
10.14,95.6
12.4,101.89
16.55,119.09
3.18,54.48
9.25,84.43
9.99,88.99
1.93,57.07
15.15,118.28
5.5,62
7.75,73.41
7.79,82.01
7.64,74.29
4.44,56.77
13.88,107.08
13.53,103.32
2.25,51.5
11.32,99.33
6.81,68.98
16.29,117.13
1.89,46.2
2.18,58.78
8.73,78.26
9.79,83.67
19.79,142.92
14.84,111.39
3.51,56.31
7.01,72.13
9.87,87.65
17.94,130.86
3.13,51.6
11.96,105.83
2.63,51.52
13.77,103.62
15.47,112.8
16.23,113.41
9.45,80.64
14.16,103.7
8.6,83.15
1.61,49.87
18.27,132.55
3.23,51.37
4.45,65.55
5.53,68.09
4.84,69.16
1.14,41.48
16.98,121.26
2.55,60.29
16.27,116.67
19.71,139.69
5.76,64.4
19.69,140.76
4.09,61.05
5.04,61.1
15.93,116.89
10.77,98.68
14.74,110.95
14.01,112.4
10.73,95.71
2.65,59.02
15.47,116.55
16.77,115.73
4.32,63.32
19.4,134.3
1.73,49.41
9.13,86.78
1.15,43.49
12.45,106.01
5.94,72.78
16.93,129.42
7.68,78.2
5.63,68.26
7.71,76.81
11.27,99.26
2.66,51.59
18.16,132.6
11.56,95.59
19.78,139.04
17.66,120.86
12.63,99.56
6.96,69.2
15.73,120.63
5.23,65.84
19.81,133.9
19.95,137.27
3.15,56.67
7.41,73.96
3.52,53.04
9.05,80.91
12.84,99.38
16.61,126.54
16.34,124.31
4.73,67.71
9.37,85
4.09,57.44
19.31,138.36
17.25,124.75
12.94,110.45
1.72,43.33
11.53,96.83
16.95,121.17
18.25,136.47
9.27,82.32
13.78,102.3
5.98,71.69
14.28,104.05
12.12,94.59
19.95,136.53
10.51,94.12
9.98,94.07
14.36,104.64
11.5,100.14
12.26,97.67
8.95,88.98
11.42,99.26
15.87,120.17
9.62,86.98
9.05,79.04
16.05,121.41
18.71,128.76
18.1,126.97
7.87,85.49
4.78,60.29
15.22,110.51
10.25,94.91
14.26,115.79
12.78,105.59
10.27,90.85
4,54.85
8.67,83.94
16.25,119.79
5.55,62.96
14.51,110.73
4.57,62.88
1.13,52.62
11.61,91.16
2.35,53.78
1.65,46.32
9.32,87.52
8.9,86.24
8.17,80.9
2.11,56.29
10.3,97.79
9.65,93.81
17.86,129.35
13.74,104.1
16.25,125.54
11.8,93.28
14.03,113.56
2.07,47.79
3.51,64.83
15.76,113.36
5.03,62.04
19.38,131.33
1.58,44.96
9.19,82.88
12.37,104.54
16.67,128.9
7.47,81.26
14.67,110.41
16.56,127.41
3.53,62
10.54,96.16
10.33,84.95
13.42,107.15
5.06,69.25
13.79,113.03
8.42,77.53
9.81,91.02
5.55,73.51
13.5,104.03
6.78,77.73
15.78,112.4
12.3,96.58
13.44,109.78
3.32,61.44
14.21,103.88
11.17,97
16.39,117.89
16.32,115.45
2.83,53.72
4.26,63.1
12.18,100.82
15.84,122.24
13.71,104.04
15.4,120.21
19.14,135.82
12.87,104.81
15.2,120.62
6.6,71.52
7.99,80.62
2.59,54.12
19.25,130.38
9.5,83.77
12.15,95.65
8.45,87.29
14.22,111.16
15.66,118.17
6.51,76.85
18.25,130.35
8.12,81.36
5.88,71.66
10.66,89.75
2.12,50.92
11.3,102.86
4.42,66.46
17.49,127.16
12.47,101.26
15.49,120.28
6.09,74.38
13.28,103.92
4.88,64.69
7.43,72.15
4.44,69.13
13.21,101.52
6.87,72.72
16.78,118.49
6.7,74.08
17.34,126.88
7.67,83.81
8.59,88.21
16.81,127.61
19.93,135.01
5.91,65.15
19.12,130.33
5.28,74.14
15.37,113.29
6.24,69.97
3.18,58.54
18.05,135.27
19.33,134.66
2.89,57.25
19.8,131.49
6.3,72.33
10.54,93.73
7.16,77.04
15.46,119.32
4.09,61.38
1.91,57.59
4.85,64.39
2.67,51.68
8.1,83.18
13.09,109.41
14.67,118.88
7.01,72.3
15.17,113.5
1.5,42.57
19.51,132.75
10.63,88.4
8.83,83.36
17.77,125.81
17.71,121.9
6.14,69.86
8.8,86.56
15.63,119.65
4.23,67.25
9.02,87.14
12.35,96.86
19.26,128.51
14.78,115.28
9.35,93.85
17.69,121.84
2,47.13
4.9,71.07
15.09,114.64
15.2,119.32
8.62,86.08
19.93,134.63
15.74,114.69
3.7,62.74
7.91,80.62
9.94,87.75
18.42,126.85
12.54,105.44
7.76,81.37
11.66,103.53
4.47,61.01
15.75,115.66
14.69,108.27
13.21,104
15.37,114.14
4.05,68.16
8.81,84.4
14.89,115.91
7.2,77.23
5.8,65.59
10.17,90.44
19.9,136.88
5.49,63.92
18.93,129.52
8.62,83.78
11.89,93.37
9.51,86.32
5.74,70.03
4.06,57.42
14.57,109.25
7,70.85
7.75,72.46
5.15,63.32
5.19,60
4.35,68.13
19.36,141.33
5.45,65.31
4.98,61.02
15.2,117.08
19.5,135.47
12.96,98.2
4.54,66.7
7.48,71.49
9.26,84.74
19.19,130.51
9.11,87.74
17.9,126.17
17.41,129.47
2.58,57.89
13.86,115.41
15.87,120.3
16.83,117.19
4.38,66.34
4.04,68.09
10.87,101.13
17.97,133.93
11.01,88.32
18.15,125.12
4.21,64.72
16.15,124.86
3.78,56.1
7.94,86.31
13.3,108.53
1.85,56.17
5.12,62.2
8.45,80.59
16.29,125.67
14.94,120.67
7.23,75.37
9.94,96.46
7.2,79.45
14.82,116.7
11.12,96.26
6.76,68.82
9.44,85.96
3.5,55.99
5.14,72.58
14.15,106.56
9.84,95.11
2.67,57.61
15.94,113.76
14.99,118.9
3,52.9
17.63,123.61
3.86,64.74
7.51,81.16
13.22,104.17
7.21,70.36
1.73,46.02
1.89,56.13
17.74,133.31
11.61,92.84
3.18,51.25
3.81,55.56
18.49,123.84
1.16,46.05
18.28,131.85
3.99,57.42
15.27,108.63
16.08,124.29
11.73,95.74
11.57,94.41
13.36,111.32
8.09,82.03
8.41,87.33
17.53,119.45
8.53,85.11
11.03,91.04
5.43,64.48
1.99,54.83
6.58,67.16
13.37,111.34
13.5,100.21
4.43,60.13
1.2,42.86
7.7,84.65
18.92,129.12
9.91,85.86
5.36,60.79
8.11,86.48
17.84,132.69
12.18,95.04
3.12,57.74
16.54,122.25
9.03,91.23
6.73,75.36
11.81,95.25
14.08,113.93
2.1,45.92
8.8,88.04
7.76,75.11
15.15,119.52
3.14,60.3
1.33,51.28
19.37,139.99
13.67,104.8
15.78,123.67
2.8,58
7.66,75.79
11.17,95.44
19.71,136.16
8.06,84.91
9.25,79.61
12.8,105.71
2.64,60.22
11.07,95.51
9.8,87.72
10.29,89.61
7.67,83.92
14.6,109.47
3.86,62.24
8.89,89.87
6.13,66.36
7.85,76.84
13.15,100.1
3.15,58.27
13.85,103.51
6.99,69.16
6.29,76.88
15.77,119.58
13.83,102.53
6.67,72.12
5.01,67.63
9.26,85.92
8.43,83.74
13.48,102.44
15.69,119.12
12.63,102.03
10.89,101.23
9.27,87
14.48,105.13
6.97,78.16
14.39,105.5
15.52,115.76
4.73,62.81
6.97,78.33
14.47,112.18
11.55,92.15
13.92,106.36
15.4,113.71
8.94,88.5
10.7,86.45
11.05,92.93
2.5,56.34
13.17,103.51
9.49,94.48
10.37,92.73
5.36,73.79
14.92,111.91
18.64,133.94
19.68,135.03
5.12,68.2
1.47,50.89
5.11,68.67
3.97,63.59
19.3,134.74
2.31,47.42
10.98,100.54
16.5,119.74
9.83,94.43
14.18,110.8
12.4,98.51
3.41,64.26
6.25,74.56
17.61,132.2
12.31,106.79
3.65,64.63
6.68,79.31
8.86,78.02
6.25,76.59
3.41,57.83
17.77,130.38
9.3,82.92
11.05,96.6
14.98,114.21
5.68,65.36
14.25,105.95
4.4,56.59
19.06,139.84
4.85,66.47
14.26,110.49
3.47,63.34
17.48,130.69
4.81,68.66
12.76,108.45
16.37,121
6.37,66.81
13.88,101.74
2.24,55.4
18.58,128.27
2.76,56.94
14.86,114.92
12.83,101.05
11.38,102
10.62,88.19
2.58,55.1
5.27,72.7
10.08,92.72
2.4,54.09
8.44,79.66
7.42,79.54
19.32,137
10.85,95.79
16.91,125.48
19.1,138.83
14.27,112.95
8.48,85.88
1.89,54.2
8.44,81.17
3.68,59.58
11.27,98.42
7.08,79.58
18.64,133.63
4.04,56.2
7.96,77.64
4.23,59.54
5.18,62.94
19.47,130.38
18.7,135.48
4.39,59.55
11.43,90.83
8.76,90.97
17.14,117.49
4.06,68.33
17.75,124.01
10.17,91.33
1.02,43.4
13.25,107.61
15.01,111.29
6.26,71.5
2.1,54.39
13.55,104.88
17.51,131.62
3.65,64.97
16.61,126.8
17.07,125.11
15.41,115.69
4.71,71.57
8.11,85.16
17.35,126.84
18.53,125.99
4.16,64.82
1.77,48.02
3.21,63.26
1.59,45.65
10.63,91.89
4.11,57.84
16.53,124.99
16.98,121.27
17.18,129.58
14.17,115.54
6.94,78.95
18.83,127.92
15.75,123.87
12.11,100.72
15.52,117.37
6.64,75.84
17.47,128.63
1.27,54.25
3.33,58.74
13.23,107.83
3.02,53.35
8.64,87.16
9.03,87.43
13.26,107.14
11.88,92.41
5.79,69.61
8.24,76.42
18.09,123.81
9.49,89.3
16.21,124.47
7.02,76.74
15.07,117.98
7.39,73.86
10.12,94.68
8.2,85.4
17.37,129.85
18.29,134.21
4.7,60.46
2.63,59.92
15.15,109.79
17.02,121.68
8.76,89.71
4.41,60.72
18.17,125.31
2.53,51.68
1.85,49.65
16.08,114.26
18.91,138.39
8.73,77.91
4.79,61.07
18.64,126.25
9.08,88.85
7.28,74.77
13.66,109.11
5.66,63.32
11.54,101.65
6.39,77.48
6.23,65.64
4.17,58.12
13.7,103.18
3.46,63.58
1.83,45.99
6.63,74.52
11.37,101.48
19.73,142.85
3.59,54.96
3.72,57.6
11.02,92.82
7.82,82.05
13.23,100.9
4.17,64.23
9.43,91.57
12.24,100.77
4.21,61.89
3.43,65.12
7.89,81.79
12.84,104.27
5.31,61.72
15.34,119.98
3.76,64.01
2.15,53.88
9.73,86.38
14.74,112.17
16.46,121.19
11.71,93.37
13.52,103.11
18.97,136.85
14.94,117.63
11.33,94.33
12.54,100.3
4.36,56
12.58,97.43
4.23,58.62
14.8,111.12
18.63,134.6
6.49,69.89
14.23,115.53
11.23,101.44
14.22,114.28
8.29,88.02
2.76,56.93
18.96,129.71
10.57,90.65
14.31,113.97
19.87,136.57
6.97,76.05
15.37,122.69
10.21,85.73
19.16,130.98
8.18,78.21
8.65,88.59
10.1,87.14
1.69,50.42
19.01,137.11
8.93,90.35
16.01,115.55
13.74,107.12
9.37,92.52
12.25,95.09
11.86,92.97
17.58,130.92
5.07,66.04
13.07,110.21
10.83,99.34
15.16,115.72
14.68,109.45
12.26,101.47
4.23,56.9
6.74,72.58
9.82,89.33
11.88,100.49
1.72,57.01
12.41,101.54
15.9,123.71
15.98,118.1
11.03,96.26
4.66,65.36
9.29,83.54
18.34,135.8
14.09,111.41
17.73,126.67
19.9,143.88
15.08,119.52
15.63,117.94
16.05,115.64
2.29,50.02
4.29,55.91
12.14,100.23
15.53,112.18
7.08,70.85
10.51,94.85
14.39,110.76
1.79,54.4
6.92,78.03
1.29,48.72
9.27,85.84
6.36,78.06
3.8,53.4
18.47,133.31
13.14,108.49
17.81,120.75
18.9,138.57
11.63,97.97
7.58,72.77
12.82,102.47
2.8,58.01
19.31,137.88
4.59,61.25
12.13,100.63
8.12,75.73
14.24,110.53
13.24,103.38
9.52,84.42
16.68,119.52
1.5,51.13
2.75,50.61
1.68,50.35
9.99,95.04
8.61,86.07
13.98,115.67
5,67.86
17.29,128.03
5.56,67.07
1.41,42.18
2.34,59.72
7.93,81.27
1.76,55.36
13.49,102.26
9.68,88.71
8.22,86.75
15.98,113.14
8.53,86.58
15.8,119.79
5.77,65.85
14.16,109.61
8.88,80.12
3.78,63.76
2.17,53.23
5.2,62.26
4.72,57.94
16.55,117.35
5.21,70.56
9.67,93.01
6.12,74.49
19.28,128.95
17.45,130.46
15.48,112.65
15.66,121.49
14.79,109.73
2.28,56.38
15.46,109.28
16.44,123.55
12.83,100.22
17.39,127.87
12.9,101.92
13.53,100.23
5.37,66.58
2.71,61.17
13.99,115.99
14.83,115.04
4.74,71.51
1.76,50.08
7.27,83.48
8.44,75.68
11.76,95.83
18.44,134.78
5.92,73.43
12.41,99.52
8.84,78.99
3.27,59.93
1.06,40.33
6.92,70.56
15.92,121.91
7.02,70.06
16.01,113.81
14.93,113.06
19.48,137.54
7.91,76.02
14.37,117.74
8.28,81.09
2.31,55.9
1.05,46.02
4.16,59.12
19.17,139.83
17.44,129.96
8.49,79.53
14.83,119.7
1.11,54.18
1.78,49.06
9.61,92.59
4.24,60.36
9.36,88.8
13.89,102.9
1,48.67
18.55,134.29
16.69,123.59
2.53,52.32
14.73,109.55
16.07,122
10.68,86.39
18.29,127.59
19.09,132.05
1.06,51.11
11.43,95.55
13.03,105.17
5.79,67.52
11.4,103.46
9.65,88.23
6.35,77
16.5,120.18
17.27,123.98
15.3,113.11
10.97,91.5
13.98,111.23
15.76,112.93
7.55,73.45
2,48.11
15.48,109.83
17.37,130.07
14.29,113.78
6.21,70.63
13.73,108.3
19.48,137.13
16.93,119.83
7.24,82.08
8.25,80.84
4.78,59.01
3.83,65.87
8.68,82.09
14.16,110.01
2.57,49.59
19.97,141.75
8.18,82.16
10.41,90.41
4.09,57.8
4.23,64.45
15.37,112.08
17.48,131.57
16.7,117.03
2.97,49.66
18.89,136.96
19.42,137.68
10.02,88.78
19.13,139.79
16.21,122.53
15.48,115.09
1.08,46.5
9.75,84.25
11.42,101.52
11,98.28
12.31,105.9
12.91,100.81
19.04,129.87
4.92,67.34
16.48,123.49
5.12,71
16.65,124.17
11.58,94.03
1.69,56.28
2.15,51.94
17.55,122
3.02,58.01
4.1,55.44
4.3,63.27
16.3,115.12
18.73,132.82
13.82,106.03
14.08,103.6
16.22,122.85
5.82,69.65
19.53,137.56
12.36,101.46
5.83,63.25
16.62,120.73
2.21,59.07
6.96,81.84
17.22,130.44
3.71,66.16
10.68,89.83
1.65,56.57
19.38,128.64
10.43,91.05
15.17,109.43
18.6,137.16
7.41,83.28
15.79,123.54
13.74,110.45
3.26,63.11
2.73,61.74
3.81,62
11.74,98.56
10.72,89.29
2.21,57.87
10.35,98.08
7.1,77.53
8.44,81.72
9.2,88.47
14.3,104.56
19.63,134.32
17.45,119.87
13.58,101.88
15.29,122.29
12.27,104.41
3.02,58.33
15.64,111.93
12.78,101.76
8.18,80.06
8.72,82.6
17.97,123.15
19.58,139.72
4.87,71.23
1.91,55.62
4.3,64.21
14.9,111.41
8.23,74.88
19.72,132.52
19.21,136.46
7.67,78.04
15.5,110.05
7.44,74.87
6.83,76.45
1.51,48
4.15,58.24
14.34,106.38
16.48,124.66
12.93,99.44
2.74,52.07
5.91,75.37
15.19,108.13
10.13,87.67
15.7,121.76
14.6,109.83
10.23,95.98
19.12,135.52
11.05,88.46
1.93,49.04
6.56,67.48
17.35,125.61
9.02,82.88
2.08,52.08
8.16,85.57
13.77,109.43
5.7,62.88
14.91,109.52
6.35,72.81
11.28,89.67
16.53,117.2
9.39,92.92
12.09,93.36
3.68,60.11
11.76,97.5
18.5,125.32
18.07,130.75
7,78.38
9.89,93.6
2.56,58
4.94,64.46
11.32,90.92
5.97,74.89
12.99,103.23
10.29,88.55
4.98,71.3
19.93,136.79
10.51,96.18
13.68,108.2
14.27,114.78
17.73,123.6
2.78,60.03
17.58,119.48
6.53,67.01
9.59,88.24
7.48,81.08
1.23,50.08
17.67,125.87
2.01,51.02
11.82,104.53
13.46,99.82
10.22,87.79
12.85,104
4.48,57.91
5.42,71.69
12.66,105.96
16.28,123.55
4.02,63.34
11.3,94.09
8.35,86.6
7.68,73.66
7.69,79.66
11.93,101.71
10.79,99.47
17.48,120.87
12.7,96.17
13.31,111.07
2.35,56.84
16.97,119.73
14.93,114.04
17.19,118.65
2.48,49.96
19.95,136.94
4.05,62.27
16.43,118.94
18.25,128.47
19.46,128.97
12.1,104.24
15.4,117.48
10.46,92.52
6.33,69.14
6.52,79.39
18.29,130.79
8.09,74.7
12.71,97.54
7.6,72.07
4.36,68.46
10.21,95.74
9.54,82.7
12.33,100.92
4.14,58.71
17.38,123.61
18.98,132.04
9.77,87.5
10.51,94.19
2.38,59.23
4.7,64.76
11.81,102.57
9.8,86.85
10.51,86.07
15.22,114.42
4.34,56.31
18.78,133.82
9.22,90.33
10.07,95.76
8.92,80.76
13.59,111.6
19.22,132.18
14.99,109.99
7.85,82.41
16.6,127.11
14.05,107.43
16.99,128.04
17.67,127.29
18.26,135.64
6.03,73.7
17.39,123.22
7.11,73.08
18.79,134.81
14.69,118.37
14.8,106.31
1.52,48.38
18.93,129.01
12.65,98.22
13.01,99.15
12.62,101.27
16.51,122.51
19.88,141.07
15.82,116.45
2.84,49.89
9.05,86.55
4.45,58.53
8.85,85.88
16.99,129.92
2.21,53.24
7.71,81.88
4.23,57
6.38,75.89
5.29,64.26
18.88,136.92
15.27,116.81
10.43,94.15
13.55,113.17
17.1,126.59
18.05,131.53
11.66,94.03
15.54,110.57
9.91,92.31
13.94,113.66
15.15,116.29
6.35,74.66
11.19,92.56
3.07,50.42
10.42,93.1
6.79,71.04
15.49,114.02
1.74,56.09
5.78,75.73
12.52,97.21
6.82,72.06
8.77,84.07
2.07,53.14
6.1,73.9
1.94,54.62
15.75,116.52
19.87,133.23
13,104.38
13.93,107.35
4.28,68.47
9.13,83.39
11.53,103.36
12.42,108.56
6.13,64.81
2.26,47.76
19.7,136.08
13.02,104.27
17.31,128.89
16.64,125.35
17.06,120.15
11.38,101.3
13.11,104.71
10.56,86.68
5.43,69.01
8.57,82.6
7.08,70.83
6.62,70.02
18.58,133.11
13.97,104.47
1.89,54.24
2.56,55.17
4.86,60.21
6.51,75.76
3.24,61.71
11.52,92.41
19.76,130.23
6.47,75.68
1.59,55.54
3.72,66.09
6.41,70.98
10.62,93.41
16.87,120.55
15.62,116.06
19.02,129.03
18.79,130.53
16.18,120.2
8.51,88.23
15.25,114.16
18.98,126.28
8.35,76.61
8.5,77.64
15.49,121.99
6.81,69.59
11.46,95.62
14.96,120.09
2.18,51.61
1.43,45.87
7.33,76.15
19.46,141.96
14.9,119.75
19.9,134.47
15.92,122.06
2.02,47.04
4.6,65.78
9.97,86.22
4.67,64.56
18.96,138.85
16.56,117.43
7.32,72.35
12.76,101.15
2.02,53.02
18.46,127.92
4.23,56.06
15.36,117.32
10.07,93.9
19.26,137.87
4.67,66.86
2.76,54.61
2.12,57.36
4.14,55.17
18.89,136.31
8.47,76.58
5.9,72.09
8.25,86
16.33,125.63
10.25,97.71
16.73,126.3
6.47,73.57
8.11,85.17
8.08,78.53
7.01,77.17
18.12,135.52
11.85,98.87
13.06,103.98
7.96,85
8.58,89.35
12.99,105.88
4.24,56.86
16.91,119.93
5.81,64.23
17.48,126.56
5.43,63.97
15.04,118.63
13.9,111.47
6,65.78
15.87,115.6
19.44,131.57
8.48,82.72
17.53,130.88
3.95,58.7
17.77,124.81
14.09,112.54
1.41,48.31
1.73,46.59
13.22,108.86
16.5,127.54
7.82,80.6
15.52,120.74
8.98,83.31
13.95,107.23
13.71,105.27
18.33,130.36
8.12,77.11
17.34,128.76
11.15,101.29
5.27,67.05
9.93,95.83
18.36,132.51
16.11,121.49
16.9,120.46
2.65,59.48
1.55,53.58
16.72,122.31
16.49,117.58
9.74,89.13
19.27,130.02
12.91,100.1
1.29,44.23
18.44,124.43
6.67,75.95
14.54,105.96
5.6,61.96
18.88,135.67
1.55,45.08
16.95,118.17
14.95,113.22
1.63,46.19
9.17,86.76
10.92,87.61
19.05,137.51
8.58,86.65
6.01,74.02
8.1,79.31
13.82,113.91
9.37,81.87
6.42,74.17
5.87,75.16
9.26,90.63
2.23,46.61
2.29,54.95
5.63,68.93
5.32,61.73
16.2,119.96
3.57,61.5
8.53,88.94
11.61,97.22
14.88,118.89
8.81,86.39
7.67,85.56
16.23,117.77
5.52,71.28
19.54,136.89
14.66,117.58
17.31,125.33
11.64,101.84
3.71,58.65
6.69,80.95
3.68,64.43
4.01,56.01
16.93,117.69
3.01,52.42
17.36,119.07
18.13,124.86
6.79,76.02
4.86,69.76
13.05,106.17
2.09,57.83
2.97,49.95
7.81,85.34
8.52,84.09
2.92,49.96
9.43,93.27
10.56,92.63
12.94,106.26
7.33,76.15
16.43,118.44
1.18,54.24
18.19,123.91
6.94,72.82
18.55,127.51
15.77,115.53
15.07,121.21
2.9,60.52
19.6,143
3.58,65.03
15.41,111.61
6.97,75.43
5.53,69.93
11.53,97.88
4.24,65.38
1.02,49.12
18.21,127.08
4.22,61.5
11.74,104.89
7.02,72.57
7.17,73.2
3.36,60.38
1.28,42.09
1.37,46.92
10.34,97.36
14.56,118
10.24,88.09
15.8,111.55
17.61,131.66
7.72,75.96
11.95,99.16
6.56,79.9
11.41,98.57
7.67,72.2
11.38,99.4
5.17,66.63
13.24,103.67
10.43,92.01
13.93,111.36
18.54,129.62
3.07,61.05
9.74,84.28
19,134.35
1.55,43.68
15.71,113.02
1.13,47.72
19.69,139.09
16.05,116.91
15.16,111.04
1.44,45.27
8.22,76.68
6.34,76.08
2.81,51.96
7.68,75.03
6.49,79.17
8.05,82.17
17.65,122.83
9.43,94.22
7.41,78.63
11.43,95.01
9.41,80.6
16.62,124.73
17.29,122.19
11.17,99.03
2.57,56.93
7.77,82.81
9.1,92.21
14.56,109.08
19.41,137.2
7.63,83.73
14.68,108.17
8.15,82.73
8.94,80.63
9.33,92
13.93,109.03
15.8,111.3
9.71,94.01
6.91,81.21
19.84,138.47
1.24,54.29
14.72,106.18
5.28,65.49
17.58,126.44
13.98,111.81
13.08,102
7.68,72.82
4.44,57.78
8.7,89.62
18.76,129.06
18.49,129.86
16.74,121.04
3.11,58.61
10.15,87.25
4.57,69.67
10.64,87.02
4.18,64.43
8.69,88.72
4.97,59.4
14.99,119.83
6.85,80.83
11.32,103.01
9.09,80.48
4.96,66.75
8.18,87.05
4.93,66.71
2.31,52.48
9.77,82.47
17.92,121.82
5.72,71.55
8.03,73.71
17.25,125.13
8.51,82.58
9.55,84.07
12.15,105.27
17.35,120.08
13.54,105.12
5.13,65.88
16.96,130.3
13.64,110.95
13.67,112.95
12.26,102.96
15.56,121.48
2.69,61.38
8.89,86.94
11.92,100.75
19.6,132.5
16.44,114.01
11.36,101.65
15.33,119.16
7.53,71.73
18.45,134.89
15.53,120.46
5.99,70.79
2.28,49.13
15.13,108.77
2.85,62.6
1.54,51.1
12.36,103.34
1.89,50.83
18.82,127.31
7.7,81.51
7.41,74.13
10.24,95.84
18.48,126.39
16.08,119.86
4.16,68.59
8.81,83
12.4,98.98
7.85,86
15.88,111.99
19.32,131.49
19.04,130.82
1.53,43.92
17.21,118.33
10.49,94.89
13.59,108.55
11.54,96.43
19.49,133.2
6.88,76.26
6.23,74.96
12.79,99.74
9.46,82.63
13.66,102.47
2.84,56.01
6.17,73.23
17.44,123.37
4.32,59.52
19.12,138.02
13.99,105.79
10.94,93.06
9.36,85.55
15.19,115.06
5.36,66.85
12.71,101.67
1.86,45.56
16.57,122.86
17.47,132.51
6.2,68.26
16.98,130.07
3.66,57.33
16.87,120.62
8.52,83.74
11.49,94.64
6.64,71.04
13.66,110.64
6.76,69.56
14.1,106.21
6.74,78.14
10.58,89.94
4.79,58.57
15.89,118.72
5.07,71.38
15.1,113.35
9.52,81.24
18.5,132.9
11.77,92.65
19.38,141.4
13.53,112.23
12.4,107.33
12.7,103.47
5.27,69.55
12.23,106.67
18.04,130.12
8.45,84.58
12.13,101.91
17.33,124.53
18.93,128.86
11.91,98.43
1.64,53.35
9.9,88.94
14.66,114.99
4.2,61.76
13.59,105.19
3.75,53.92
3.89,65.07
1.05,42.08
4.53,67.52
10.27,90.97
11.25,97.59
1.65,54.02
15.38,109.31
18.78,132.01
6.16,75.86
9.89,84.94
3.06,58.87
11.21,96.95
17.64,124.62
14.07,111.1
19.89,136.28
11.29,96.81
8,74.06
1.04,48.97
19.12,130.24
16.18,122.4
18.52,126.29
4.78,61.7
8.23,77.08
19.45,137.38
17.01,119.74
18.41,134
18.28,127.67
11.65,99.64
17.36,127.97
16.63,114.85
3.15,50.62
15.16,113.03
15.03,119.83
12.63,101.66
10.73,97.85
1.58,51.22
4.39,69.42
16.39,120.86
18.02,131.65
14.51,105.31
2.12,54.04
8.48,86.89
19.22,135.09
3.79,66.31
19.48,135.47
5.23,67.52
5.72,64.34
17.19,121.18
2.49,60.25
6.36,76.91
9.01,87.94
8.48,81.52
6.13,70.01
15.12,112.64
16.6,119.35
2.98,55.91
13.4,106.09
16.72,126.31
7.79,79.68
12.57,95.59
7.38,75.32
10.32,91.15
14.43,113.26
4.1,62.33
11.15,88.56
18.44,137.17
16.62,123.74
16.24,118.65
19.75,139.76
16.75,115.9
15.31,118.25
6.75,72.03
13.97,108.77
12.35,95.87
15.87,125.05
19.27,134.54
18.18,130.41
4.47,63.46
17.62,126.68
4.46,59.38
11.99,94.72
17.62,133.55
9.18,91.93
17.58,120.06
18.97,138.07
17.14,119.39
7.95,80.47
13.57,109.63
11.18,96.99
11.22,89.5
10.35,88.06
18.55,126.4
9.73,85.84
16.38,123.04
5.08,69.06
12.68,108.23
1.25,51.66
19.32,139.65
11.31,93.58
18.57,137.24
12.29,102.03
11.28,99.11
8.84,84.84
15.05,110.16
18.63,125.37
18.77,135.62
7.07,69.77
18.41,136.4
12.64,100.69
16.81,121.85
6.11,66.76
8.06,85.24
19.39,134.29
9.53,86.25
1.62,44.17
19.67,140.71
4.89,63.52
12.26,95.45
14.74,112.11
6.65,70.51
18.15,127.74
11.07,92.16
13.88,112.1
2.22,57.53
16.21,118.45
13.68,109.66
13.48,112.99
11.75,104.59
18.09,123.09
1.86,49.21
7.67,73.33
15.65,117.66
17.73,126.85
13.29,100.81
4.93,59.37
6.7,78.34
16.8,120.76
10.78,95.13
11.6,92.45
4.71,59.28
6.51,77.84
13.98,109.29
2.45,47.13
10.73,97.44
12.29,105.9
18.54,130.22
11.05,97.25
14.69,107.63
11.48,103.68
6.68,80.77
17.15,118.5
18.38,129.53
8.88,91.57
11.17,95.95
11.05,95.42
16.96,117.56
4.34,66.99
4.83,67.6
6.78,73.59
14.89,113.87
4.16,57
14.4,105.9
4.3,63.92
19.3,138.89
19.54,137.5
2.84,51.23
14.66,110.12
10.73,93.07
13.92,110.13
14.13,113.87
15.02,118.31
5.42,64.05
8.21,77.78
10.47,87.14
4.67,60.3
18.95,126.13
2.08,54.17
9.87,94.25
9.96,86.53
7.35,81.41
15.07,107.34
11.31,99.4
19.16,135.59
13.66,111.1
19.67,139.56
11.16,88.75
18.29,127.18
6.9,70.14
13.4,111.29
16.21,117.04
13.86,107.21
2.48,56.69
1.71,47.88
15.01,119.95
4.55,64.61
8.08,81.72
5.94,69.58
2.72,61.19
15.86,121.3
3.93,65.6
1.16,43.67
2.36,56.2
7.61,84.76
14.56,113.62
11.89,93.46
6.51,79.82
15.52,110.96
5.93,73.23
4.89,63.98
10.48,93.01
13.58,112.04
7.08,78.77
15.77,110.9
3.83,61.4
10.45,92.2
19.17,139.7
15.59,112.38
15.44,112.81
18.75,126.3
15.92,119.24
11.42,92.64
2.93,53.57
11.36,94.97
16.6,125.28
19.73,134.1
4.54,68.43
16.54,115.04
3.31,63.7
7.9,81.38
2.5,57.57
10.1,94.55
5.85,73.92
12.46,108.38
10.73,100.24
3.43,60.82
11.88,105.88
16.45,116.11
7.12,82.25
4.53,61.83
6.65,70.68
3.57,63.95
14.07,113.01
3.9,61.75
9.08,79.65
18.41,134.95
4.68,57.55
4.47,62.76
9.31,92.35
4.45,59.33
14.16,103.47
19.37,129.37
16.66,116.37
9.18,89.05
19.85,141.08
18.68,126.72
9.11,82.38
14.99,120.85
7.57,73.82
15.13,112.72
12.07,95.54
4.12,55.81
15.46,112.54
3.71,57.85
2.76,53.79
10.51,96.73
3.27,57.7
2.27,50.53
19.89,133.46
6.54,72.05
3.01,52.12
2.94,61.35
3.84,59.11
4.77,58.45
19.12,139.19
5.65,74.29
13.3,104.26
13.59,107.24
1.03,50.47
19.45,134.13
1.25,54.87
17.81,133.24
2.22,50.37
12.81,107.97
5.5,72.51
3.21,57.63
12.59,108.6
2.95,58.91
12.6,95.68
5.97,71.04
15.43,116.52
17.91,121.75
8.17,87.73
16.09,112.64
2.68,51.22
7.78,79.55
4.7,58.54
19.76,143.18
5.75,68.17
8.67,84.22
8.84,83.66
9.58,82.43
8.69,78.91
8.79,88.1
3.98,54.66
19.85,133.98
9.81,91.37
10.32,90.22
5.42,65.85
15.65,115
3.82,64.34
2.31,54.37
16.9,125.33
15.99,120.46
17.26,123.81
15.5,123.25
2.57,60.12
13.8,115.04
7.52,76.27
12.06,97.15
7.44,71.75
15.92,115.96
5.2,69.99
9.26,92.31
8.18,75.55
13.02,110.24
5.95,75.65
19.12,134.94
7.48,76.73
12.37,106.65
10.7,87.15
12.94,99.43
10.75,87.76
19.72,140.17
5.4,67.88
5.83,69.55
18.29,127.71
7.94,73.79
13.13,98.34
14.13,104.33
13.9,114.48
5.68,75.35
9.71,86.33
18.77,131.3
6.93,77.36
2.03,57.9
6.67,78.39
10.61,94.23
13.76,114.8
8.97,88.54
16.75,127.29
3.66,59.38
16.71,125.65
15.86,111.72
15.73,121.72
16.28,113.16
14.42,113.32
6.87,73.64
14.82,112.59
1.31,43.31
11.61,94.96
3.3,55.04
15.38,110.36
10.11,87.85
5.36,71.62
16.87,117.35
17.12,118.94
1.58,50.79
5.74,73.35
8.9,80.18
3.77,55.37
18.07,123.78
14.92,110.78
7.53,72.15
1.14,52.82
6.28,74.55
2.74,61.57
2.76,58.19
17.62,123.13
5.05,71.36
11.68,101.94
18.5,133.33
19.15,132.78
16.13,112.58
11.27,97.27
19.51,136.86
14.6,106.59
13.83,109.8
14.96,120.52
14.37,110.3
4.61,66.03
17.69,120.3
3.4,63.15
12.23,96.38
2.82,54.73
18.99,130.8
15.19,113.9
4.67,59.46
15.6,112.8
8.3,75.14
6.06,77.81
10.37,94.26
18.2,129.77
8.88,90.84
8.43,88.98
11.79,103.14
3.29,52.88
2.04,48.02
2.51,58.64
11.74,91.74
6.99,79.2
10.5,89.5
11.73,95.79
19.92,143.33
17.34,123.38
16.61,127.23
4.72,63.19
7.39,72.1
12.15,96.24
19.51,132.38
2.61,56.84
18.97,129.4
12.35,97.63
3.32,55.31
11.87,97.78
6.59,77.42
17.78,122.97
6.12,76.24
10.5,87.97
10.54,87.64
15.33,110.82
5.01,71.88
6.73,80.02
4.72,69.36
2.63,59.08
16.03,114.4
18.13,130.82
13.8,108.32
8.08,75.39
10,87.53
9.14,89.4
8.28,78.05
12.44,102.98
5.38,69.37
15.04,119.61
14.52,115.98
18.68,127.99
14.99,112.55
15.41,112.27
2.74,48.67
4.45,69.28
17.69,131.03
12.96,104.83
8.91,80.64
3.87,58.82
12.03,97.33
13.82,110.13
15.57,116.84
14.8,116.25
18.79,135.19
4.28,61.75
9.62,89.55
16.56,123.52
13.48,109
18.97,136.37
8.08,76.36
3.01,63.12
16.76,126.12
15.46,112.66
13.66,110.08
12.2,93.66
19.86,136
11.29,95.8
14.43,117.3
19.35,131.41
10.86,98.38
8.49,75.79
8.32,74.95
16.28,124.59
6.91,68.84
9.45,86.1
14.57,105.03
11.34,93.96
16.47,117.32
10.32,94.41
15.15,108.26
6.7,72.67
7.41,79.7
9.78,86.89
16.1,113.98
10.15,93.53
14.06,103.08
14.3,115.64
19.83,133.75
5.26,68.36
3.2,63.02
1.76,55.99
3.31,57.93
13.06,100.49
12.06,105.18
14.61,105.59
16.2,114.97
17.08,121.25
7.09,71.55
2.39,60.23
19.02,139.7
17.88,127.9
14.86,107.84
2.71,54.17
12.11,98.29
8.02,75.56
11.76,99.9
14.67,112.06
18.61,137.4
19.41,138.41
9.72,93.99
1.75,50.16
16.39,123.17
15.16,120.37
14.78,107.56
5.05,69.17
8.88,85.79
5.84,76.85
10.71,89.11
6.06,68.63
6.83,69.4
10.19,85.7
5.47,68.67
13.82,102.27
16.04,123.55
12.24,106.84
7.65,84.95
15.53,115.83
12.02,92.78
9.88,92.69
8.87,85.99
18.59,131.6
15.6,115.61
2.93,54.07
10.05,83.35
13.08,100.92
3.41,51.86
15.51,116.7
15.69,111.49
6.69,70.39
14.37,117.6
19.99,141
15.03,111.14
18.08,128.3
15.13,112
9.3,90.08
7.21,80.75
9.66,82.26
18.34,124.59
8.66,86.66
13.29,109.66
6.82,81.66
17,122.65
7.84,82.5
18.27,132.24
4.63,59.73
19.64,135.35
3.75,65.29
14.02,111.2
3.91,56.66
15.47,116.76
1.55,46.24
10.16,96
5.8,71.18
2.49,55.79
12.14,94.24
12.85,100.03
2.73,56.92
2.5,52.27
8.12,80.53
9.57,91.51
3.85,63.91
6.1,71.75
9.18,80.52
16.77,118.92
18.88,132.47
18.56,129.4
11.91,92.63
19.54,129.12
19.4,128.61
16.67,117.48
11.11,92.34
12.11,102.27
10.59,89.57
6.52,76.17
17.44,132.38
6.39,76.19
4.42,62.03
11.25,101.05
14.56,118.54
8.41,87.61
8.2,78.11
7.63,75.99
7.76,74.29
19.66,135.68
9.69,94.61
1.74,46.41
11.91,94.23
6.44,76.95
15.55,112.18
15.42,109.28
16.96,127.46
8.05,75.52
10.25,88.58
2.8,52.25
6.79,81.05
4.05,65.72
6.46,74.98
19.66,137.32
12.57,96.95
15.34,113.91
15.8,117.72
18.79,132.16
10.48,89.74
2.2,58.62
16.12,123.44
12.29,103.59
5.98,75.7
15.34,113.97
10.15,86.58
11.72,103.69
19.38,133.94
10.8,98.5
4.59,68.86
12.35,96.34
10.93,99.16
12.84,97.16
4.68,65
2.17,45.64
11.39,94.6
16.73,127.75
5.17,68.95
14.95,118.49
1.9,51.41
11.52,104.12
15.75,117.51
18.21,123.75
18.42,131.96
8.73,80.64
6.9,71.73
16.15,123.95
5.56,70
19.93,140.26
4.16,62.68
6.41,66.39
8.79,86.95
2.36,59.99
7.93,79.58
18.95,131.21
2.22,52.82
19.37,134.45
4.56,60.08
8.7,84.42
16.66,124.3
7.91,86.04
12.03,98.33
1.22,42.34
17.26,118.79
7.87,81
7.92,82.06
16.33,115.04
5.47,70.93
17.39,118.86
5.97,64.61
16.6,128.12
3.55,65.37
6.12,69.02
14.95,108.06
13.84,103.69
16.41,122.5
10.41,87.43
13.01,110.43
10.49,89.73
8.94,82.42
6.4,66.11
13.51,107.99
3.96,54.53
12.81,104.33
17.13,122.73
13.26,104.82
15.93,111.8
1.63,47.8
16.51,116.15
13.13,103.85
13.54,101.69
9.62,86.83
10.24,96.06
16.2,121.76
7.59,78.44
18.65,135.97
8.73,81.17
3.33,61.53
4.55,69.01
12.81,102.42
5.85,76.23
19.09,136.48
2.68,58.52
10.29,93.14
1.74,49.41
7.18,71.78
12.94,109.39
15.83,122.48
12.45,99.4
3.36,57.93
9.9,89.47
7.52,76.73
9.57,91.2
1.65,45.74
2.61,60.77
15.06,111.35
17.82,121.17
7.12,70.8
16.36,115.39
4.47,57.21
9.52,91.82
9.06,91.78
4.38,58.02
6.21,72.93
14.02,109.38
7.56,78.82
12.54,107.72
11.81,96.11
5.11,68.54
17.58,127.83
7.88,84.93
18.79,126.02
3.28,59.27
12.39,95.61
17.2,129.69
15.22,112.64
13.02,108.81
15.57,109.98
5.49,73.94
17.53,123
3.96,64.93
18.28,123.03
7.35,71.05
9.86,84.95
12.02,98.03
7.1,72.98
17.32,124.99
12.82,103.83
18.47,124.24
7.28,71.91
19.16,133.32
15.72,117.75
5.91,64.47
8.36,78.76
2.09,50.54
19.16,132.46
1.23,41.92
19.3,131.79
1.92,45.65
17.14,117.81
10.46,89.51
6.06,66.72
15.13,120.91
13.58,105.17
16.6,118.49
15.52,123.17
13.95,104.1
16.22,114.26
2.35,49.42
10.95,90.44
5.26,62.15
8.08,78.09
16.8,127.12
7.82,84.69
19.56,141.88
10.24,88.06
1.08,51.39
16.16,125.61
10.76,95.58
8.1,75.78
18.87,135.98
17.23,123.5
8.99,91.97
7.12,82.09
17.96,133.54
12.72,96.42
13.3,111.51
8.91,81.78
15.61,123.56
13.37,104.49
4.32,58.36
2.84,58.61
4.99,62.47
4.96,69.33
19.87,133.41
11.05,92.56
19.48,134.31
5.86,68.94
8.45,86
15.9,114.6
12.86,106.5
6.93,75.74
11.74,101.76
16.83,122.61
11.58,90.59
2.82,57.15
10.99,91.99
7.73,79.54
6.82,68.71
19.87,137.78
7.37,78.93
7.69,75.68
4.58,67.63
7.24,70.94
13.24,112.32
12.16,102.79
5.66,66.96
9.65,83.85
11.37,103.02
16.67,128.44
10.63,98.37
13.45,106.56
15.09,113.9
17.83,125.02
11.65,100.43
17.17,128.43
1.41,41.94
10.87,90.23
9.33,90.58
3.54,61.36
1.99,44.85
2.62,51.33
16.45,120.9
2.85,49.5
10.18,85.68
1.85,52.81
10.65,87.76
19.84,131.62
7.87,81.43
6.14,65.1
7.07,76.2
14.01,111.88
17.34,130.53
4.09,58.89
3.88,66.97
9.31,87.44
7.08,82.21
12.09,99.17
9.8,94.01
10.35,97.32
12.43,95.95
12.41,99.54
1.53,52.42
9.99,91.62
15.32,115.4
1.79,44.69
1.14,41.1
12.37,94.89
19.8,143.08
17.43,126.38
7.34,74.82
14.44,108.02
19.6,137.56
7.51,84.96
8.76,78.91
2.82,49.74
9.58,94.31
1.99,56.17
3.13,53.09
4.2,60.86
3.16,58.05
14.01,104.68
3.41,61.55
18.12,125.85
17.61,121.77
13.59,112.48
11.82,97.79
3.2,56.94
8.4,84.02
11.9,93.99
18.87,126.41
11.81,100.42
18.35,124.21
8.84,86.85
8.3,84.09
17.18,130.76
9.84,83.44
13.14,104.72
5.91,64.1
2.97,56.18
6.86,79.38
1.88,45.15
1.41,46.24
11.19,102.37
15.05,112.48
9.42,86.5
9.17,84.31
15.7,112.76
4.69,59.14
3.83,58.77
1.87,52.44
19.97,143.11
13.57,101.19
6.64,74.14
2.16,52.69
18.49,129.56
8.86,83.48
19.21,139.32
9.2,86.97
11.41,100.01
1.87,44.17
2.33,59.1
7.16,81.25
15.74,110.9
16.77,128.94
4.42,61.22
17.66,121.55
15.98,125.04
8.26,79.02
1.07,43.4
6.16,73.75
6.13,70.08
13.15,108.86
16.11,123.74
3.23,53.74
9.18,90.64
3.88,59.98
10.98,100.66
3.83,56.83
17.07,118.62
14.01,113.19
17.69,132.13
5.48,72.79
2.97,50.53
3.58,57
2.1,58.17
14.4,117.91
6.16,71.13
15.53,122.07
8.72,82.57
19.56,142.05
4.21,62.06
14.88,111.66
16.86,119.02
10.66,91.25
9.64,81.77
19.05,126.62
2.35,47.75
2.11,56.22
11.07,92.89
5.92,70.18
14.51,109.29
5.85,63.92
5.76,66.25
17.99,123.08
2.77,48.48
10.21,95.19
9.54,82.07
6.37,68.66
19.55,142.32
2.62,47.65
6.29,79.02
3.78,58.1
1.68,44.7
17.32,127.45
7.77,84.77
18.41,134.67
4.19,62.43
17.97,127.47
14.92,107.42
9.8,82.55
12.64,108.12
14.2,109.31
13.59,102.23
3.6,55.12
17.75,129.92
13.16,112.1
4.71,69.32
3.31,61.67
10.59,97.9
14.87,114.47
11.9,93.16
2.91,51.23
12.13,107.19
13.68,110.71
9.52,91.88
5.43,67.81
4.27,58.08
5.53,61.65
18.14,126.2
9.55,85.03
9.25,84.31
1.19,43.1
6.46,67.14
2.01,51.52
13.61,102.94
7.5,73.6
17.68,124.93
13.01,99.6
2.46,55.71
14.43,110.95
7.3,70.73
6.61,74.73
9.24,92.52
7.17,71.74
19.32,132.5
4.93,62.17
9.98,86.5
3.15,55.52
16.94,128.35
9.44,80.51
3.86,65.08
18.93,135.08
13.67,105.75
4.06,56.74
14.37,113.89
5.11,64.21
10.84,87.32
2.29,55.6
10.74,87.78
15.1,108.78
7.62,74.54
5.2,67.89
15.94,113.33
18.93,133
7.43,84.02
3.44,52.91
2.09,50.7
7.88,82.37
1.78,55.33
4.12,59.29
10.21,96.27
10.11,96.34
7.59,79.3
6.65,73.5
19.55,135.1
17.26,124.58
5.9,77.07
3.53,59.21
3.29,51.84
11.91,98.15
10.06,94.28
6.05,74.92
18.62,130.55
1.02,46.28
16.31,122.81
18.98,133.73
8.4,77.99
17.32,130.22
7.87,75.1
2.12,56.83
17.08,127.21
12.6,103.04
12.37,106.49
8.84,79.5
4.25,63.65
3.97,54.6
3.81,59.08
7.58,76.12
15.43,113.85
17.05,126.63
9.89,95.3
13.19,105.32
7.49,72.29
16.09,123.94
6.83,81.28
15.35,121.99
12.34,101.82
11.02,101.82
19.59,132.07
7.79,76.01
12.17,101.28
18.45,127.21
9.53,88.35
4.53,61.53
1.08,45.85
9.63,90.23
5.52,71.65
5.01,67.82
5.14,65.61
16.28,120.26
3.52,62.1
3.24,54.26
3.95,59.18
14.44,105.49
14.51,112.09
2.77,54.18
19.52,132.47
4.2,55.51
13.93,109.08
18.66,133.14
11.74,102.82
19.4,128.64
1.57,48.46
9.45,82.14
17.12,122.76
10.21,91.98
19.82,142.37
4.91,65.33
18.13,130.55
16.74,123.28
16.4,119.95
11.88,105.6
17.87,126.14
6.54,70.29
7.59,75.84
1.98,47.87
16.19,122
2.99,51.36
9.75,88.31
19.24,140.93
1.29,50.07
10.69,96.46
5.46,67.53
8.71,84.9
13.74,108.28
3.8,63.2
19.92,140.89
12,92.72
16.89,129.53
15.27,122.07
3.91,61.67
7.7,80.09
10.83,99.7
4.01,64.65
17.15,123.6
4.86,70.8
9.64,83.18
13.02,107.22
9.07,80.75
9.25,90.43
15.2,111.91
10.48,89.6
14.08,107
14.7,111.23
6.38,71.99
2.69,49.6
1.2,48.18
19.29,131.16
19.67,135.2
1.07,41.95
5.2,61.51
9.51,86.09
17.27,122.09
13.99,105.17
7.11,73.72
7.35,78.91
17.59,132.59
6.6,75.86
1.25,44.45
9.32,90.8
13.22,108.31
18.57,133.7
1.6,44.31
7.44,72.8
18.31,135.91
2.75,49.8
6.69,71.73
16.14,122.69
17.36,131.09
11.87,92.54
17.89,133.99
10.07,95.01
5.57,67.96
11.01,95.92
16.14,122.65
19.91,138.46
6.43,79.04
19.16,136.49
11.1,100.47
6.09,70.07
9.97,84.26
9.62,81.51
10.79,88.54
4.42,69.45
2.25,47.87
6.4,78.82
6.62,75.19
11.71,97.86
10.41,93.82
15.51,115.1
11.86,93.25
10.26,96.7
11.13,99.45
19.22,129.19
1.58,56.27
17.39,125.14
6.49,72.54
14.24,113.14
1.02,49.06
7.76,83.91
1.34,49.51
17.83,130.18
18.32,131.02
12.79,108.17
15,110.24
3.9,67.53
11.84,103.45
16.91,125.94
13.53,103.54
15.97,113.03
5.76,66.38
11.74,91.49
9.31,85.59
1.12,47.36
12.24,96.81
18.3,136.2
5.16,61.96
10.87,88.41
6.9,78.81
1.1,47.27
10.84,99.06
8.95,87.62
14.89,114.2
16.1,121.85
17.97,131.79
8.13,82.66
3.22,53.31
3.77,66.65
9.47,84.77
3.81,57.43
16.69,118.73
5.93,72.4
3.36,54.42
8.72,90.29
6.13,74.19
8.62,80.3
17.02,117.05
17.44,124.26
14.18,103.39
18.85,129.79
8.9,78.67
14.89,117.2
15.41,121.54
14.37,111.89
6.64,71.38
9.81,88.79
18.98,131.07
13.26,112.35
3.69,60.44
17.09,118.83
15.63,117.85
16.59,118.59
4.28,57.35
8.1,80.89
16.23,114.92
13.87,112.75
7.87,78.21
18.93,134.76
10.62,87.37
13.61,104.28
9.09,86.43
17.6,132.8
18.04,124.8
3.63,64.12
13,100.73
5.13,65.8
19.88,132.75
12.47,107.03
8.91,84.21
8.66,89.39
2.92,62.41
5.64,64.11
16.54,118.43
4.42,60.79
18.02,124.25
15.85,123.2
14.68,119.45
17.65,121.61
7.2,79.98
13.13,109.68
18.26,134.04
19.51,139.28
7.21,83.33
8.98,87.49
18.87,128.38
19.86,131.31
7.5,80.01
14.36,105.45
16.69,125.41
14.01,115.68
13.62,103.47
3.64,57.04
10.92,94.75
11.44,103.42
12.13,105.87
17.57,124.39
5.55,64.29
13.38,112.66
7.84,74.05
6.05,72.16
11.69,97
15.38,121.52
19.57,136.34
18.95,128.92
8.2,75.54
15.84,120.41
15.32,120.34
3.81,66.49
12.89,109.45
11.4,102.2
14.86,118.22
8.51,83.94
17.06,126.23
17.35,131.38
17.81,124.28
9.85,92.89
11.52,91.45
17.92,133.4
4.09,55.7
14.08,112.97
9.06,79.66
17.52,127.59
6.83,73.02
11.37,93.18
6.3,76.16
2.96,61.57
10.78,98.89
12.22,99.33
18.07,134.9
6.54,74.72
18.06,133.88
13.78,109.96
13.12,98.53
4.13,68.53
15.38,121.29
10.16,94.35
17.36,130.51
9.15,92.05
13.78,111.89
8.62,77.49
4.47,66.49
1.53,48.24
8.65,81.87
13.73,108.32
11,89.08
14.55,116.9
12.34,107.16
17.5,131.44
19.87,130.86
18.69,134.22
7.13,79.25
14.32,104.76
11.33,103
1.34,53.24
8.6,84.89
3.05,56.4
10.32,86.59
14.51,111.7
11.57,103.97
13.8,106.91
16.36,121.85
19.45,137.81
8.31,76.19
7.86,79.59
5.74,72.37
3.22,64.34
3.36,57.28
11.44,93.84
6.27,69.45
6.13,71.74
5.62,64.08
8.4,86.62
16.39,119.27
3.28,59.78
17.01,120.92
9.9,86.03
15.77,115.08
19.82,144.01
17.47,128.41
15.98,120.92
10.32,92.43
5.34,66.77
3.49,52.98
2.12,55.38
16.62,117.48
18.1,124.49
4.02,57.77
6.67,76.24
4.82,67.87
16.2,125.02
16.8,119.36
15.27,109
8.98,85.16
15.69,121.23
17.15,126.22
3.22,62.78
5.81,63.43
7.67,72.61
1.27,52.67
2.7,55.46
17.91,125.47
14.29,104.5
6.84,73.75
5.04,71.92
4.35,57.9
17.62,129.92
16.13,124.03
1.86,51.69
13.81,112.64
8.6,76.67
7.6,79.03
13.13,110.78
11.02,93.93
3.8,58.83
3.82,66.85
7.25,77.99
3.8,64.24
11.21,94.44
1.96,56.03
16.98,126.22
14.37,114.44
1.88,48.17
14.55,106.56
14.35,107.78
9.22,83.05
1.57,52.86
11.86,100.58
19.54,139.57
15.36,121.84
17.31,125.56
12.62,108.89
6.58,73.92
5.03,60.08
7.88,79.23
19.14,130.59
5.15,65.55
4.82,63.69
12.29,95.72
5.96,69.44
18.19,129.38
11.27,93.45
18.1,134.85
18.89,136
2.49,57.34
16.86,124.94
6.74,67.99
4.5,61.82
7.24,80.49
13.48,100.25
4.8,65.14
16,114.12
14.48,114.93
11.31,101.53
8.17,78.6
16.63,116.48
13.52,103.8
16.14,122.95
7.18,78.25
2.48,52.6
5.26,65.55
3.16,57.57
17.66,120.24
7.66,85.22
12.5,101.92
1.12,53.86
3.94,65.69
11,96.32
1.11,48.9
2.01,56.59
16.79,122.2
10.2,94.87
16.24,118.75
19.1,137.76
14.27,115.97
16.28,123.95
1.37,48.52
8.49,82.2
11.58,92.17
6.65,75.12
3.37,60.29
15.03,114.05
8.76,87.8
7.5,75.36
3.42,54.48
10.73,99.06
19.42,138.35
1.63,44.07
19.98,137.76
14.55,105.39
10.34,95.55
3.79,61.89
8.57,78.6
18.73,127.68
18.02,127.32
18.39,126.87
14.6,118.36
6.42,75.25
5.21,68.53
12.66,104.64
9.04,78.8
3.87,60.01
8.33,84.89
19.28,139.85
15.1,119.35
14.98,113.63
5.82,68.19
7.4,75.9
12.85,107.42
9.32,85.22
1.48,50.33
16.16,114.35
1.67,55.11
1.57,55.69
18.73,134.72
18.56,132.11
11.8,102.46
13.46,112.02
5.75,70.68
9.85,83.98
7.71,80.39
13,104.33
12.63,106.44
16.34,115.24
6.41,78.12
2.34,54.35
13.44,110.59
5.58,68.63
11.8,100.58
6.92,69.83
19.22,132.85
2.09,55.82
11.81,97.96
4.11,60.51
6.9,68.16
9.41,93.16
19.63,137.87
19.32,139.7
6.19,65.88
4.69,65.45
6.72,72.87
9.47,83.18
2.38,56.28
5.66,72.99
12.93,100.99
8.97,83.9
16.1,113.31
1.03,47.02
15.38,113.23
6.08,66.49
18,123.78
10.37,92.51
12.42,102.25
5.79,72.87
1.38,47.71
7.41,71.25
18.46,130.15
13.02,105.29
3.72,60.14
10.73,94.27
7.74,80.05
12.36,100.65
1.23,42.41
19,136
16.06,124.71
1.21,43.03
18.24,133.48
18.52,129.33
1.4,52.75
19.32,136.72
14.58,118.56
6.3,73.15
14.56,111.77
3.87,65.87
6.93,81.54
9.53,88.4
14.67,105.8
1.83,46.81
6,76.42
6.51,79.06
13.64,100.49
17.94,125.34
16.8,116.36
15,120.58
17.58,126.62
10.98,95.6
6.66,78.81
6.03,74.42
12.16,95.46
19.53,132.41
12.41,97.55
4.1,63.15
10.85,100.75
18.23,123.89
6.26,77.26
12.89,101.82
14.14,112.29
17.35,123.79
14.83,116.19
13.32,112.54
12.76,105.65
6.9,79.6
15.96,114.94
15.14,119.86
15.67,115.59
11.14,98.29
12.56,96.06
9.9,92.65
8.17,80.94
6.53,78.62
17.34,124.56
15.35,120.68
10.83,90.34
7.12,70.87
5.49,61.61
2.32,49.07
11.42,103.16
13.36,100.98
6.31,69.99
8.01,85.29
16.7,120.76
14.41,105.3
10.79,97.02
17.7,120.5
15.26,113.52
5.78,72.83
18.07,122.96
13.96,114.75
3.2,54.45
3.51,52.74
11.9,102.29
3.24,59.51
15.8,122.49
16.74,123.97
19.02,131.1
19.88,133.6
13.11,107.34
16.69,117.54
2.45,46.9
12.66,107.34
18.46,127.32
16.18,115.31
7.75,75.58
12.66,104.69
15.97,121.27
12.44,104.4
11.18,90.32
12.64,100.69
5.89,70.87
2.51,57.91
1.9,50.87
13.87,104.5
9,91.34
13.93,110.91
12.91,99.52
12.28,101.01
19.88,137.64
18,124.66
6.17,70.11
19.21,138.44
4.1,62.3
10.4,90.05
10.44,98.96
2.48,55.36
15.38,110
12.26,100.95
18.22,136.29
13.93,110.65
14.7,108.39
10.67,86.96
2.51,47.73
9.43,89.1
18.33,126.6
9.65,84.02
15.61,110.43
7.27,81.25
4.78,61.46
1.51,46.96
8.75,86.1
15.04,117.75
17.71,123.12
10.71,87.77
18.75,126.61
9.9,95.92
8.77,87.37
1.09,52.01
18.58,137.18
10.35,97.33
9.38,85.54
7.62,82.79
1.83,53.31
11.35,99.41
4.46,62.84
17.47,129.3
16.18,125.64
10.98,92.29
2.07,51.79
18.65,127.63
12.75,98
14.46,108.81
14,103.15
6.97,73.33
5.41,70.15
15.61,112.18
4.31,63.89
8.55,78.54
8.07,85.67
12.81,99.07
14.79,107.23
3.64,61.24
15.78,113
2.33,59.95
11.36,92.08
18.02,134.79
10.94,91.89
6.15,70.92
2.43,46.75
1.69,54.33
13.32,107.06
1.16,45.94
11.15,92.21
8.14,85.82
3.06,50.99
15.86,119.01
15.66,114.66
8.94,90.52
1.6,45.63
14.45,111.66
9.22,84.34
8.83,87.72
6.56,80.02
5.37,71.73
9.32,88.33
5.25,64.66
8.58,84.13
13.31,108.57
15.67,118.94
1.25,50.6
14.02,115.71
9.6,92.46
12.22,102.15
14.93,112.01
16.65,121.21
10.08,95.75
13.05,109.68
9.24,85.45
13.31,104.56
17.39,123.07
19.17,130.16
8.24,87.28
6.46,79.98
16.73,120.14
19.35,136.63
19.8,130.22
12.63,95.92
5.97,71.26
15.83,120.23
11.77,102.35
19.93,141.37
3.32,53.01
17.94,124.85
17.49,122.9
8.37,88.59
13.34,109.86
3.71,58.91
9.89,89.09
14.19,113.87
8.43,85.91
1.44,55.86
18.87,132.65
10.09,95.6
1.76,43.48
6.09,70.72
17.21,127.06
19.45,136.23
2.61,55.08
15.74,123.77
11.94,105.01
8.43,89.06
6.18,70.8
16.92,117.76
18.01,132.64
12.01,96.73
17.8,126.56
13.89,104.88
9.6,84.4
19.06,127.98
16.64,116
6.83,71.43
19.66,137.31
15.17,118.47
10.78,92.62
14.04,102.62
8.05,78.28
12.62,106.86
12.76,100.19
5,64.28
11.05,96.01
10.15,90.65
11.59,92.04
10.41,93.11
2.27,55.36
15.68,115.19
17.14,121.59
10.14,91.58
16.07,123.72
18.05,132.81
5.99,67.82
17.16,122.6
1.41,55.31
2.61,59.28
15.79,123.46
15.39,117.72
14.03,107.31
10.79,98.29
7.9,80.75
17.42,119.69
6.26,74.53
15.6,113.25
11.62,102.76
14.3,105.79
12.07,103.04
12.04,101.52
17.79,131.55
7.15,78.74
5.69,70.92
18.52,130.4
1.82,51.42
6.75,74.88
3.62,61.02
8.14,77.31
19.18,137.95
1.1,47.34
11.07,94.97
16.93,122.19
12.33,101.69
4.86,59.3
2.85,54.41
11.06,97.95
13.05,107.75
19.78,134.66
14.7,112.11
6.96,69.66
18.26,124
19.99,131.08
3.07,59.67
7.35,73.05
14.26,115.5
19.35,133.75
5.29,70.86
19.27,135.41
16.36,124.73
11.6,99.38
11.22,101.96
2.03,45.07
10.03,97.04
11.58,98.31
2.34,47.76
11.01,89.79
2.41,47.55
7.26,73.35
6.25,77.25
5.57,71.72
13.33,99.72
12.8,98.42
14.63,111.98
4.72,62.55
5.68,72.65
13.52,105.26
11.61,94.12
1.83,44.89
2.34,55.65
11.8,95.44
17.62,126.74
18.28,123.46
9.39,88.92
2.92,58.99
15.65,113.59
10.96,91.55
11.91,102.54
13.82,111.94
6.92,69.8
13.84,108.05
4.11,56.05
14.86,109.07
6.06,66.28
19.36,140.32
15.95,125.12
8.44,78.52
13.68,101.24
17.81,124.43
3.21,58.62
9.59,82.72
4.34,67.76
4.63,70.18
18.91,132.07
13.53,101.61
6.08,70.47
12.7,105.02
1.31,44.53
7.11,71.43
5.21,65.58
17.48,132.49
14.19,106.29
5.21,72.14
18.73,131.23
19.15,131.15
8.71,82.11
17.12,123.63
11.04,96.43
16.69,117.67
18.59,136.12
18.76,136.84
16.14,122.13
6.83,76.23
9.82,84.49
6.96,77.65
9.31,87.78
8.03,78.87
11.75,104.51
2.57,54.01
3.13,62.48
14.35,112.25
16.62,116.07
2.57,61.19
7.04,73.08
12.23,95.17
8.57,86.56
14.08,106.95
2.27,51.88
3.25,51.77
8.05,81.48
18.37,127.65
8.23,77.27
13.86,110.99
17.67,129.95
16.71,116.06
12.33,106.66
15.91,120.77
2.51,53.41
6.26,68.19
10.27,93.51
5.32,64.19
18.82,126.52
18.81,134.74
4.71,66.6
10.49,97.24
16.24,122.79
13.51,100.49
19.43,137.34
11.77,104.56
16.37,118.59
3.56,57.7
14.88,111.77
18.85,126.06
2.81,60.12
17.74,133.49
9.24,82.81
2.03,55.04
16.68,128.49
10.98,99.55
5.83,72.89
19.52,138.15
1.51,49.71
8.81,77.38
11.99,95.53
8.57,86.55
5.6,72.37
10.78,87.34
16.46,123.54
19.63,132.58
19.82,133.34
13.79,104.32
1.1,47.96
19.41,129.96
1.85,52.25
3.37,58.26
6.1,69.68
3.84,58.36
10.83,95.78
7.9,81.81
1.61,43.62
3.06,52.7
15.5,122.65
6.76,71.65
2.86,55.66
16.25,124.43
2.69,52.04
15.43,114.02
10.6,98.94
9.47,88.2
6.38,70.8
5.5,62.78
5.11,71.15
14.4,113.75
19.04,129.29
1.67,51.86
12.59,99.13
4.99,72.55
13.54,101.95
13.63,103.93
15.95,124.49
8.14,78.77
18.44,127.97
11.9,105.09
14.07,111.74
11.24,97.96
18.68,135.68
4.61,68.84
1.56,50.67
8.64,83.53
4.82,59.91
6.24,78.4
1.84,54.6
16.13,114.53
18.58,133.45
12.26,104.18
1.73,49.7
15.26,113.53
4.93,61.86
17.69,130.95
15.5,121.62
17.71,127.62
2.54,54.2
3.68,62.4
12.25,101.98
2.51,55.99
7.74,84.57
5.96,75.55
10.87,93.1
11.21,94.5
5.82,76.71
18.23,127.72
19.33,141.41
2.02,52.21
17.9,129.22
15.51,110.19
8.44,84.17
13.87,114.42
11.09,92.46
2.43,52.51
15.08,109.54
13.42,112.66
14.19,111.89
10.41,96.23
13.81,114.76
13.96,114.75
1.82,53.78
5.89,70.67
12.94,107.53
10.33,90.56
2.94,57.83
13.33,100.39
14.09,114.19
14.68,118.65
15.81,112.64
16.3,120.4
6.09,64.38
3.26,54.77
14.45,106.16
16.42,121.9
12.4,94.68
2.1,49.95
8.51,84.48
3.3,55.7
1.91,50.21
7.58,80.82
4.49,58.92
6.32,73.38
5.24,64.57
8.09,78.18
1.56,43.08
19.48,132.01
18.41,127.01
11.43,97.83
2.66,59.13
8.04,76.37
16.98,117.74
2.3,58.91
3.16,58.21
16.26,123.33
4.66,58.57
19.66,142.26
13.87,111.7
14.92,112.01
1.28,52.34
12.04,96.05
4.55,60.6
1.88,53.45
8.26,80.24
2.79,57.79
14.79,116.32
13.56,113.55
8.52,84.3
14.25,108.19
14.42,112.98
9.3,84.72
19.75,131.91
16.92,127.78
7.25,75.62
8.77,87.03
11.23,101.25
17.45,124.82
17.36,120.53
7.16,77.57
7.02,73.13
19.69,136.74
14.7,114.09
10.49,91.31
14.57,116.76
10.62,97.86
8.29,88.03
19.7,138.94
6.82,74.16
9.21,80.09
2.66,48.06
1.76,57.28
14.71,106.37
7.22,71.78
7.91,75.84
18.71,132.61
7.13,73.28
10.98,88.21
8.1,84.66
1.61,48.53
14.31,103.83
13.05,100.27
2.12,57.06
5.46,73.24
19.65,132.59
7.85,77.18
2.97,62.58
14.03,115.33
18.95,135.79
13.24,100.59
14.49,105.21
16.65,127.86
19.17,140.86
2.97,51.75
4.55,59.67
14.9,106.77
14.53,107.21
16.16,121.28
7.65,82.8
16.32,125.92
16.1,113.54
6.67,71.3
14.94,110.36
14.93,113.69
1.78,44.92
2.38,56.02
12.76,102.68
15.82,121.98
14.81,112.71
4.47,69.13
17.48,126.34
8.59,84.51
11.62,95.16
6.58,79.64
11.94,97.51
3.74,60.28
10.16,84.23
19.96,141.16
11.18,97.68
18.05,134.93
6.66,72.7
9.5,88.41
10.72,91.49
8.83,77.63
2.85,51.37
6.77,70.25
7.18,69.75
4.13,65.42
10.58,89.72
19.9,136.3
15.44,113.67
10.94,90.78
14.92,113.03
6.5,71.18
6.15,70.61
5.23,70.93
9.63,90.89
4.45,57.3
10.74,97.82
3.99,57.56
10.17,97.65
2.65,48.36
13.79,109.26
10.23,89.71
6.03,75.57
7.71,84.25
12.94,104.55
1.86,48.05
4.59,59.15
2.56,60.01
18.18,130.82
2.51,57.46
14.38,116.45
6.04,64.43
9.54,94.72
6.36,77.65
5.79,64.08
5.37,67.26
5.31,70.91
3.82,62.79
1.17,49.07
8.57,85.14
12.61,95.64
13.17,108.54
9.47,84.51
7.9,75.24
12.45,105.78
4.21,67.75
14.17,114.76
6.1,75.26
17.22,121.4
17.74,120.83
14.82,107.89
10.66,92.81
10.61,95.9
6.05,78.02
7.86,74.59
15.04,115.05
16.95,129.17
2.28,50.99
1.98,50.68
4.75,70.54
15,110.1
10.86,94.56
10.89,91.07
7.4,72.98
19.22,128.69
17.66,129.86
4.49,57.98
15.77,112.37
5.42,65.3
6.32,66.11
8.52,87.68
11.66,104.77
3.84,61.17
18.35,133.23
10.67,94.09
14.82,119.29
17.74,131.49
10.21,87.01
15.04,118.43
4.74,65.74
14.35,105.57
1.37,49.68
17.13,123.18
19.4,134.51
7.31,84
19.28,138.65
13.21,99.01
12.95,108.23
2.52,52.14
12.23,95.95
6.16,64.63
4.34,56.82
16.43,115.16
15.26,119.17
7.72,85.26
3.88,65.54
14.77,107.05
17.87,121.94
18.19,134.75
2.75,56.01
18.73,137.28
8.78,83.15
2.58,60.55
6.4,70.82
17.58,132.26
7.56,81.92
15.2,115.03
16.97,118.31
10.69,89.77
7.26,74.39
16.63,116.1
2.56,53.06
8,85.85
17.89,127.33
10.21,93.49
5.5,68.54
7.98,83.47
1.92,50.4
3.91,62.59
9.52,89.25
9.99,96.29
5.68,67.62
6.66,69.69
2.91,62.56
4,55.51
11.67,93.97
2.12,52.7
9.52,83.05
13.93,110.03
5.9,73.18
13.87,106.71
11.81,97.54
4.23,68.05
13.05,105.74
15.07,108.7
12.78,109.65
11.04,92.5
4.66,66.53
5.5,69.7
8.8,83.5
3.71,54.09
3.2,51.34
9.11,85.21
6.47,73.69
8.8,82.1
2.1,53.07
10.94,100.42
7.35,75.9
2.48,53.43
5.74,74.47
4.55,59.88
17.63,124.09
8.41,75.8
18.33,136.5
16.8,124.22
6.79,73.73
2.01,49.44
19.77,141.02
15.13,120.76
5.11,66.35
1.22,47.92
4.41,64.35
1.29,51
17.23,126.02
1.63,43.74
6.78,75.06
6.44,76.52
17.52,121.45
3.14,53.18
19.24,133.96
6.74,75.13
8.5,87.54
13.97,110.26
10.57,93.38
6.35,78.45
9.14,85.22
13.14,105.34
7.51,71.52
2.93,55.35
11.09,90.28
4.41,56.44
11.21,91.31
6.46,71.26
16.88,122.52
9.62,83.69
14.66,106.73
16.62,116.36
8.05,81.4
1.5,45.09
6.99,79.04
15.52,113.4
14.21,109.06
3.89,67.61
2.8,62.09
13.94,106.19
17.01,119.8
17.41,122.49
1.32,49.54
17.91,129.62
12.11,102.78
17.59,124.05
8.63,83.81
10.84,92.2
1.04,47.14
6.38,68.77
8.69,78.07
8.02,83.86
7.99,85.57
3.14,59.59
16.41,116.94
12.54,106.37
7.61,71.7
13.1,104.05
3.6,63.93
5.72,75.4
10.63,97.83
11.17,91.94
1.89,47.1
9.93,93.83
3.54,61.04
17.24,122.02
2.53,54.78
14.81,119.3
8.11,85.44
15.95,117.95
14.22,108.53
14.04,114.25
13.93,111.73
5.8,73.12
12.81,100.09
19.43,137.01
11.79,97.72
6.83,76.31
10.93,92.83
14.49,108.23
14.11,115.57
7.59,81.93
19.62,133.62
18.5,129.59
5.2,71
3.7,57.7
15.83,121.84
13.89,112.32
11.54,97.61
13.68,101.17
10.91,93.91
3.17,63.34
6.98,75.56
15.39,112.95
10.98,87.87
5.28,60.61
13.81,105.4
11.79,98.66
2.31,58.72
10.27,92.22
19.86,141.66
17.15,124.82
18.59,131.8
6.6,70.03
15.49,118.78
1.77,55.53
5.11,64.2
4.71,71.24
17.54,127.4
4.05,58.23
11.99,104.5
19.12,136.75
4.16,65.65
11.04,90.16
13.18,99.01
8.95,87.84
7.68,77.98
6.43,70.25
16.56,122.26
4.84,63.48
4.29,61.51
14.98,111.96
8.87,91.48
4.4,66.41
18.8,135.67
10.35,94.16
1.65,48.83
15.98,117.01
7.2,74.12
9.42,93.17
7.03,79.8
3.93,54.27
11.24,99.3
11.01,89.72
19.55,135.39
1.36,50.61
14.96,107.13
7.05,73.54
3.86,65.39
10.22,85.63
16.09,120.02
9.2,90.05
2.39,46.48
11.91,98.41
8.41,75.39
14.87,115.94
1.92,49.79
12.26,102.59
8.1,78.11
7.73,80.3
15.11,117.22
7.02,81.75
9.99,93.45
11.61,93.83
16,119.72
19.75,142.23
6.69,68.7
7.87,86.53
14.37,112.87
3.08,60.01
13.78,112.65
1.18,53.75
3.12,55.97
2.56,53.84
5.81,66.02
5.78,68.33
6.51,71.97
12.81,103.33
10.36,97.26
9.12,80.1
1.43,42.99
1.17,50.91
17.92,121.33
7.98,85.07
15.48,111.25
3.77,59.27
11.79,103.31
3.01,61.03
3.15,59.88
9.08,84.59
3.9,55.4
8.72,83.07
12.77,104.18
8.79,90.8
19.53,139.45
2.92,58.44
17.53,127.44
7.28,73
12.02,98.4
5.51,62.06
18.36,124.39
8.38,77.7
11.39,91.22
1.86,46.03
19.77,133.91
17.67,123.54
12.87,98.48
14.47,114.7
11.63,102.94
3.18,56.22
4.45,65.9
19.19,131.53
13.93,109.78
4.5,67.67
19.27,140.19
9.82,88.05
13.36,110.78
10.4,97.88
4.01,64.38
2.11,49.76
19.94,138.33
3.81,62.08
16.23,125.16
15.29,114.17
15.58,120.89
3.27,54.68
9.54,94.56
12,92.9
3.48,61.93
5.85,74.24
4.89,67.92
5.6,75.15
6.58,73.23
2.44,47.68
1.59,53.43
11.98,98.67
14.91,107.75
8.55,76.83
8.45,83.18
16.83,126.71
14.82,114.38
15.47,114.49
4.74,58.09
15.25,114.22
5.25,61.38
13.95,108.58
2.12,50.52
9.92,92.89
19.86,142.83
14.22,108.54
17.53,124.26
5.58,64.41
3.11,60.93
5.59,75.57
14.01,113.52
19.07,130.27
15.31,112.11
7.32,82.87
18.43,125.88
9.72,93.17
6.58,79.01
2.03,57.98
17.16,120.35
15.2,108.42
14.76,116.04
17.57,119.5
9.73,90.57
17.85,133.61
8.23,85.6
15.22,118.19
11.36,101.45
16.37,119.81
19.72,137.76
2.43,53.64
4.5,67.99
18.03,123.21
1.01,49.21
8.95,81.18
10.2,96.15
8.23,77.84
6.57,71.94
2.41,53.89
13.55,110.08
11.6,99.63
3.2,57.57
9.33,86.73
8.93,83.36
16.44,114.33
8.48,76.91
4.55,58.77
13.32,103.81
9.66,93.71
7.34,73.32
6.16,67.85
9.43,88.26
8.14,86.46
7.35,70.82
14.81,118.06
8.86,88.38
10.5,98.95
5.17,68.63
6.44,71.53
7.14,78.42
2.35,58.53
15.75,111.81
16.53,117.35
1.74,46.04
14.98,111.27
12.58,103.81
11.73,101.9
16.01,112.5
9.44,89.37
6.85,76.61
4.9,63.29
15.01,120.79
4.07,57.06
18.53,125.02
14.67,111.46
17.4,123.77
8.53,89.62
15.39,117.98
2.34,53.35
4.11,65.61
11.19,92.27
10,84.91
14.33,110.59
4.07,62.18
19.98,135.67
10.58,97.6
16.97,126.31
14.83,113.55
4.71,60.28
15.91,112.29
12.74,102.77
5.09,70.79
6.77,74.08
16.05,120.63
1.03,42.57
18.24,130.27
17.35,120.95
18.09,127.65
11.25,89.01
15.76,122.3
3.99,67.05
1.78,45.91
18.37,123.99
11.63,99.42
9.66,89.12
14.17,103.96
7,72.77
3.59,62.54
1.23,49.75
4.07,62.63
12.8,107.81
5.44,74.79
18.4,126.76
4.57,61.04
8.37,85.97
9.19,81.7
15.04,114
17.42,130.28
13.6,113
10.2,90.48
1.02,46.36
17.4,130.01
12.39,102.48
19.25,133.49
9.4,92.43
19.54,141.55
17.92,125.66
4.49,64.01
3.11,52.52
19.4,140.61
1.21,43.01
10.45,90.76
6.08,68.02
15.21,119.72
6.24,67.08
16.84,120.29
2.77,58.82
16.92,120.83
14.48,116.43
12.42,104.59
5.16,70.54
4.28,65.98
14.79,107.23
17.69,129.9
2.13,51.01
4.79,66.36
12.86,102.48
18.64,135.49
19.4,137.37
6.58,79.82
18,122.43
1.31,47.21
4.73,70.28
10.31,96.58
7.42,78.78
11.42,102.21
13.73,100.92
10.86,100.84
19.93,142.05
10.78,87.14
11.98,106.17
4.15,55.81
18.07,131.16
5.81,65.31
15.66,112.5
18.72,134.51
12.7,100.86
10.87,87.85
19.58,129.24
1.35,54.91
13,98.85
17.56,130.33
16.7,120.96
12.57,99.23
10.94,96.3
8.01,73.49
14,110.06
10.16,86.66
19.15,140.6
12.03,105.34
6.87,74.27
18.54,129.14
10.24,84.85
18.24,129.22
6.87,80.14
19.08,132.4
4.6,66.04
5.14,70.47
9.03,92.16
17.43,119.64
2.56,47.93
16.11,114.83
12.44,101.64
2.72,51.02
8.04,77.02
12.32,105.68
18.41,127.72
7.67,72.4
10.67,95.05
16.64,114.98
6,75.65
3.77,57.3
2.21,49.97
16.43,123.66
18,133.16
11.21,96.53
8.61,89.91
5.28,61.92
15.36,119.16
5.94,70.9
4.31,59.75
11.71,95.7
13.01,107.11
3.5,59.36
13.11,111.1
19.8,143.42
3.23,64.37
15.9,124.56
15.45,110.93
9.71,94.98
8.3,78.12
14.4,113.69
4.04,64.12
4.24,60.62
15.71,123.31
12.21,105.79
17.1,128.53
7.22,73.54
4.78,67.31
1.14,46.86
15.83,114.07
4.88,67.54
7.69,85.63
8.23,87.78
5.51,75.22
11.21,94.86
14.93,114.67
6.24,67.65
19.91,143.24
5.15,67.54
10.29,88.2
1.12,43.44
7.18,75.38
6.81,69.06
2.16,51.93
11.44,92.01
16.17,114.01
7.58,77.54
13.35,100.94
15.71,112.83
18.24,132.01
1.18,48.3
10.29,89.91
19.68,137.46
10.38,94.29
1.69,46.79
18.77,134.71
15.51,120.93
19.93,138.92
10.48,95.15
7.97,79.59
3.98,64.55
10.61,94.3
8.03,83.11
18.05,127.39
3.56,62.55
13.05,109.97
8.82,80.43
18.12,127.35
8.42,76.49
4.72,64.29
8.01,74.96
7.66,81.51
9.45,82.96
14.34,113.56
10.18,91.27
19.38,129.75
2.07,46.84
13.72,102.64
6.9,78.73
4.51,62.43
19.2,128.11
14.99,109.35
17.34,130.88
18.53,129.05
17.91,131.23
12.3,96.2
1.74,53.56
4.35,62.48
19.24,128.66
15.01,107.12
8.84,84.8
8.92,79.55
6.78,81.2
1.19,47.56
6.3,66.04
16.27,118.45
2.31,57.19
19.71,129.74
1.92,51.93
4.96,63.02
14.31,108.31
3.64,65.99
18.99,137.03
2.07,56.47
11.42,98.03
17.14,126.76
1.41,44.04
19.49,131.91
15.87,120.79
4.82,70.41
9.84,96.07
5.75,65.4
12.79,108.29
12.48,105.37
5.74,71.5
3.25,54.75
17.51,124.95
5.31,68.11
2.38,59.27
16.92,119.1
15.77,124.32
5.54,72.25
12.8,102.31
12.33,99.72
4.88,64.83
17.5,131.22
3.62,66.05
5.24,65.59
2.79,54.4
6.16,73.38
6.94,70.53
14.57,113.29
6.16,69.17
5.04,72.07
9.99,94.6
11.86,101.87
11.3,100.84
11.65,93.64
2.89,60.01
19.05,135.62
3.05,53.01
12.26,100.17
13.23,104.96
12.86,98.28
6.68,80.9
3.23,61.55
13.67,109.21
15.47,117.48
12.63,97.54
8.64,83.63
6.39,68.74
10.7,87.35
2.23,59.59
18.49,135.02
18.57,128.4
8.63,79.61
17.37,128.96
18.22,136.13
8.72,89.42
11.63,93.23
8.07,77.24
14.78,109.45
7.05,69.23
14.85,117.42
9.02,88.07
2.05,46.62
14.64,116.34
3.13,59.29
18.07,129.7
17.71,124.4
3.7,59.42
1.4,48.13
13.57,106.95
6.61,69.58
18.65,135.1
7.39,70.68
15.8,113.69
3.51,64.84
17.18,130.58
15.95,123.99
2.18,54.28
8.29,88.37
2.28,49.8
1.68,50.03
18.5,136.83
9.56,85.53
8.14,79.04
12.03,104.41
11.11,97.9
4.78,61.83
16.04,119.31
9.86,92.49
6.96,69.84
16.73,124.12
9.16,84.49
16.41,123.19
14.67,109.83
11.52,99.09
14.33,109.64
3.75,56.27
7.48,80.9
2.9,53.94
16.71,122.23
11.59,104.39
7.16,74.45
1.16,50.86
13.41,109.17
13.61,100.75
2.84,55.15
15.35,109.38
16.07,125.7
8.2,75.73
8.81,89.92
13.99,103.34
2.31,59.79
10.58,88.1
14.19,114.62
15.21,119.03
6.24,78.86
3.47,61.1
14.67,109.69
2.34,53.27
5.78,74.03
17.08,121.09
12.01,93.75
6.9,78.99
5.96,74.02
15.65,113.65
19.63,133.49
17.07,126.91
14.21,113.46
8.29,78.03
17.04,122.71
15.57,122.34
2.54,53.09
4.44,67.76
5.29,61.2
13.98,114.69
8.61,81.56
3.57,59.47
11.24,102.86
7.52,75.11
14.88,110.9
19.46,133.53
2.92,51.87
2.24,49.57
4.51,63.23
5.87,63.27
19.69,142.8
19.66,141.54
4.37,68.48
6.63,73.3
4.41,69.23
2.85,57.51
19.89,143.8
17.22,122.81
2.55,54.59
3.94,67.21
13.85,112.85
13.69,112.03
6.19,65.33
7.07,81.81
5.16,73.76
16.13,122.37
13,98.81
13.79,111.82
2.52,47.54
15.53,120.74
15.16,107.9
10.85,98.25
1.07,41.62
11.05,89.65
13.18,101.86
10.53,85.88
3.9,65.63
5.75,63.88
16.67,115.53
11.27,91.86
11.62,92.76
17.78,123.16
13.1,109.68
11.86,99.26
17.75,133.87
11.98,94.74
18.41,125.2
2.98,61.74
10.08,89.2
17.93,130.76
19.62,129.68
12.25,103.02
16.02,120.07
16.41,125.89
18.37,125.39
12.64,96.24
1.83,54.08
12.35,107.97
4.35,61.56
17.4,118.62
5.79,68.13
9.18,79.28
10.76,99.34
19.35,138.85
11.35,96.14
17.59,128.83
4.6,70.75
2.67,60.33
16.19,122.12
3.82,66.27
10.98,89.82
8.09,84.67
12.18,102.35
5.28,62.86
15.32,112.54
4.53,69.99
9.36,85.76
14.69,119.21
4.53,66.72
4.17,65.57
8.8,89.83
12.62,99.22
14.05,108.82
2.97,58.51
19.38,132.14
15.45,111.94
9.95,90.09
12.64,97.27
4.59,66.94
5.82,71.16
4.84,61.67
12.98,110.83
6.19,75.46
11.45,101.18
8.79,86.83
14.76,112.28
7.8,76.81
9.48,84.86
5.18,61.55
4.95,69.7
13.54,102
17.18,128.15
8.48,83.38
2.43,49.01
18.44,135.27
8.1,82.6
13.96,106.37
15.12,115.74
3.95,62.86
14.72,110.97
10.34,95.01
12.58,108.74
15.25,113.21
18.47,128.06
17.4,130.84
9.01,91.78
16.6,120.68
7.2,81.2
15.48,113.02
9.69,87.56
18.6,137.33
10.12,88.42
13.97,112.93
10.88,90.11
2.33,56.52
15.16,118.21
11.72,98.85
15.15,117.21
1.49,51.87
15.76,116.29
1.36,54.26
5.15,71.19
19.49,140.81
16.09,122.85
17.59,126.14
8.77,88.21
9.42,92.82
13.72,107.31
1.4,44.53
8.84,79.27
11.98,96.81
16.76,116.51
12.2,100.98
1.15,47.05
14.38,117.96
19.38,132.9
8.97,87.18
11,99.47
5.11,69.66
11.77,92.04
17.22,128.3
11.15,95.98
15.74,120.02
5.61,66.26
16.99,122.25
7.17,77.1
16.57,115.83
17.89,130.45
7.78,85.05
5.32,68.12
8.24,87.87
13.22,106.36
3.34,62.42
14.79,111.49
5.35,70.88
13.55,104.36
13.47,105.89
8.37,79.61
6.88,70.92
14.36,116.18
12.75,103.01
12.65,103.24
10.71,91.38
11.26,89.44
10.2,92.97
4.55,64.1
14.89,110.21
4.02,55.76
10.83,92.13
13.35,109.88
6.07,66.42
16.06,116.91
2.2,54.45
10.13,86.52
10.65,92.5
15.39,119.83
3.91,64.87
2.69,48.83
19.02,138.56
2.95,59.02
8.93,84.48
12.82,102.17
10.64,95.35
2.38,55.72
7.03,76.47
12.14,95.15
4.15,66.31
8.32,75.83
14.01,105
6.22,73.99
18.34,128.65
7,72.74
11.91,105.47
1.27,55.04
1.1,53.59
12.4,100.82
9.18,91.59
5.23,68.35
11.25,101.25
3.79,61.27
11.79,103.79
6.21,72.34
7.41,84.33
11.69,98.44
19.22,137.95
4.52,63.62
3.73,53.43
10.32,89.03
7.45,82.56
3.02,50.59
3.53,57.38
15.41,110.97
12.89,99.32
12.96,109.3
15,116.19
7.56,82.77
13.14,99.4
18.22,135.45
15.69,117.17
3.91,66.69
3.88,63.91
12.05,106.35
18.07,126.99
12.36,99.99
5.48,70.04
11.16,101.94
7.89,80.11
1.13,51.65
18.73,129.75
9.34,85.49
2.64,58.52
16.87,116.09
5.4,64.53
3.46,53.61
1.8,53
14.05,110.85
7.79,76.22
15.92,121.02
19.1,132.82
3.98,64.34
8.14,84.05
18.51,126.05
6.72,69.73
10.09,91.64
3.12,52.84
4.79,68.88
13.41,99.55
19.77,135.49
8.1,83.14
1.81,56.41
6.53,71.5
8.57,76.64
10.47,89.6
2.35,55.66
4.06,58.27
17.91,122.79
4.84,69.31
7.51,72.59
3.57,62.31
1.16,51.72
15.2,112.33
8.83,90.57
12.03,95.13
8.16,86.65
9,90.4
4.77,69.71
5.65,75.49
5.27,72.19
7.19,77.08
13.69,105.2
9.67,94.37
14.74,106.71
10.21,95.35
7.22,71.41
12.95,97.71
3.56,64.3
5.84,77.01
11.11,91.77
2.69,48.76
15.81,111.2
2.09,55.13
12.43,101.08
4.94,63.05
16.32,124.56
8.95,83.91
15.38,114.88
17.1,123.76
15.9,120.49
7.12,82.95
17.3,123.74
3.37,58.23
2.91,54.5
17.67,124.81
19.37,133.99
10.1,90.69
4.33,69.37
6.62,71.08
14.52,106.81
2.15,56.92
10.23,95.23
4.47,59.12
9.96,85.46
9.06,78.69
8.69,85.65
3.67,63.72
8.01,74.17
11.32,89.67
17.14,118.49
14.03,105.79
2.47,55.57
3.43,56.77
15.21,115.79
10.05,97.16
9.36,82.9
5.99,69.68
6.9,80.3
17.22,129.26
18.11,124.27
7.7,80.91
3.28,56.47
14.19,116.88
15.23,108.71
8.27,74.97
1.59,53.98
12,96.69
4.39,60.91
10.33,91.77
17.79,123.72
6.09,69.98
3.87,65.09
17.2,124.89
1.56,45.44
10.39,86.26
2.59,52.07
17.67,126.42
13.68,114.62
2.26,53.8
7.46,74.43
14.69,111.5
19.9,138.48
6.4,78.12
11.19,95.84
2.94,60.26
4.27,57.15
13.67,106.93
13.6,101.03
9.47,81.45
2.83,50.55
19.93,138
1.29,41.74
7.12,78.23
19.78,130.97
13.68,112.18
18.77,131.6
5.01,68.83
16.13,119.48
7.77,74.86
8.07,79.57
11.9,93.8
8.71,89.93
19.97,134.71
5.71,74.55
5.48,68.66
13.65,102.23
2.49,52.45
13.2,98.88
2.65,52.12
5.32,73.83
5.49,65.44
15.89,115.72
2.67,59
4.66,70
4.41,57.65
17.31,128.71
12.31,99.58
12.03,93.82
18.39,127.61
12.95,98.79
19.91,142.63
12.36,104.99
6.49,76.79
17.41,125.06
13.37,108.16
14.89,114.56
16.96,127.38
12.12,98.31
4.07,57.51
13.25,101.23
19.33,132.57
3.33,59.67
18.77,132.63
18,129.25
8.56,79.54
19.69,137.12
2.42,54.6
9.62,92.42
1.06,46.34
11.15,100.37
11.87,103.31
1.95,52.08
17.59,124.65
10.39,85.58
16.61,127.83
6.99,81.52
15.29,113.21
5.64,68.7
9.36,86.88
15.26,108.97
15.38,109.41
18.91,136.74
8.63,85.61
10.49,87.22
9.06,79.03
9.72,83.14
10.22,84.27
18.82,126.79
2.14,50.86
3.24,60.31
1.68,49.84
2.37,57.9
8.77,81.75
5.86,65.71
1.65,46.03
15.31,120.43
12.94,109.97
12.2,98.61
10.17,92.81
14.36,114.83
12.1,105.51
8.56,83.79
2.98,55.93
7.67,73.34
9.58,87.53
10.81,94.27
7.64,84.08
10.2,94.13
13,101.47
3.73,52.99
14.67,115.03
14.51,117.37
19.59,134.15
9.76,91.51
8.66,84.48
15,119.68
7.53,72.7
2.2,57.88
5.19,65.66
9.55,81.98
9.12,85.08
4.85,67.39
17.83,130.2
16.69,123.84
18.93,139.42
17.09,125.24
11.97,104.73
13.07,109.02
2.91,50.88
11.4,90.81
16.67,128.71
19.5,140.11
8.42,83.7
3.29,53.41
14.37,104.98
12.35,96.76
14.2,109.93
3.72,53.83
7.59,84.7
2.37,55.35
14.25,115.75
5.89,76.7
15.57,120.85
15.07,118.09
12.71,99.53
6.53,76.42
19.8,143.32
10.37,98.45
5.58,75.47
4.6,70.41
10.54,95.63
7.81,75.17
6.51,79.82
15.4,118.37
1.25,44.41
18.16,122.85
2.4,50.91
5.19,67.66
10.96,93.98
9.44,89.59
10.03,97.08
12.18,103.3
14.59,105.9
2.43,60.09
5.54,71.17
16.97,117.13
13.18,106.97
10.56,93.56
11.95,100.44
18.46,127.1
15.09,116.78
14.32,107.32
2.53,51.46
11.17,91.21
4.13,67.36
7.97,87.21
19.16,139.83
15.99,111.82
8.59,82.08
4.87,65.34
11.59,103.09
12.4,104.84
5.28,61.43
1.08,45.3
5.68,65.62
19.1,133.2
19.42,139.79
11.47,101.43
11.54,99.92
19.1,127.57
2.55,49.51
7.33,83.03
13.61,112.08
14.19,110.04
1.34,50.25
2.26,52.33
4.74,65.33
18.96,135.43
9.29,85.06
1.68,47.54
7.08,71.18
13.12,110.4
14.49,116.37
5.61,67.64
4.04,54.5
4.37,66.99
15.18,112.35
8.01,76.44
11.14,100.2
11.65,103.95
3.34,62.67
11.51,102.37
19.73,134.59
6.84,80.43
11.18,101.04
19.57,139.9
3.76,64.15
4.92,72.18
11.58,95.62
6.07,76.39
8.42,84.28
17.48,123.72
14.46,110.73
14.4,108.51
16.72,118.94
2.83,62.06
17.09,126.38
5.89,75.29
12.04,103.84
2.37,58.3
17.36,130.85
8.79,87.76
8.58,88.49
7.52,71.86
13.9,109.08
16.56,117.08
11.76,100.8
13.04,99.22
12.3,103.13
15.72,114.46
3.58,62.38
9.79,83.82
18.08,125.99
10.04,93.45
9.9,83.99
11.93,97.23
16.75,126.28
3.26,62.9
2.62,53.34
4.55,62.18
16.7,115.36
16.15,118.82
16.9,129.92
1.77,55.72
3.12,50.35
5.06,71.08
8.17,75.78
6.24,77.07
11.78,97.27
4.95,71.65
19.24,131.61
3.07,58.48
18.76,137.65
2.75,54.14
11.21,97.93
7.26,70.88
7.18,69.61
16.25,125.92
4.4,59.31
12.5,105.87
1.82,53.69
17.38,123.09
16.18,120.49
12.44,101.55
14.62,107.78
3.97,68
4.76,60.08
18.4,127.07
15.26,117.33
10.89,91.79
8.9,79.5
16.47,116.14
2.54,50.19
3.65,66.49
8.56,87.29
16.16,117.85
5.76,74.45
15.49,119.84
19.52,135.41
19.32,130.7
16.06,116.86
14.82,115.56
3.86,56.49
4.67,61.36
18.63,130.36
16.16,114.42
14.47,113.29
3.66,59.77
11.94,104.14
16.49,117.08
3.43,63.73
1.79,52.26
13.8,109.4
4.05,64.55
16.36,121.23
7.37,72.3
16.5,115.57
1.56,53.77
12.71,106.7
2.74,48.9
4.72,66.63
10.92,88.2
14.95,109.88
5.89,76.82
17.55,128.1
11.27,92.34
16.76,120.93
14.56,116.57
7.31,71.55
10.59,93.19
11.08,98.15
3.72,56.49
8.35,77.85
17.63,125.09
5.18,72.28
14.55,109.91
7.87,83.03
10.37,97.88
3.6,55.44
11.83,94.56
12.53,106.72
14.85,118.61
16.06,112.8
3.72,63.33
7.09,77.38
9.5,81.6
14.31,106.1
6.09,70.7
14.01,114.8
15.81,118.76
8.9,83.57
3.19,55.59
6.9,70.15
14.58,108.57
17.91,124.18
18.76,136.04
19.99,133.64
10.46,86.79
3.57,56.65
12.65,102.34
16.48,117.8
17.02,129.51
4.91,64.22
1.83,51.05
9.84,95.75
19.26,135.81
10.23,97.51
6.82,76.94
1.12,45.16
8.48,77.67
6.6,67.96
13.58,102.95
17.06,116.97
13.66,100.91
16.27,119.27
7.84,79.84
2.26,50.45
15.27,111.8
5.97,65.67
5.89,64.62
2.21,55.3
7.48,83.69
11.25,101.23
5.74,64.7
10.32,95.77
18.85,130.43
19.64,142.3
10.79,97.94
10.83,87.89
15.4,120.87
11.85,97.57
11.87,102.74
8.72,77.23
9.2,91.92
8.82,82.91
3.81,63.77
8.44,87.83
11.35,90.43
10.79,90.97
17.34,121.12
17.77,120.57
19.33,131.99
18.23,124.4
14.5,116.26
19.4,137.62
19.97,144.54
1.77,57.28
8.45,82.87
5.62,70.52
7.65,76.97
11.03,94.05
8.78,90.06
18.88,137.46
18.08,132.42
4.41,58.01
1.14,48.14
8.23,81.57
6.45,66.36
7.78,77.36
18.44,129.79
14.81,115.52
7.04,81.6
13.19,108.2
18.4,129.63
2.23,50.56
4.3,66.24
16.38,124.71
4.56,70.28
15.82,116.88
9.27,91.07
3.39,51.78
10.74,90.75
5.94,74.46
18.54,127.12
18.98,133.33
5.93,72.92
18.14,127.57
7.62,76.14
13.03,109.72
4.62,65.9
9.27,86.77
15.69,121.72
15.92,115.15
2.53,48.21
11.57,104.07
17.86,124.23
15.77,116.89
3.87,67.22
17.65,125.23
2.85,51.65
12.7,107.08
6.92,74.33
4.41,65.86
9.08,78.72
2.93,56.58
5.15,66.67
19.97,136.84
5.22,73.3
6.9,81.11
3.71,58.43
10.4,89.63
14.16,105.05
8.32,82.59
13.37,105.85
13.55,112.58
5.45,74.65
13.09,106.8
2.96,56.86
16.65,128.17
12.17,106.12
19.26,134.96
19.14,139.74
10.03,88.54
16.16,115.2
11.83,93.29
17.68,133.03
8.58,89
19.83,141.16
1.51,46.56
14.18,104.46
3.34,63.08
19.29,128.78
12.52,105.89
3.2,60.28
13.87,102.19
11.96,93.8
19.16,133.43
6.82,69.59
13.64,110.6
19.62,132.26
2.43,52.3
5.66,70.47
13.36,107.53
12.9,104.72
12.59,101.8
18.36,130.53
17.22,129.93
3.17,61.79
9.58,83.3
6.42,73.06
4.04,59.82
16.93,127.58
13.45,108.96
3.56,62.79
9.47,91.48
9.6,86.16
13.69,110.18
13.48,101.79
4.96,70.05
3.75,53.15
17.52,125.8
18.06,133.42
10.83,94.66
14.74,106.84
9.11,79.71
19.98,137.33
6.16,77.16
10.88,92.77
9.72,85.75
5.83,74.69
15.69,123.46
2.93,57.11
10.8,87.67
19.57,132.99
12.61,101.85
16.12,123.96
8,82.33
4.57,63.86
17.34,125.13
1.53,47.51
3.19,64.28
2.89,61.61
12.17,93.62
9.98,88.03
12.3,97.04
9.19,89.75
13.93,109.63
1.31,47.68
3.19,63.54
10.97,95.85
19.5,142.45
11.12,100
10.46,98.59
6.25,69.96
14.37,108.83
9.92,94.81
9.11,88.88
17.73,122.01
6.02,73.47
5.77,67.76
3.22,51.78
8.35,79.79
6.32,65.73
10.3,87.95
6.55,80.34
2.33,53.18
19.82,135.39
1.21,54.58
10.07,86.44
12.61,104.84
19.05,137.07
14.15,108.47
12.41,98.7
2.71,52.13
1.64,48.11
3.14,52.41
18.27,127.64
16.09,122.86
15.47,119.98
1.33,53.12
4.78,59.78
16.92,121.59
18.75,126.19
12.2,99.05
7.74,86.01
12.24,94.64
11.98,98.08
11.31,94.83
4.87,58.62
18.64,130.55
4.94,59.68
1.34,51.34
13.98,104.62
6.32,73.88
8.48,78.42
6.65,77.31
7.01,76.34
10.59,92.58
13.43,100.97
7.29,74.19
1.09,48.38
11.86,100.04
13.25,111.82
2.37,59.87
3.5,58.31
1.96,51.32
13.81,105
12.98,97.99
19.6,136.46
9.06,90.58
10.93,97.98
5.43,62.82
9.62,91.05
4.84,71.22
12,105.9
1,41.12
3.5,52.95
17.27,126.73
6.43,67.19
11.14,100.13
12.54,101.9
11.69,95.33
18.14,135.76
7.03,74.3
4.11,56.31
15.42,121.4
11.88,104.51
18.64,135.56
15.23,112.61
10.75,97.05
14.58,113.85
2.25,50.02
6.07,68.95
14.42,104.61
14.57,112.81
8.3,80.12
4.46,58.71
1.48,50.19
18.79,135.48
3.81,54.66
9.24,85.28
15.64,116.06
1.89,45.31
14.16,105.58
13.67,106.05
10.02,95.02
13.29,108.52
14.28,111.77
15.66,123.94
7.34,83.84
5.23,61.18
6.38,74.19
14.97,119.35
9.58,94.04
8.61,84.49
18.03,130.51
16.45,123.86
18.07,130.66
10.97,99.22
1.69,48.63
1.03,42.13
11.95,93.06
11.22,91.48
15.72,121.12
16.82,121.12
18.17,122.94
4.41,61.52
2.78,51.03
10.03,87.35
6.86,80.07
10.44,86.25
1.71,52.33
3.92,67.55
11.15,89.25
13.66,109.06
13.8,103.2
17.61,121.6
15.47,109.8
3.43,60.99
17.54,129.99
9.86,92.06
11.18,92.17
1.63,46.15
17.76,126.04
18.81,129.35
10.78,97.58
1.09,44.53
15.28,120.95
3.59,52.59
1.45,50.32
4.95,72.05
10.94,98.59
14.97,108.91
9.09,84.28
15,110.59
6.07,74.01
10.84,98.65
6.72,80.41
6.9,73.98
18.42,126.42
19.71,130.03
9.42,93.31
6.37,77.51
18.5,127.95
6.1,69.72
13.64,108.73
19.34,133.24
14.4,109.08
7.87,75.65
8.96,86.72
5.96,70.83
19.03,137.46
13.53,106.5
5.28,72.7
12.67,105.86
13.74,103.34
16.41,127.12
18.48,131.03
6.06,75.63
3.49,64.2
17.87,126.13
14.5,114.95
16.78,122.08
11.33,96.05
17.35,127.22
1.82,44.64
4.35,63.92
12.46,100.51
8.43,76.24
6.44,69.16
12.93,110.22
16.56,121.48
18.76,135.7
5.26,68.68
9.93,94.5
13.74,113.12
4,55.39
7.92,75.03
15.73,121.08
11.75,97.65
13.65,100.93
2.02,58.52
11.18,89.54
12.77,97.08
1.8,54.88
8.89,85.13
3.1,62.6
5.57,62.59
4.9,64.35
2.66,49.53
19.75,130.59
11.09,96.18
2.38,51.19
15.89,115.38
17.15,128.97
10.51,88.14
11.25,92.16
13.53,107.53
19.45,130.14
2.74,53.63
15.61,119.55
10.44,95.18
18.14,128.53
1.31,46.24
16.17,114.72
14.21,116.36
10.24,85.68
8.75,83.4
9.59,91.64
2.52,48.03
4.44,60.42
6.37,69.57
11.87,96.74
10.93,98.2
14.13,108.85
16.51,117.13
11.59,96.94
8,75.03
18.44,129.84
9.21,86.45
5.16,66.2
14.02,113.19
5.14,62.14
14.28,105.63
18.97,136.04
7.04,79.09
19.51,139.14
1.9,57.19
4.46,66.95
15.38,117.14
10.2,86.07
6.57,72.59
5.17,68.24
16.59,120.8
3.92,64.31
19.52,133.34
6.69,68.59
3.85,57.23
1.15,53.7
10.6,91.44
1.59,47.48
10.77,100.15
10.77,98.3
3.56,65.93
3.22,51.97
18.69,136.54
14.61,118.85
14.76,107.86
8.55,81.82
12.35,105.46
13.95,105.32
7.38,73.49
4.81,59.71
13.03,110.51
5.97,72.15
13,98.72
1.23,48.8
13.15,109.24
4.08,57.01
2.66,60.95
9.56,85.3
2.26,49.08
7.29,71.8
1.31,49.05
11.63,103.76
8.51,85.47
13.41,110.88
8.79,80.55
8.82,88.31
3.52,54.13
19.27,139.94
12.12,97.04
1.45,42.5
12.71,105.5
7.81,78.67
13.36,112.08
12.15,101.04
13.09,102.8
17.16,121.87
15.78,111.01
1.08,53.34
17.43,132.58
6.65,72.71
6.58,67.95
15.23,117.45
2.88,52.55
13.72,101.15
11.96,94.03
1.51,45.14
7.13,75.47
12.8,100.75
15.69,120.27
5.86,66.74
11.82,101.68
8.13,85.21
7.1,69.53
17.28,118.37
12.56,109.26
18.51,137.08
6.46,67.88
7.81,80.77
9.3,85.73
10.96,98.12
10.87,100.2
16.41,117.59
12.15,97.83
11.38,96.07
12.55,105.22
10.83,88.96
5.66,71.7
12.08,97.41
13.57,103.36
2.35,53.73
4.48,61.65
18.3,127.95
18.01,126.11
14.54,113.84
10.55,96.07
5.62,66.76
1.58,45.04
19.89,133.34
4.66,70.25
16.37,122.06
10.68,100.04
15.41,111.41
10.45,92.74
14.89,108.5
10.83,92.45
9.14,86.53
2.86,51.02
14.84,115.12
16.64,119.34
12.66,98.38
3.03,51.87
3.32,58.97
9.17,85.28
1.43,52.2
17.64,123.1
4.06,61
1.68,46.14
14.2,111.51
12.65,102.12
13.42,100.43
6.89,74.07
11.25,102.19
16.49,125.84
18.41,133.66
19.65,134.31
4.61,68.81
10.74,94.37
1.67,53.4
15.07,114.12
4.23,60.51
7.18,79.16
9.24,90.18
19.02,136.86
8.03,86.3
7.31,76.85
15.5,115.03
4.11,60.36
17,121.5
15.27,111.43
2.8,57.66
10.19,88.83
18.11,128.6
9.3,89.08
9.23,88.5
14.09,104.93
11.22,94.07
4.49,57.23
11.18,92.63
5.02,66.99
3.96,66.43
17.09,124.97
1.97,57.79
18.24,129.71
12.45,97.14
6.21,72.66
19.26,133.27
13.24,110.44
11.07,91.85
1.92,46.36
7.58,80.4
14.38,111.1
2.1,55.88
1.87,50.85
9.63,91.91
19.88,134.13
15.28,116.2
16.28,120.76
2.62,48.37
2.35,47.59
18.39,131.19
14.41,110.73
6.54,66.85
19.69,130.02
4.67,66.07
19.43,135.68
8.28,82.4
18.45,132.91
10.26,89.35
9.74,89.96
5.82,76.87
13.63,102.02
4.53,60.01
6.76,69.46
1.27,49.01
17.89,129.68
14.34,110.36
7.12,82.62
18.85,133.17
5.25,70.56
7.29,73.07
6.28,68.3
14.85,116.38
4.19,68.42
8.86,87.55
18.64,128.58
2.48,57.82
16.17,112.74
16.47,120.64
18.03,135.31
11.69,102.92
6.66,77.3
14.58,112.95
7.65,77.86
16.93,116.59
6.5,72.21
14.58,105.24
10.52,93.26
3.83,53.97
19.82,141.26
5.76,64.79
18.21,135.86
3.8,66.26
4.28,62.37
7.1,70.53
12.18,101.47
1.63,53.64
18.83,127.92
11.09,92.89
19.47,138.23
19.96,138.18
6.9,71.08
9.4,83.35
12.8,106.54
19.71,142.17
12.95,108.09
5.59,72.61
16.18,117.25
15.48,113.18
15.57,119.95
14.66,108.62
16.94,120.64
6.85,78.35
3.93,65.91
11.6,104.49
7.11,82.06
10.62,88.04
12.73,107.81
18.85,130.17
2.39,57.96
3.99,56.82
1.52,51.14
9.69,87.48
19.44,135.65
6.7,76.49
15.52,117.24
7.62,74.64
11.62,97.56
17.09,126.6
19.84,141.67
1.59,49.92
10.24,93.81
11.08,102.03
15.16,117.47
19.27,128.61
15.18,119.58
4.14,59.67
16.85,118.81
16.15,122.98
14.93,107.65
5.11,72.96
11.47,95.93
17.67,129.52
3.16,54.09
14.05,102.52
4.79,61.28
1.25,50.71
10.64,99.56
7,71
9.22,90.63
12.22,100.31
19.64,138.34
2.62,51.64
8.61,83.55
19.77,131.61
7.74,84.45
1.84,44.29
14.63,111.23
6.76,75.13
7.1,79.81
9.44,89.54
5.4,67.02
8.51,76.26
8.19,75.72
4.5,68.2
12.77,108.42
5.52,72.7
11.88,92.29
11.87,98.73
15.84,120.79
12.12,103.11
2.05,48.34
8.54,86.92
2.05,49.36
19.05,139.69
9.59,93.72
6.95,69.78
5.63,74.42
18.04,133.04
1.87,55.85
11.21,90.37
9.57,83.24
13.19,106.66
15.6,118.4
17.33,130.62
14.93,107.15
19.47,134.48
1.16,52.85
19.31,129.22
11.65,97.68
9.96,87.18
5.4,68.63
2.24,50.08
2.79,51.01
2.24,47.32
8.79,82.01
17.22,120.27
6.2,74.01
17.53,128.57
6.11,77.82
15.4,122.76
14.62,118.56
7.84,86.24
7.48,82.71
10.75,99.83
9.21,92.26
17.13,121.95
16.88,122.25
1.96,55.21
7.57,72.55
6.26,75.31
7.16,71.02
14.13,106.12
13.13,111.29
7.02,70.17
5.35,68.01
13.47,110.62
18.02,121.84
15.99,122.79
3.51,60.56
17.94,124.27
2.37,51.04
8.42,89.13
18.03,124.65
4.77,64.82
6,70.39
14.95,110.51
12.3,95.26
14.01,108.63
6.68,70.67
14.42,107.46
5.84,71.67
10.94,98.49
3.62,65.65
3.41,52.74
8.89,78.77
1.43,54.56
2.62,61.45
14.94,113.17
10.43,90.75
1.27,41.1
16.5,119.3
9.93,83.6
19.63,137.1
11.42,90.65
5.01,65.58
2.69,57.14
8.72,83.36
18.16,122.48
1.23,48.92
2.32,58.53
4.34,62.37
18.28,136.17
6.33,77.26
17.05,120.62
4.28,61.32
12.08,97.54
13.8,114.33
7.54,74.67
4.7,60.97
2.39,50.34
11.17,89.85
17.06,120.49
4.76,60.31
18.49,124.34
16.04,124.39
3.68,65.27
7.71,78.07
13.03,102.72
13.7,107.64
1.32,43.6
18.38,130.89
11.79,91.92
5.04,66.07
1.85,53.61
18.15,125.23
3.45,56.46
13.05,101.54
13.97,104.36
12.32,104.67
6.26,77.7
9.61,81.34
14.17,112.24
16.96,116.58
7.69,73.87
9.81,84.13
17.56,121.45
4.16,55.07
4.97,61.13
10.69,93.04
2.66,48.53
14.73,119.41
13.61,107.89
2.41,58.23
13.09,108.8
1.35,42.68
5.78,65.33
13.83,104.6
18.22,128.65
10.13,92.49
6.76,71.48
2.6,56.97
7.82,80.01
16.63,127.13
7.19,74.08
7.59,78.32
16.53,124.74
5.32,65.95
14.36,105.65
12.86,99.36
2.34,57.16
7.45,84.18
14.36,117.59
16.98,129.66
16,115.97
2.41,48.15
16.23,124.76
3.86,61.86
15.38,120.74
5.44,63.07
6.99,77.17
4.93,62.24
8.73,90.03
18.89,135.59
7.69,77.36
5.87,69.08
13.87,102.85
17.81,121.09
2.29,58.38
1.68,52.78
4.4,56.65
8.07,82.96
5.56,73.81
10.24,84.76
13.76,113.97
4.83,67.4
3.9,62.74
6.27,74.08
17.26,126.05
7.52,79.45
16.06,121.13
3.78,56.66
10.06,96.07
9.23,91.96
7.84,73.13
1.92,46.78
15.04,110.57
2.5,59.17
2.72,53.79
3.25,61.98
1.7,54.79
19.65,132.03
8.43,83.09
9.52,89.94
19.88,136
17.41,119.92
6.4,68.73
13.78,101.64
16.52,124.27
5.11,73.46
4.26,56.38
8.04,76.93
19.29,131.11
17.21,127.9
18.15,129.93
6.28,69.77
3.19,63.24
6.37,71.1
4.08,68.07
6.96,74.91
10.07,95.26
17.87,129.77
4.16,61.06
8.92,88.65
8.12,77.05
18.47,132.9
13.79,103.03
4.74,69.4
4.25,57.88
6.79,76.49
6.76,73.14
8.54,85.34
10.45,96.54
6.06,75.32
4.33,56.64
4.22,60.08
16.04,114.62
15.29,109.21
17.26,127.07
4.11,56.2
3.93,59.89
13.94,103.83
12.66,108.38
9.09,79.7
10.75,99.12
19.98,135.68
19.96,131.75
3.14,57.53
2.92,54.33
11.41,101.63
14.66,112.61
1.3,51.52
5.74,68.37
15.22,115.93
17.08,120.58
18.12,126.33
10.28,92.85
2.76,55.94
7.08,76.84
13.51,102.98
19.35,128.49
9.58,81.17
15.66,119.51
6.01,67.74
4.31,66.43
4.7,69.47
13.5,107.15
11.54,93.29
19.85,134.58
3.27,61.33
14.52,113.28
16.59,119
1.72,47.14
4.78,70.76
14.24,114.72
4.79,67.35
7.36,70.77
3.55,54.9
10.21,88.89
17.97,133.77
6.53,71.75
14.83,106.53
9.3,90.75
4.66,64.03
19.79,135.63
2.2,54.63
2.94,50.91
7,77.97
16.03,115.21
10.44,87.1
5.32,72.74
2.06,58.11
5.81,63.31
9.93,94.64
2.49,50.73
5.69,62.48
7.73,84.89
3.33,57.59
2.48,54.56
1.74,48.91
1.72,43.35
14.84,114.84
15.2,111.02
19.69,137.71
2.25,53.29
18.82,125.71
19.47,135.07
18.82,135.52
4.47,70.12
16.86,120.15
11.85,100.36
15.7,123.04
12.31,98.13
16.3,115.84
4.43,63.62
18.19,135.81
15.52,112.16
5.17,65.96
9.64,85.69
12.89,109.52
10.63,93.1
18.6,127.9
11.86,104
5.94,75.16
8.84,85.47
11.63,94.53
2.1,52.71
3.38,58.05
11.89,102.16
13.47,100.35
18.56,137.89
6.81,72.09
12.81,107.52
12.24,97.8
3.07,61.87
5.65,63.61
2.66,58.06
7.04,74.63
5.59,73.11
3.64,55.48
2.17,49.5
18.59,136.28
14.57,109.04
3.98,58.47
4.33,65.32
1.2,52.5
2.22,55.45
9.76,91.97
17.95,126.81
17.24,127.91
13.8,105.94
1.9,48.59
3.07,50.86
9.06,92.09
15.81,119.01
8.49,89.37
2.42,51.72
4.23,63.61
16.05,113.03
18.6,132.3
12.73,108.83
13.41,102.42
18.78,138.49
6.53,74.86
14.02,107.93
19.46,138.17
4.64,60.07
9.42,84.51
4.82,67.39
1.14,44.43
11.59,104.39
11.43,94.67
5.3,71.53
10.16,88.79
12.83,98.19
14.23,104.79
9.41,85.89
16.68,125.46
9.59,88.75
9,85.58
18.85,138.34
17.3,125.7
15.84,124.4
1.87,50.6
7.1,81.19
6.41,74.2
11.03,92.47
16.76,125.3
3.26,55.41
1.06,46.3
12.68,105.33
18.66,129.98
10.93,93.75
5.16,71.81
2.96,60.55
4.39,58.56
9.01,90.15
8.25,74.67
13.17,99.75
13.75,113.12
15.35,113.51
18.59,125.22
5.19,65.91
4.14,62.91
4.46,63.96
16.75,122.74
5.84,63.37
6.6,74.12
2.1,53
19.64,141.97
19.21,135.12
12.3,99.64
14.77,117.95
7.94,75.83
1.88,46.69
7.42,73
3.22,50.7
2,54.7
15.13,116.57
4.59,65.6
13.82,110.98
1.15,49.88
3.05,55.82
13.59,104.38
11.94,100.15
14.5,106.14
13.63,102.74
8.66,79
6.17,69.96
12.09,101.8
7.68,82.18
6.11,74.33
7.62,72.52
5.58,68.45
15.88,122.62
5.47,69.92
13.99,114.04
11.29,93.87
16.54,117.56
3.03,50.67
18.71,131.77
9.73,89.95
9.5,87.28
1.78,52.19
6.98,77.01
15.54,112.48
19.81,134.4
17.89,127.4
14.68,118.69
10.89,89.37
12.47,99.42
7.53,78.63
3.34,62.92
8.31,80.07
3.01,59.17
18.17,135.11
6.93,78.21
14.94,111.65
3.08,62.11
13.33,112.89
18.68,131.66
12.23,96.89
9.94,89.35
16.71,115.68
16.77,120.58
8.09,80.08
1.89,44.97
5.86,69.29
14.98,110.87
9.46,80.63
15.64,112.52
11.15,95.48
5.32,71.7
10.34,88.82
1.63,46.63
2.33,56.03
1.51,53.22
14.21,108.45
8.27,86.24
18.38,132.56
12.48,99.15
14.93,120.11
11.15,94.56
8.91,85.58
2.76,55.39
12.1,105.71
14.11,102.93
13.95,103.75
10.85,95.79
3.76,56.13
4.37,56.88
17.17,121.45
7.43,84.01
13.65,110.64
8.46,89.08
4.55,60.4
6.65,67.09
19.81,132.56
2.21,50.51
19.5,132.1
12.27,103.07
12.69,96.58
16.59,122.67
5.4,71.75
7.72,76.42
11.63,101.96
2.52,49.7
5.58,67.82
9.14,82.6
1.82,54.07
5.66,69.26
17.74,124.73
10.36,84.74
19.71,136.23
5.03,62.7
15.8,111.11
9.82,90.67
6.82,79.85
4.7,60.79
6.21,65.3
5.37,64.46
1.98,52.87
17.29,119.1
4.68,70.85
14.07,112.97
7.1,72.96
15.5,110.7
9.33,80.58
2.91,49.64
1.22,42.46
3.57,53.47
8.34,82.16
15.47,109.67
8.16,76.36
18.58,129.47
2.93,51.22
19.48,130.39
8.48,76.92
4.85,68.13
7.92,84.59
7.4,73.04
18.98,134.32
17.11,122.33
10.57,89.29
7.84,75.37
16.55,118.07
11.73,96.07
2.01,51.72
7.98,78.02
10.52,87.09
4.85,64.2
4.99,59.11
14.95,118.71
16.38,122.27
8.38,82.7
3.12,52.04
9.02,80.05
7.07,73.22
10.08,83.5
18.55,129.24
16.91,126.7
12.52,108.47
16.45,127.57
15.07,120.37
19.9,140.58
6.79,72.07
6.58,77.65
6.66,68.8
19.91,139.12
19.56,134.94
6.03,71.8
10.47,87.55
16.57,127.15
16.07,118.6
14.51,114.23
15.23,115.13
9.14,82.97
1.55,44.41
15.6,116.73
3.12,61.91
4.46,58.22
8,83.89
11.38,102.5
6.08,73.64
11.75,103.5
1.48,51.41
5.94,67.57
6.5,69.86
5.42,69.34
13.8,107.87
13.97,103.44
5.42,66.33
7.78,81.55
4.67,66.45
18.08,134.45
11.14,95.14
6.66,70.98
5.27,71.01
8.29,78.51
5.25,66.47
12.08,97.68
11.24,93.71
8.24,84.95
19.11,140.27
4.68,58.25
5.2,62.09
12.51,108.54
16.8,120.93
4.28,68.86
13.53,102.58
5.75,73.07
2.45,48.85
11.22,98.32
7.83,74.32
6.87,72.17
10.02,95.61
10.73,86.69
11.55,95.66
5.03,65.54
13.57,113.4
2.19,58.17
13.29,108.54
15.67,110.32
4.92,65.77
15.38,116.46
9.39,85.4
9.46,81.31
10.74,91.56
18.6,131.94
5.02,72.69
18.15,129.23
11.1,89.65
3.79,55.32
11.69,99.08
18.39,130.06
6.49,66.3
1.52,49.59
3.22,60.23
11.48,103.75
5.16,65.87
7.01,69.73
1.09,50.36
14.04,108.2
7.06,79.12
6.99,81.37
4.3,67.42
16.65,120.42
3.09,60.83
12.56,99.09
10.61,94.68
5.42,66.55
8.84,78.89
2.98,50.08
15.26,110.19
8.45,84.31
18.77,131.36
8.35,81.37
6.12,72.9
15.31,120.74
13.81,101.81
8.31,82.77
12.22,102.94
16.38,120.23
3.4,55.86
7.6,73.67
15.8,112.64
10.17,87.63
6.97,72.92
3.61,58.23
12.77,101.75
16.58,124.86
12.88,103.58
16.82,127.34
12.55,99.69
1.07,40.66
9.77,84.49
13.23,99.01
15.46,119.76
13.8,105.13
14.33,113.86
3.69,64.72
5.43,68.85
11.68,101.08
19.57,141.29
16.19,116.9
15.22,111.07
9.33,81.09
15.46,110.87
17.06,125.99
17.09,117.38
8.12,74.11
6.06,67.25
9.13,87.9
18.8,136.73
6.91,73.21
4.04,63.07
2.84,58.33
4.22,59.13
18.98,137.87
2.69,50.24
12.23,95.57
3.2,61.1
18.68,131.79
1.33,49.42
18.96,134.59
6.01,74.95
8.21,80.2
8.15,79.01
18.15,128.79
7.13,82.71
14.15,106.89
1.53,46.72
13.3,102.24
7.54,78.88
14.08,106.48
1.76,52.97
16.98,118.41
13.41,107.64
2.08,56.24
6.2,74.65
19.63,138.76
12.24,101.81
3.11,55.39
15.91,123.78
2.16,50.49
2.44,56.1
17.46,127.6
1.69,53.3
11.55,95.43
19.34,135.15
9,80.65
18.54,125.07
14.42,108.18
5.64,70.76
13.44,110.93
12.61,95.74
3.43,52.67
1.29,44.26
5.56,69.97
4.53,61.07
14.74,118.71
6.85,79.4
19.27,141.35
3.24,56.63
18.32,124.98
14.21,106.54
7.69,74.62
11.17,90.69
4.25,59.84
14.81,108.63
13.2,103.94
6.97,77.41
17.94,125.65
4.3,62.04
1.28,43.8
19.58,132.21
11.23,96.32
2.57,57
4.47,70.17
8.77,86.08
3.56,65.96
13.32,107.69
6.14,71.62
8.15,85.69
1.94,54.75
17.95,135.02
1.24,46.85
17.56,124.35
2.98,51.5
3.99,67
5.98,75.87
5.97,69.29
19.69,134
8.93,90.95
16.48,117.25
5.73,65.32
19.45,135.87
8.46,82.69
11.3,100.74
13.31,101.47
19.67,141.22
10.17,85.94
16.96,127.17
19.51,137.06
18.6,132.84
10.72,88.09
8.36,86.77
17,126.68
7.94,75.96
6.37,74.08
5.16,64.92
4.43,64.72
10.41,94.66
19.04,134.69
3.09,54.5
5.89,69.4
9.35,88.96
4.74,60.06
6.22,69.63
10.79,92.66
17.1,130.82
5.43,67.51
8.08,84.89
5.29,63.42
16.49,126.06
12.43,96.78
16.87,116.93
19.05,140.19
3.11,58.81
16.07,118.97
10.45,95.97
16.44,127.07
14.63,118.75
13.98,114.94
11.37,90.35
12.27,101.17
14,113.75
15.71,113.89
15.82,124.77
12.86,97.66
6.63,76.62
5.76,68.24
4.46,70.39
10.6,87.4
11.43,101.13
17.16,126.96
16.27,118.39
12.9,99.53
18.9,130.85
11.38,99.23
19.26,139.25
10.65,89.53
12.06,106.43
1.71,52.58
15.22,110.34
19.07,134.75
12.35,107.64
2.14,53.33
17.26,129.73
19.98,136.45
17.5,131.74
10.55,93.58
14.44,117.01
14.55,116.22
2.29,48.6
7.48,72.88
18.21,131.53
15.49,117.42
1.26,48.01
8.23,85.72
19.91,138.72
16.62,118.03
7.4,78.68
16.43,117.98
11.09,92.78
15.93,124.04
9.68,94.39
12.08,98.72
9.83,91.01
16.06,120.43
17.64,127.04
11.98,97.3
17.02,122.9
2.23,47.68
15.84,121.83
12.65,104.32
16.51,114.6
11.61,99.14
19.24,131.83
5.61,69.76
19.23,129.35
9.06,82.83
1.55,43.59
8.18,79.55
18.31,127.59
6.42,72.16
19.55,132.4
14.66,115.74
6.98,71.27
7.15,72.16
1.25,46.75
19.99,144.52
2.61,58.55
4.46,62.42
15.08,116.71
1.79,54.35
19.49,129.26
13.83,114.92
12.96,109.69
12.93,104.43
9.71,86.17
7,74.78
16.35,113.52
4.42,58.68
18.87,138.29
13.4,108.65
4.2,59.38
5.85,71.72
5.8,72.34
8.99,86.5
15.87,123.58
17.17,127.31
10.11,94.58
10.58,97.59
12.95,98.86
10.99,98.99
2.86,54.59
14.54,115.43
13.08,100.18
7.27,82.21
8.95,86.16
7.97,74.36
1.6,51.04
11.45,92.76
7.64,72.03
14.34,105.51
1.28,41.32
6.04,71.7
9.86,84.15
2.48,54.69
14.84,117.51
14.63,105.83
8.57,89.42
1.11,50.79
11.55,103.37
10.31,91.13
10.97,91.23
19.74,138.51
14.63,115.23
10.63,89.52
19.7,138.95
4.03,56.57
4.71,69.39
16.85,128.04
19.98,142.9
15.58,114.87
19.14,130.32
6.74,81.02
10.64,96.8
9.17,91.37
10.27,86.94
18.79,138.82
3.14,63.47
5.42,62.91
13.68,105.41
4.83,60.83
7.5,84.58
12.93,97.27
18.32,136.04
2.1,53.73
5.17,70.56
3.78,55.4
13.63,100.56
16.81,118.77
3.84,56.74
18.51,134.87
4.52,65.98
18.02,132.41
3.19,60.81
1.61,43.77
13.39,105.13
4.09,59.28
4.57,68.12
13.29,100.57
11.99,101.29
8.46,77.68
7.65,81.21
19.84,137.06
11.3,102.23
6.95,72.32
12.94,100.46
3.31,53.98
5.28,71.65
11.46,99.63
11.3,99.1
10.74,94.29
15.61,112.28
8.07,86.1
17.42,126.24
9.7,82.64
9.32,93.73
5.65,64.89
14.11,108.57
6.39,73
12.39,95.85
4.88,66.32
16.68,117.47
8.1,75.08
1.3,53.12
1.66,55.3
10.17,96.54
1.11,44.79
9.46,81.38
6.05,77.16
6.53,67.9
1.11,48.54
11.66,103.89
19.55,141.41
12.71,107.66
4.91,59.77
4.37,68.37
8.91,82.74
4.81,71.35
14.74,111.69
16.02,122.79
9.28,92.65
2.96,55.75
1.89,54.74
9.27,91.64
14.9,113.22
19.37,140.86
18.83,132.63
17.1,117.33
18.12,132.73
12.13,104.19
3.73,61.81
18.94,138.74
6.98,80.2
16.02,125.78
18.49,129.61
12.66,100.74
16.1,123.73
13.32,105.93
8.1,86.67
16.61,122.77
3.1,55.26
19.42,140.9
12.54,107.43
1.45,51.42
6.43,75.95
3.49,53.83
14.07,106.39
18.03,122.77
14.63,106.31
5.04,62.7
8.94,83.4
8.15,75.55
2.99,61.73
9.38,81.98
18.6,130.49
1.29,47.75
4.76,63.75
19.1,133.97
2.26,57.04
13.27,99.44
7.68,72.65
17.43,130.14
12.97,107.67
7.82,80.36
18.01,122.04
13.53,102.49
8.07,85.06
16.14,116.8
6.95,80.7
17.76,127.78
17.16,126.68
15.34,109.92
5.58,65.24
3.86,63.76
2.4,54.61
2.83,49.59
6.16,71.12
10.06,93.17
19.36,133.86
19.72,140.24
11.88,100.19
18.18,132.91
13.19,102.14
9.06,78.91
7.08,82.25
9.57,92.99
10.36,92.13
3.03,53.1
18.88,131.34
8.09,74.1
2.7,56.83
12.16,99.24
4.27,56.05
14.98,117.13
18.01,126.19
15.37,113.96
18.61,130.54
6.63,73.5
15.98,119.14
13.02,98.7
19.58,137.54
14.39,108.14
8.66,85.37
9.88,82.82
9.57,85.76
1.2,46.13
6.27,72.56
4.01,61.93
3.53,55.36
10.25,95.87
16.56,116.6
19.63,134.25
12.19,97.11
15.53,114.26
2.48,53.45
12.91,97.85
2.78,59.42
6.3,65.58
7.37,73.14
11.62,101.36
8.21,79.8
1.57,47.27
10.59,99.59
13.87,111.09
4.56,70.13
13.46,113.18
7.52,73.39
6.63,80.05
13.19,105.99
16.49,126.22
10.09,84.97
9.32,84.11
9.11,89.89
17.85,124.53
5.68,63.8
9.24,79.93
15.91,121.86
19.56,141.66
7.47,82.45
16.95,127.51
7.1,74.68
5.64,63.61
6.23,69.42
13.7,109.39
12.82,106.79
11.13,89.68
13.58,108.93
18.61,137.65
14.1,107.3
7.08,72.78
6.63,79.15
9.93,93.26
4.45,64.03
19.52,137.81
2.11,45.94
4.23,64.38
9.99,86.48
7.34,73.61
12.91,99.95
8.42,77.21
10.89,88.88
12.03,100.76
1.04,44.47
15.83,123.08
11.4,96.44
9.52,84.29
17.1,126.39
8.16,74.7
11.19,99.66
14.79,114.59
13.06,108.88
1.39,52.19
11.17,96.16
2.56,52.4
12.64,96.5
2.61,54.51
15.81,123.38
4.77,63.21
11.98,101.52
10.81,96.66
12.77,106.49
5.17,66.7
9.85,85.9
4.6,61.11
6.08,69
10.68,91.58
15.22,112.56
11.85,97.31
7.72,81.66
14.8,113.04
13.34,109.23
14.3,103.84
6.61,68.86
4.92,59.94
4.21,57.8
10.08,95.52
10.07,96.61
13.54,103.53
18.49,125.14
6.16,67.02
5.72,62.66
4.5,57.13
15.86,111.6
16.78,124
14.8,113.22
12.07,102.43
7.83,82.77
10.79,89.94
8.92,90.02
1.01,51.29
5.95,73
16.92,123.94
13.28,104.37
17.6,131.09
4.51,60.33
6.99,77.41
16.3,119.8
4.53,59.5
16.61,121.53
13.07,100.71
8.7,79.93
1.82,57.02
11.74,94.21
3.59,65.5
19,139.07
11.58,92.86
1.74,57.08
12.34,103.99
12.49,105.36
1.81,51.1
9.22,85.81
7.47,82.9
14.62,108.93
11.05,101.77
13.44,104.66
13.34,110.11
2.79,54.34
12.01,97.93
6.59,79.88
10.44,88.83
3.68,53.42
9.14,82.55
8.49,77.37
12.09,93.24
15.88,111.45
9.13,88.27
1.83,44.81
14.22,107.78
5.07,71.5
16.31,113.67
15.72,117.62
7.97,82.85
9.59,82.42
15.08,107.99
15.75,115.97
17.34,125.58
14.45,117.3
15.19,118.59
18.49,126.97
9.65,95.05
11.77,100.66
7.97,81.71
12.39,95.56
2.09,55.55
19.69,138.11
4.55,63.71
8.13,86.47
3.05,49.68
2.7,56.75
3.96,54.6
9.46,88.58
16.49,118.9
16.36,114.54
5.21,71.57
18.36,131.76
14.24,115.08
6.56,73.28
6.26,74.43
17.8,122.13
9.17,80.99
4.1,65.04
8.99,78.73
7.75,80.77
1.41,50.44
11.83,102.73
11.05,94.85
18.8,128.86
6.36,73.76
2.11,58.11
3.66,54.39
8.11,83.84
12.79,104.7
5.77,72.82
13.4,102.71
17.84,127.4
3.78,63.7
7.54,76.41
16.85,128
6.99,81.63
2.61,49.99
8.82,87.46
13.24,105.58
2.72,58.67
10.63,91.85
10.98,99.06
8,85.55
1.07,41.22
8,73.7
14.05,116.08
2.27,55.78
16.13,113.63
17.47,120.52
11.85,99.29
7.31,79.38
11.64,94.35
2.96,50.31
2.6,47.53
7.91,76.22
19.04,127.42
2.22,48.93
14.88,119.52
7.67,82.31
4.97,65.01
18.29,132.04
16.12,115.7
4.24,61.81
1.17,47.49
12.03,93.12
7.5,72.63
8.57,85.28
2.84,49.89
14.5,111.6
1.21,48.71
12.93,108.77
15.42,120.73
17.29,128.03
13.31,104.54
3.08,63.77
2.88,57.89
1.8,55.07
14.85,118.87
14.17,115.96
3.31,63.48
12.49,102.49
12.54,108.25
2.76,56.18
13.09,99.69
7.99,78.63
11.82,102.1
9.63,88.03
19.4,132.61
3.22,61.75
14.41,107.09
5.63,67.02
10.22,93.83
8.42,83.25
12.18,103.8
9.39,87.46
18.75,127.18
12.1,106.76
15.64,119.4
2.05,53.96
12.24,96.46
7.93,78.85
2.68,51.42
18.86,130.74
5.35,66.82
8.66,86.51
15.88,114.51
18.72,125.96
17.78,130.51
8.78,87.3
9.2,92.1
6.73,77.36
9.55,91.23
10.35,97.74
14.11,115.28
10.57,95.15
2.53,50.32
16.57,115.63
17.18,120.55
5.91,73.18
8.52,86.31
12.44,107.32
5.09,63.01
18.72,137.98
10.72,86.58
8.23,87.32
6.07,64.36
5.48,74.72
17.66,130.74
12.97,100.91
13.82,102.65
5.42,73.74
18.53,128.58
13.88,110.09
2.78,50.36
13.6,109.96
11.03,93.98
18.67,126.24
15.96,124.72
11.98,95.57
6.54,79.87
8.85,84.44
2.09,58.53
6.45,76.14
12.84,97.26
12.92,98.18
10.28,92.99
12.71,98.18
13.18,108.67
14.56,118.8
1.09,53.13
10.2,92.09
17.84,125.34
18.68,129.71
15.07,119.02
15.86,121.29
17.12,119.22
9.48,88.97
14.65,106.86
11.91,99.44
6.75,80.43
9.4,91.13
7.6,81.55
12.53,105.26
9.77,93.67
11.06,88.25
14.81,117.81
3.48,60.4
18.76,138.12
10.02,95.75
15.57,115.26
1.66,53.86
10.67,89.81
5.67,64.1
3.26,53.24
6.61,78.54
14.9,113.35
7.84,72.95
18.51,131.42
14.94,112.82
6.96,70.41
11.54,93.04
7.75,80.18
2.7,49.09
7.5,75.77
15.5,113.34
1.25,54.37
8.71,79.73
6.79,69.46
8.71,87.34
2.54,51.55
14.81,109.27
18.64,130.11
19.9,140.46
7.34,71.84
2.99,58.31
16.77,119.82
1.93,55.79
18.83,128
18.58,127.57
19.58,133.37
7.14,73.38
2.49,57.34
11.3,94.39
19.42,138.81
7.63,84.05
8.21,74.42
5.22,62.99
3.2,50.39
6.47,66.52
4.01,59.34
8.72,79.51
7.58,73.32
2.86,62.41
10.08,85.41
6.36,71.18
18.42,126.92
1.21,40.92
1.28,53.39
13.71,102.5
18.86,128.98
7.2,79.86
15.11,109.75
5.06,64.17
14.67,108.97
10.7,92.52
9.1,80.1
18.15,128.56
18.11,129.94
12.72,102.75
18.64,128.59
17.73,132.45
9.28,82.19
1.22,51.43
7.23,74.77
12.2,105.44
7.79,84.48
8.91,81.37
17.17,118.5
5.04,62.22
7.98,84.05
5.94,72.56
12.75,96.65
9.29,84.32
5.47,70.93
7.61,84.42
4.76,70.07
10.89,87.34
1.27,52.41
16.89,117.96
19.55,130.29
14.02,108.56
2.23,45.83
10.98,90.22
7.46,77.01
16.33,118.99
17.93,132.15
9.81,90.95
13.73,111.41
9.12,81.99
16.11,122.37
17.39,127.78
3.79,60.36
2.5,48.68
7.39,76.46
7.19,69.63
8.06,86.14
18.4,127.94
12.55,98.4
8.39,89.2
16.14,117.09
13.59,107.31
7.19,72.54
8.13,83.06
19.42,138.61
17.63,120.38
14.84,106.42
11.63,102.51
12.21,96.85
10.73,94.73
6.46,66.12
13.32,106.03
8.21,80
16.56,120.43
5.51,64.18
11.83,105.23
15.47,112.11
10.98,89.8
18.29,130.78
11.97,95.2
7.81,77.85
7.77,75.75
17.83,121.73
13.66,105.06
6.59,72.84
17.22,128.66
19.2,129.25
6.73,67.62
7.02,71.59
10.69,88.73
18.2,132.75
9.74,83.16
14.85,119.19
5.13,73.18
2.59,47.81
19.65,130.19
3.49,64.92
1.49,52.79
16.62,122.72
5.52,72.43
19.62,142.46
5.1,60.97
13.15,99.41
3.09,52.88
19.16,137.78
14,109.7
6.09,75.86
6.28,68.01
3.76,63.29
13.16,106.73
10.33,90.14
16.69,119.13
1.68,51.06
12.7,96.8
16.1,115.82
4,63.1
7.09,82.2
15.97,125.07
16.75,125.48
5.3,60.69
10.88,93.51
12.63,109.45
14,110.09
2.36,57.9
8.8,81.03
15.68,120.72
19.62,131.03
13.88,104.12
6.18,69.19
9.33,81.6
15.51,110.34
3.62,53.41
18.91,125.8
16.93,126.98
5.26,68.02
3.5,60.4
14.05,109.16
3.76,60.3
5.11,62.16
14.61,109.15
17.69,127.85
13.77,101.86
12.42,99.18
9.22,83.63
10.42,86.91
8.27,81.23
8.48,76.63
14.63,105.9
9.1,80.17
14.57,118.47
14.82,116.77
13.06,104.18
12.15,107.31
14.51,113.53
12.96,98.45
18.41,132.79
17.24,118.3
10,86.25
12.54,105.15
6.95,75.74
16.43,125.58
18.4,124.52
1.96,50.93
6.02,67.77
6.77,76.16
16.94,116.57
9.44,82.25
17.61,123.58
16.27,113.53
7.02,73.69
8.44,86.61
4.85,69.97
12.37,101.35
8.43,89.37
9.65,90.61
17.54,132.21
15.86,113.19
2.59,54.64
16.29,121.73
19.51,132.08
2.16,49.48
14.6,110.54
13.96,103.91
6.97,69.58
8.1,80.76
11.38,92.75
13.82,114.88
18.79,130.67
7.14,71.29
14.61,106.06
16.3,115.98
19.72,142.12
8.97,87.53
10.68,97.47
9.16,92.76
17.56,122.13
3.62,56.24
18.58,132.15
19.11,138.44
15.23,109.35
15.97,114.25
11.69,95.12
7.72,77.93
6.78,77.68
4.68,65.4
16.55,117.18
10.87,100.69
17.42,119.26
4.6,70.07
8.51,82.88
8.61,79.41
16.37,115.91
18.59,125.68
3.39,52.08
19.46,141.94
6.7,78.87
19.77,141.23
3.03,51.15
1.11,41.7
7.15,83.06
7.25,80.29
3.77,55.07
13.63,104.15
1.83,47.98
1.24,45.02
10.9,97.08
18.06,122.86
9.85,95.11
15.64,119.91
2.04,50.01
13.44,112
8.93,79.36
8.05,86.95
10.45,96.26
18.33,124.27
16.94,117.42
16.22,113.73
5.26,69.74
10.69,86.82
8.35,86.55
5.96,64.29
5.65,75.79
16.26,119.83
7.66,71.77
19.43,133.72
11.02,88.57
3.35,59.76
17.69,133.25
15.92,112.63
13.01,110.32
2.07,53.77
10.91,97.11
13.07,101.52
13.49,108.12
11.01,99.79
2.65,48.26
15.46,114.45
10.55,91.92
14.34,110.45
16.21,123.03
15.76,122.89
9.29,88.45
14.33,114.96
16.01,121.49
11.15,96.73
19.72,138.21
3.39,52.46
17.59,123.32
16.37,120.93
3.44,61.41
8.44,88.58
13.59,109.42
16.04,116.63
16.36,123.83
17.79,123.74
19.61,131.72
8.5,79.37
15.31,118.16
18.41,133.37
12.13,105.8
8.08,83.7
12.61,102.5
10.71,99.92
5.22,60.55
5.83,68.19
8.55,87.64
19.67,131.33
19.29,136.52
2.6,59.71
5.85,76.77
7.45,72.37
17.74,123.07
19.65,129.61
11.02,99.14
10.46,89.38
1.54,48.39
10.68,94.68
3.66,62.74
6.8,80.56
14.78,119.17
17.24,128.18
6.74,78.54
8.25,88.06
4.12,57.77
16.66,126.81
10.75,98.19
15.53,117.54
7.19,75.24
13.33,99.7
17.84,128.54
8.2,76.01
4.96,64.31
12.52,99.38
15.88,124.66
6.8,78.15
7.98,83.8
9.53,94.32
15.45,115.79
17.58,127.05
15.64,122.4
13.35,112.86
16.8,122.04
11.59,93.73
19.29,129.88
9.75,90.44
1.68,51.3
14.22,108.64
11.33,91.78
15.78,121.29
7.21,74.86
1.19,46.04
19.28,140.94
16.7,125.82
15.56,119.78
18.94,135.38
12.69,101.51
13.41,112.18
1.69,50.82
16.56,125.94
6.11,72.88
9.25,84.73
5.94,70.5
15.99,125.03
15.85,116.77
12.26,104.56
3.61,61.65
12.83,108.99
3.85,65.25
14.9,109.71
8.46,81.57
6.47,76.8
17.32,129.32
8.18,76.43
11.12,92.71
7.71,75.58
11.45,99.18
11.24,94.45
18.48,136.89
4.8,62.26
19.94,130.87
2.35,47.02
4.02,54.88
1.93,51
8.62,82.53
17.36,130.44
16.02,118.74
16.14,124.84
19.82,135.33
16.63,116.36
6.77,73.82
13.68,108.59
18.84,139.14
14.29,104.94
9.68,89.49
13.82,109.38
12.26,96.08
14.07,105.6
18.36,126.3
18.06,128.98
1.23,48.73
17.44,126.58
4.59,68.6
11.81,101.86
16.71,124.65
9.31,80.79
18.3,125.76
19.49,141.53
8.55,76.17
16.05,116.59
8.37,76.13
4.09,62.21
6.69,71.22
8.03,84.14
10.52,91.95
10.16,90.77
3.08,60.55
7.59,79.78
18.02,126.68
18.18,131.21
10.74,94.03
3.4,54.83
10.35,89.29
4.48,65.64
14.6,118.41
13.27,102.91
6.89,69.7
16.49,122.76
4.36,57.61
10.47,85.97
12.41,101.6
16.5,114.97
13.29,104.48
17.39,127.4
6.62,67.71
6.82,76.2
10.92,87.98
5.68,72.13
15.57,110.81
18.37,125.97
10.71,97.29
1.84,52.8
18.05,127.54
19.77,141.77
12.63,104.2
18.23,127.76
9.89,91.15
12.75,109.67
8.7,84.76
18.51,134.27
17.2,129.89
10.16,87.24
13.46,107.28
12.55,100.98
1.56,45.72
10.26,86.55
5.35,63.74
14.74,110.61
18.15,132.01
5.53,74.65
7.09,69.16
17.75,132.74
18.82,133.77
6.91,70.1
19.91,132.42
19.74,134.91
3.05,60.69
7.49,82.62
1.83,53.28
10.01,86.23
3.92,55.03
18.57,128.12
3.74,63.82
8.06,85.13
3.97,63.94
7.24,72.75
7.57,82.73
4.09,63.97
9.04,88.93
1.35,50.45
17.25,127.91
9.98,87.81
13.94,112.93
19.95,134.49
3.72,57.31
11.68,103.78
12.23,100.07
19.1,132.81
7.82,82.56
13,109.12
11.79,94.02
5.22,69.26
2.14,56.42
18.91,134.68
18.37,135.62
11.8,101
5.77,73.05
15.23,121
6.14,76.85
15.54,110.9
15.06,115.98
1.77,44.81
8.07,82.99
1.01,48.86
16.26,114.03
2.87,56.94
3.34,63.3
2.67,60.18
4.08,68.47
17.5,127.97
19.64,134.1
10.33,92.43
6.26,69.92
3.62,62.22
13.39,100.76
4.13,61.83
19.03,126.39
11.11,92.76
2.99,57.02
4.82,58.99
5.47,70.14
7.11,77.85
17.88,129.18
6.61,68.79
13.94,111.73
1.74,49.05
15.62,123.57
1.41,52.92
17.26,124.54
18.36,133.06
13.92,108.74
18.44,127.92
5,61.09
3.15,50.12
19.52,135.32
8.4,89.17
5.6,75.49
16.22,125.67
1.11,42.22
8.97,82.93
19.47,135.33
1.12,48.13
1.11,42.18
2.83,62.53
15.02,118.63
6.79,72.4
6.44,67.38
19.06,126.56
6.62,66.91
6.93,74.67
15.19,112.24
2.98,61.48
5.52,67.26
19.86,141.64
14.25,107.67
5.49,61.68
14.68,108.17
15.75,118.88
19.87,140.31
7.76,85.14
10.54,97.47
10.36,90.31
10.15,83.87
8.42,84.92
6.76,78.61
3.12,62.47
15.5,115.64
12.17,97.38
9.86,82.97
6.77,68.07
5.98,76.82
14.8,110.97
18.8,137.92
16.35,126.32
12.63,97.02
3.72,59.46
11.55,101.32
12.61,96.38
7.73,76.3
11.83,92.99
13.51,113.77
18.98,131.72
18.94,136.92
15.91,124.68
19.94,141.01
2.82,58.96
2.48,59.19
2.39,48.62
19.3,141.53
1.23,52.42
7.14,72.27
10.61,95.61
3.52,60.33
15.22,120.72
2.34,47.28
1.46,50.63
3.22,55.3
14.39,117.62
15.98,122.22
7.52,81.41
14.87,107.85
13.96,108.15
12.4,108.34
13.59,112.67
9.88,83.57
15.32,115.37
4.12,61.53
4.65,68
6.64,68.03
18.95,138.5
17.64,126.07
10.31,88.68
15.44,121.22
14.84,112.8
8.09,77.7
12.68,104.86
8.45,83.2
7.29,70.48
7.89,74.87
2.6,56.67
9.48,81.46
17.18,131.26
15.25,120.05
13.45,99.67
18.84,135.8
4.69,62.99
2.76,56.36
18.28,134.04
19.99,142.55
16.42,123.22
7.71,83.39
13.4,110.69
11.23,91.88
5.97,75.35
19.57,132.27
3.48,54.5
5.28,61.92
11.95,96.23
6.24,75.67
1.98,56.99
15.81,123.02
9.43,82.19
3.31,59.19
9.09,84.94
11.91,103.08
4.85,61.53
19.26,132.04
5.09,66.86
11.5,90.61
13.31,106.33
3.56,54.62
16.16,125.17
9.67,90.39
13.38,102.21
10.74,89.57
5.55,61.91
7.93,80.27
12.26,97.68
9.41,89.47
8.35,77.63
11.47,97.42
12.42,104.42
1.16,44.82
15.5,112.51
13.29,108.35
12.72,98.97
12.45,107.29
6.4,76.64
3.3,55.65
5.86,70.69
16.42,123.42
15.86,113.02
2.34,53.3
10.4,89.51
12.64,109.32
7.52,79.42
7.17,71.43
4.08,61.77
17.8,130.78
9.74,88.08
17.33,126.95
5.7,67.09
5.32,65.02
19.85,137.32
11.04,90.5
1.36,53.99
2.91,51.52
18.92,127.57
2.92,54.96
19.17,130.07
6.08,74.3
1.91,57.08
12.76,109.85
10.35,84.68
11.57,92.58
4.27,68.48
2.13,46.32
11.89,103.06
18.74,130.71
11.01,93.06
7,73.78
1.47,53.1
17.83,123.77
14.16,103.19
10.27,93.04
14.99,110.52
3.27,52.37
9.7,82.09
10.21,92.63
13.38,104.57
11.83,99.57
9.92,89.54
18.9,126.05
12.01,103.92
14.75,107.76
14.22,107.91
9.53,86.4
16.39,122.77
5.79,74.8
14.31,117.33
2.73,51.21
11.4,91.66
19.26,132.97
14.92,113.03
6.74,80.61
3.92,64.57
1.93,51.45
12.89,98.84
1.6,45.66
4.91,59.18
13.89,108.56
10.71,99.98
5.2,60.46
7.93,83.98
17.39,127.23
7.51,75.37
12.38,95.82
2.06,58.33
13.58,111.28
5.48,66.01
15.79,112.23
19.33,130.03
14.2,104.26
12.72,109.97
13.92,104.07
7.54,78.71
19.17,133.59
4.55,63.94
5.83,66.97
3.49,57.01
19.19,135.52
14.23,109.85
11.01,100.55
17.71,122.81
4.24,63.37
11.12,94.96
19.04,133.18
10.59,92.13
15.96,123.2
3.32,55.46
2.29,48.09
16.97,126.42
16.1,113.55
3.68,64.06
10.47,91.35
1.12,47.71
7.77,77.43
11.31,89.83
5.19,60.73
12.23,103.96
10.72,86.61
8.46,79.74
4.41,66.83
13.27,104.56
4.51,68.6
10.95,95.09
4.87,61.54
10.35,90.08
10.66,91.6
19.89,136.01
5.38,61.39
7.43,73.49
9.66,81.69
7.93,83.6
17.17,127.67
14.58,116.44
16.01,117.43
15.98,124.15
4.04,66.52
14.57,115.32
7.15,80.01
18.25,125.23
18.55,126.88
1.98,55.23
10.32,90.29
11.83,97.39
2.1,57.88
18.69,128.6
5.39,63.46
7.67,78.53
8.98,90.35
14.86,107.9
4.57,57.53
18,134.98
18.31,136.88
10.28,98.07
5.14,69.19
2.19,58.99
17.96,130.42
5.24,66.49
5.05,62.38
18.01,130.07
18.37,125.15
1.74,50.51
5.48,75.08
8.43,78.69
15.36,111.49
2.25,55.01
19.34,131.53
2.72,60.6
15.85,119.83
4.82,66.4
9.73,85.09
10.12,93.31
12.46,107.9
13.63,106.52
5.27,73
4.81,64.68
2.17,46.36
8.05,81.37
12.42,95.54
2.49,49.14
10.8,89.3
3.07,62.2
9.77,87.52
19.19,136.44
9.5,87.24
11.19,101.52
5.18,68.32
7.74,77.14
8.15,76.14
19.75,131.09
3.91,61.57
18.46,124.1
2.72,52.35
2.68,61.01
1.7,51.48
14.47,112.14
4.49,57.3
4.72,66.54
2.76,59.58
6.33,78.28
18.35,130.68
13.04,100.27
5.69,68.42
12.12,93.99
7.87,75.03
15.34,111.37
14.38,108
14.05,102.71
18.48,134.05
16.33,114.85
16.79,119.04
6.38,77.42
2.4,58.24
12.73,97.59
7.72,84.05
1.89,57.24
10.72,87.75
2.6,55.1
17.49,131.89
15.68,111.03
11.18,97.41
10.21,96.69
13.57,103.16
7.53,81.97
16.13,119.53
12.29,99.15
17.12,120.18
10.57,94.26
7.21,73.83
12.73,108.87
16.52,127.29
9.51,89.68
18.16,131.29
18.71,138.69
19.76,140.62
5.2,70.31
14.38,117.22
13.3,109.7
17.86,127.67
18.7,128.79
6.59,66.96
19.45,141.58
11.15,91.45
15.75,118.48
18.34,136.82
8.45,76.25
3.54,57.92
17.69,128.28
2.46,46.98
13.83,107.54
2.69,50.55
18.83,134.42
10.5,89.42
13.66,111.02
7.11,73.06
14.25,106.15
7.03,82.21
18.33,136.05
18.29,129.16
4.98,66.73
12.93,99.76
2.76,60.93
1.64,53.52
18.76,139.04
7.66,75.04
6.02,73.51
5.42,73.82
13.06,103.97
8.32,83.26
18.43,125.6
19.67,139.85
2.68,58.66
2.82,52.26
17.04,121.41
11.95,102.05
12.71,104.3
2.88,62.76
16.6,118.32
7.14,74.44
8.94,87.62
8,82.36
2.97,55.16
2.12,47.91
14.76,119.35
13.34,107.01
14.9,116.55
19.36,129.04
15.41,121.91
4.6,59.05
13.32,99.18
14.51,107.11
10.72,97.64
15.81,114.09
13.06,101.63
17.88,130.6
7.3,72.33
2.97,60.75
1.95,47.5
15.91,122.49
7.14,71.36
8.79,86.72
8.42,83.16
9.5,87.42
11.66,93.92
10.23,84.96
13.5,110.58
2.34,55.73
3.15,56.49
19.06,133.4
11.3,96.65
14.16,105.91
17.76,127.72
17.31,126.95
8.86,85.41
4.91,72.44
5.79,64.19
12.65,97.98
3.48,54.06
13.89,104.35
11.55,101.99
4.8,68.73
13.54,103.55
19.81,136.91
7.52,84.78
14.74,107.98
10.62,99.33
15.76,116.01
10.1,91.44
5.97,66.41
19.19,138.3
14.21,111.35
1.64,43.62
1.63,43
3.68,59.05
19.81,136.06
1.04,48.41
17.63,123.17
17.99,121.69
8.25,80.27
16.7,128.11
1.66,47.96
9.41,92.71
5.97,73.63
14.97,116.29
6.14,77.05
18.07,124.31
4.9,70.77
17.99,126.78
6.16,64.57
11.72,101.12
16.03,118.18
7.95,73.38
8.3,86.04
2.01,52.03
14.99,117.46
17.91,134.9
13.39,113.07
5.18,61.09
7.55,81.14
9.89,95.01
4.27,60.98
18.21,134.43
6.05,73.82
15.49,118.06
15.43,118.24
10.41,93.21
11.8,98.86
6.98,71.09
18.58,137.32
6.39,67.08
3.34,56.03
11.74,91.73
4.21,65.15
13.55,109.15
6.73,79.8
14.2,116.04
12.01,100.96
2.95,61.14
19.71,135.13
6.17,70.43
15.34,112.48
19.67,131.9
17.86,133.63
14.67,117.53
1.53,48.91
4.5,70.2
4.6,65.13
12.14,93.28
1.15,53.95
11.23,90.28
10.25,95.56
13.14,99.12
9.26,89.1
2.23,47.08
1.92,55.69
15.39,116.82
7.54,84.1
1.52,55.29
8.42,88.86
13.41,105.74
11.4,96.15
16.35,117.09
4.04,58.16
8.41,75.87
8.98,91.12
12.08,97.65
7.32,70.4
14.78,110.53
1.15,42.29
16.58,120.19
14.7,110.42
5.9,63.59
9.41,86.1
12.12,102.84
16.2,126.03
8.47,89.54
13.69,104.09
13.54,113.56
16.94,127.81
3.22,55.96
10.19,92.05
10.02,92.2
7.63,72.85
12.08,97
18.06,130.39
17.19,124.03
17.05,128.97
10.79,98.72
16.05,117.3
11.7,100.99
18.38,126.22
8.98,80.27
18.14,127.85
14.28,103.62
12.53,96.92
12.59,102.08
3.01,58.42
17.12,127.45
3.38,59.71
1.82,46.56
1.57,44.69
2.8,60.88
16.97,127.39
19.52,132.72
19.32,129.64
16.64,123.2
12.64,97.13
8.91,81.45
2.71,59.72
7.4,72.7
9.05,86.83
8.9,89.24
1.41,50.19
6.53,75.58
7.21,72.09
3.68,66.14
13.54,113.57
18.81,127.46
14.42,104.38
15.89,120.89
7.8,84.06
4.38,61.46
17.12,130.9
6.11,68.21
8.61,85.32
9.32,81.16
16.71,117.54
15.9,112.99
16.08,122.28
7.53,83.64
14.29,109.49
3.17,51.61
8.02,81.65
5.19,68.89
1.38,55.54
16.07,119.91
4.81,62.97
8.52,82.82
13.49,102.83
2.27,57.07
7.28,73.08
7.09,74.83
18.72,128.65
13.69,103.35
16.46,114.32
10.51,89.51
2.25,59.41
8.68,87.62
2.32,56.88
5.54,70.19
18.77,134.6
11.61,98.22
11.39,94.56
4.73,67.7
3.86,56.53
2.96,50.13
14.38,107.42
15.36,116.5
9.26,91.65
14.73,119.62
6.72,71.39
4.94,60.1
7.21,76.35
13.43,111.01
19.98,138.88
15.08,110.61
4.54,64.27
7.4,76.27
6.33,68.91
5.82,66.31
10.84,92.25
17.59,132.93
13.83,110.12
19.4,140.41
12.51,101.27
6.85,76.84
6.76,68.77
17.44,132.12
9.77,90.49
14.54,114.28
14.78,110.1
18.61,131.87
2.58,54.96
2.67,49.32
3.15,53.56
4.69,66.71
1.53,44.01
2.44,46.91
14.77,113.72
13.06,106.44
6.61,80.44
10.22,89.27
14.21,113.56
16.71,127.73
11.02,88.64
12.95,103.25
3.73,60.22
9.56,87.58
10.81,89.67
10.05,92.9
12.11,97.09
12.35,107.4
1.51,54.75
12.65,101.04
13.56,107.16
17.84,133.67
18.71,138.56
1.38,49.69
4.45,60.81
8.57,80.72
13.53,106.87
13.49,111.36
10.05,84.48
8.97,90.32
19.09,133.92
17.5,124.12
2.19,46.68
19.92,136.84
18.84,127.53
12.22,105.76
12.82,99.13
6.82,79.22
10.92,94.05
8.24,85.46
6.58,76.11
16.95,117.3
2.36,55.46
5.83,66.26
6.24,66.34
8.47,82
9.29,80.09
7.36,77.06
15.11,109.36
17.65,132.82
6.08,69.22
7,81.38
2.39,54.71
18.69,127.62
13.36,113.03
15.04,116.25
8.44,81.73
7.89,77.27
2.04,48.36
2.51,56.37
9,91.17
8.32,86.43
12.27,104.96
13.3,106.16
13.33,108.45
13.87,109.34
12.25,93.93
6.71,75.75
16.35,127.02
5.77,75.29
10.11,91.81
19.42,142.06
13.61,114.23
3.54,61.21
19.61,129.78
19.93,141.57
3.27,53.59
17.39,125.18
12.85,101.49
6.39,67.35
13.05,107.92
16.04,123.73
11.88,100.44
5.92,72.97
19.02,138.09
4.97,67.13
15.26,119.98
13.34,109.56
3.39,57.92
6.14,65.63
6.58,77.6
2.33,58.36
18.24,134.34
15.14,119.16
6.86,78.75
9.02,78.86
8.19,75.53
11.71,101.21
18.96,135.15
3.07,56.67
18.93,139.86
4.82,70.33
15.86,122.56
2.15,45.68
12.82,107.79
17.08,130.39
10.93,90.98
11.83,104.04
13.32,98.95
8.65,78.29
1.1,49.65
18.96,128.72
8.4,79.25
6.56,73.47
10.98,97.47
19.45,129.14
11.87,98.81
2.45,49.78
9.96,84.59
4.54,57.35
16.7,124.4
17.82,121.21
6.15,67.76
19.41,133.37
11.17,90.26
13.62,108.37
13.35,101.06
9.34,88.65
1.09,49.04
5.36,73.34
4.92,62.59
4.22,55.42
18.86,134.29
3.61,66.24
6.58,78.97
14.56,107.19
5.51,68.29
7.94,80.19
5.19,67.39
18.9,133.81
2.65,60.19
16.34,116.47
15.38,120.19
4.64,64.82
8.38,78.16
12.01,92.92
19.22,140.93
5.38,69.94
10.15,97.64
3.65,59.03
6.75,77.49
1.63,55.57
4.52,63.71
5.15,71.97
3.51,65.59
7.98,78.23
3.89,57.67
11.73,91.56
8.96,89.48
4.71,61.16
11.13,100.56
10.51,90.25
16.82,120.73
17.81,133.13
19.21,133.39
6.55,77.32
3.45,62.51
5.53,74.55
16.7,124.59
7.25,71.08
17.04,122.55
7.22,72.36
18.24,130.01
3.3,62.33
6.82,79.19
3.75,56.41
5.95,66.49
2.96,59.74
19.16,127.24
2.25,50.52
9.78,83.08
5.86,76.74
19.68,139.68
3.39,51.45
3.77,63.57
11.14,95.19
6.2,74.25
3.03,52.92
17.28,119.74
3.18,55.3
13.68,114.36
9.32,81.46
5.16,68.35
9.59,88.27
11.14,96.53
18.27,124.97
8.79,81.28
3.77,66.81
13.39,109.67
4.7,58.88
19.17,130.3
12.86,107.31
8.87,86.67
4.67,61.28
16.85,127.55
13.11,101.57
7.26,83.65
4.36,64.94
17.83,123.63
11.71,95.4
17.14,126.41
15.34,111.87
11.44,99.97
11.08,96.89
10.54,92.79
13.31,102.35
18.09,127.49
7.53,71.51
7.46,73.78
6.27,75.17
19.98,140.38
5.43,61.63
14.25,103.99
4.13,64.63
11.76,104.48
8.77,79.21
6.05,76.56
3.75,53.47
19.16,130.76
9.18,87.6
10.07,86.88
8.43,85.05
9.45,84.52
8.39,86.31
4.82,61.86
5.82,71.8
16.97,129.78
18.1,123.37
15.32,120.63
18.29,127.37
8.49,81.69
18.31,130.09
5.23,73.51
16.69,124.94
1.59,44.39
7.09,76.69
2.89,58.46
1.65,53.59
17.9,130.98
8.8,90.26
5.31,70.66
5.18,69.92
4.34,58.85
2.69,58.51
2.14,54.84
12.82,106.31
7.29,71.88
18.98,129.22
5.53,68.78
15.17,107.95
10.63,96.15
3.43,64.44
9.9,83.2
17.88,134.47
7.82,75.87
1.22,51.07
14.77,113.26
10.05,87.71
3.86,57.63
14.36,106.45
15.36,112.22
5.1,61.29
4.15,58.65
7.56,78.28
18.27,126.36
2.09,50.19
9.4,90.93
5.42,62.87
6.01,65.26
19.42,141.62
16.34,116.13
15.2,119.95
2.52,55.66
10.99,93.61
5.5,65.24
2.91,55.35
11.6,102.23
6.84,68.91
10.82,97.96
17.91,134.4
18.26,135.22
3.2,62.02
5.26,63.67
9.91,88.71
15.07,108.92
19.91,137.4
1.32,50.9
3.44,56.68
15.37,122.03
2.43,55.63
5.51,68.67
2.73,55.85
15.48,111.97
5.13,61.56
16.78,121.61
7.02,77.2
19.82,132.17
10.09,84.79
11.81,96.98
3.34,51.19
14.95,118.99
8.37,81.93
12.33,102.27
12.72,106.13
6.61,73.86
1.67,46.51
6.34,74.35
18.82,130
5.6,70.83
19.39,128.77
8.22,84.3
6.97,80.2
19.71,139.98
18.23,129.46
10.87,96.67
18.77,137.77
13.49,109.33
6.17,78.61
19.71,136.72
12.94,107.58
7,72.72
10.84,89.16
16.68,122.43
7.78,80
9.54,94.57
6.43,75.53
6.08,76.26
10.98,93.86
16.21,118.93
7.96,73.31
9.5,93.39
2.86,49.67
10.51,90.53
10.02,86.42
9.52,92.93
11.1,97.87
10.83,91.35
16.94,128.82
13.46,104.31
10.86,98.82
8.88,85.33
12.4,95.61
9.06,91.71
11.36,97.76
9.07,78.55
1.45,45.39
2.01,46.32
5.9,68.01
16.83,119.21
11.02,95.37
2.54,58.93
13.32,101.09
13.82,109.55
10.86,96.38
17.85,127.44
1.87,54.22
15.16,110.28
1.82,48.95
12.54,105.61
18.52,135.8
18.53,126.96
5.74,69.09
7.92,81.38
10.77,92.79
16.23,115.42
13.62,105.56
16.31,117.95
5.83,65.33
13.2,100.6
6.29,69.12
19.25,136.53
1.25,50.22
12.92,100.23
9.57,93.17
8.69,88.26
3.99,56.74
9.3,91.97
12.75,104.19
15,119.79
8.96,91.81
3.51,59.3
16.61,119.84
8.08,74.5
11.96,94.22
7.69,73.16
1.84,46.93
13.29,109.88
19.06,139.51
16.68,123.09
7.88,73.13
5.37,67.99
14.42,117.38
4.59,68.38
18.23,123.82
17.24,130.35
19.58,135.95
3.41,53.94
13.17,102.15
7.85,79.06
16.16,124.23
16.49,120.4
18.94,134.18
1.84,45.49
16.95,126.86
13.95,110.37
1.35,47.07
7.2,82.28
19.55,140.84
10.09,95.13
2.81,51.51
14.89,115.64
13.34,104.18
13.7,108.19
9.82,82.39
4.36,66.74
1.97,50.94
3.27,55.17
6.9,70.07
11.99,94.11
3.19,53.29
3.22,53.46
7.93,83.23
15.53,121.65
7.24,70.64
13.98,113.32
7.96,83.8
14.42,111.79
7.57,83.77
5.1,66.28
7.44,79.38
2.07,58.84
9.06,86.82
9.21,90.57
13.87,105.15
1.09,47.47
13.67,104.88
12.96,108.91
1.93,56.38
9.44,80.44
2.46,47.95
5.91,71.33
3.03,52
9.51,83.28
9.19,82.46
16.33,120.05
1.27,44.83
2.17,57.69
19.21,129.95
19.95,131.36
15.87,124.76
8.7,81.62
16.86,128.54
6.63,72.43
9.03,89.83
2.75,58.44
10.29,95.9
15.03,107.37
18.22,130.48
19.12,133.64
14.76,112.73
2.09,51.28
18.92,129.8
2.6,60.72
13.3,107.52
3.63,54.49
11.79,104.96
4.63,69.54
8.86,88.29
15.68,115.29
11.25,99.29
6,66.45
15.91,119.58
14.95,107.25
11.59,100.31
11.41,98.28
10.41,93.48
4.07,66.49
6.35,67.38
17.03,123.61
9.31,88.32
5.86,67
4.36,63.22
2.92,58.23
13.39,107.2
6.53,75.84
4,66.71
7.49,75.2
3.62,53.33
18.8,132.72
2.05,57.6
17.8,133.98
9.92,88.8
17.93,130.51
17.88,126.78
17.86,128.65
5.35,65.2
16.75,123.75
19.19,135.8
4.84,65.09
5.75,74.36
13.6,112.07
15.02,117.18
11.22,99.53
13.82,106.23
3.17,56.35
12.38,98.02
18.91,129.4
16.64,125.15
12.33,99.77
7.2,82.15
12.22,107.53
17.62,123.31
8.89,81.7
9.72,93.5
17.89,127.17
7.86,73.14
6.28,77
9.42,91.15
17.96,121.48
10.03,95.81
3.13,59.63
12.23,99.17
1.62,48.96
4.57,58.63
4.91,59.02
17.33,124.38
3.99,59.09
4.45,61.51
13.36,106.81
9.29,85.64
17.83,132.89
12.28,100.43
2.95,52.07
3.67,63.57
6.2,68.86
11.87,100.34
17.26,121.1
13.08,106.4
16.06,122.4
13.29,100.56
5.29,61.75
9.68,82.61
12.78,96.38
18.27,135.79
5.69,70.61
17.05,120.36
5.62,67.31
1.13,45.49
13.97,115.41
8.59,84.22
8.15,82.06
19.08,136.16
7.6,72.16
11.3,101.52
4.55,65.7
14.99,109.26
15.08,116.19
16.01,125.63
16.91,116.98
15.61,119.31
19.95,139.82
17.06,128.37
7.48,82.51
3.17,61.92
3.7,61.58
10.39,86.74
14.77,114.2
11.49,101.47
13.68,102.37
7.1,79.73
10.67,98.6
9.49,88.15
8.87,80.14
5.44,67.53
10.48,90.94
9.12,88.05
15.64,123.47
16.21,116.91
17.86,125.75
17.76,132.65
4.47,60.61
8.6,84.66
13.76,113.46
6.07,64.25
19.53,135.08
4.56,63.76
8.25,81.76
5.2,66.35
10.23,95.67
17.45,132.08
3.28,60.31
10.55,91.17
10.79,97.75
6.24,71.48
18.42,128.63
14.88,112.07
2.6,54.91
16.14,115.76
8.54,86.18
18.86,135.47
10.63,86.86
11.61,103.81
15.31,119.67
19.15,140.82
15.74,112.55
9.86,83.06
1.85,48.3
11.78,101.89
5.89,68.85
1.78,54.41
16.1,119.82
11.1,90.68
14.4,110.05
2.26,52.18
18.26,124.95
8.05,83.87
11.99,106.22
2.04,53.18
18.16,126.32
19.97,132.66
13.92,105.07
10.88,94.11
9.48,87.21
3.78,66.55
2.91,50.32
2.3,50.25
5.03,70.23
12.61,107.6
10.13,91.79
6.6,77.88
1.83,43.92
6.91,72.08
12.07,96.46
10.51,94.29
9.3,91.16
3.91,64.05
4.31,65.64
5.07,61.28
7.18,71.13
14.63,115.08
5.32,63.11
11.12,98.97
4.59,61.65
15.22,108.62
9.09,80.49
6.14,78.03
9.88,94.19
9.83,95.54
19.83,143.48
18.52,135.38
6.48,72.52
13.83,109.32
16.43,123.79
9.33,79.86
10.69,99.55
14.53,105.07
18.06,135.43
16.45,121.01
2.41,55.23
4.34,58.06
3.53,61.89
10.23,95.15
13.76,101.08
10.31,94.9
7.69,74.02
11.46,98.32
14.68,113.19
6.18,68.54
14.77,118.13
15.94,114.9
13.5,105.92
10.78,91.62
9.57,92.54
10.34,92.2
11.34,94.87
11.97,100.35
15.67,116.81
3.56,55.36
19.57,137.38
19.96,131.23
6.6,79.99
16.56,114.8
7.13,79.25
3.04,55.25
12.81,101.62
11.55,92.42
5.81,74.58
9.79,89.08
6.76,68.55
7.69,79.01
12.45,103.66
2.76,55.1
2.76,49.43
3.21,56.22
11.15,95.78
11.5,98.35
10.95,94.02
7.89,84.28
1.28,52.77
16.09,117.54
16.03,124.07
15.12,109.49
12.58,97.45
17.09,126.99
19.03,127.75
8.28,84.3
12.08,101.7
6.93,69.15
9,88.51
1.59,50.83
7.06,74.35
13.75,108.86
16.65,126.25
1.42,46.34
1.81,44.24
8.63,83.76
2.87,56.69
2.03,55.95
17.48,120.98
18.31,130.89
19.27,131.4
15.73,124.36
3.78,65.4
6.34,69.64
13.58,101.99
4.49,58.51
3.6,61
16.65,122.2
2.05,46.76
16.95,123.9
19.65,139.87
9.55,81.54
19.76,132.27
17.99,133.2
19.95,136.02
17.18,118.64
19.84,130.44
18.54,137.84
6.33,68.02
10.44,86.65
6.68,73.75
12.04,101.34
12.81,101.95
9.25,85.01
4.04,62.85
2.16,46.65
14.95,115.84
18.37,124.02
10.14,96.48
8.05,75.46
16.13,114.32
16.57,123.43
15.6,120.02
9.06,90.86
6.76,76.13
18.29,126.83
8.46,82.83
18.76,134.49
5.46,70.01
17.7,127.47
3.95,59.33
3.56,55.68
11.1,97.61
5.2,67.64
4.39,63.5
6.67,76.07
17.9,127.89
18.43,123.53
2.89,60.62
2.48,54.13
17.33,125.1
18.57,131.49
12.06,99.78
13.5,101.85
6.04,64.58
10.26,93.36
3.61,61.63
14.56,118.13
18.74,125.14
5.78,68.31
5.91,67.24
4.61,64.57
14.89,110.65
4.82,63.2
17.53,130.44
17.89,126.04
18.52,129.51
8.57,81.72
2.63,50
17.47,132.6
16.81,117.07
11.31,101.31
6.33,74.53
13.38,109.21
16.71,117.49
7.45,76.11
10.08,96.32
6.04,64.85
12.46,96.75
13.93,105.58
1.83,45.05
2.2,53.52
16.07,114.88
13.17,103.54
14.27,115.08
8.26,78.55
17.73,120.58
6.34,74.74
16.93,124.24
1.15,51.07
9.11,90.67
6.14,66.83
4.25,66.05
9.47,89.6
12.69,101.33
7.05,78.16
13.57,102.49
1.2,53.04
2.94,49.13
8.88,89.23
16.08,115.84
14.81,109.92
4.5,68.46
17.93,134.56
3.67,61.73
1.83,56.4
6.27,66.33
6.43,70.22
5.76,70.89
7.75,84.3
14.4,106.58
1.57,55.2
17.03,124.22
7.53,80.97
16.32,116.17
18.82,139.28
7.15,80.26
3.42,56.25
7.58,75.65
10.78,87.36
12.33,96.26
5.23,68.96
5.75,64.52
2.48,50.51
4.93,68.84
7.12,74.69
13.16,103.81
14,112.18
15.98,121.49
17.71,121.24
4.63,63.56
17.69,120.25
16.54,117.4
10.74,86.71
16.13,125.55
5.72,70.58
14.15,107.54
5.06,60.19
11.35,96.99
16.05,116.85
3.09,49.96
8.17,75.35
1.26,51.33
2.95,52.14
15.65,112.75
13.1,108
17.56,128.66
7.85,85.91
8.31,87.53
10.78,99.8
16.07,112.73
3.65,61.49
19.88,137.14
17.84,133.96
14.1,103.88
1.55,53.61
12.52,106.09
5.83,75.65
5.73,70.87
2.16,58.22
3.77,60.68
16.91,129.22
15.98,112.22
19.21,136.74
14.5,114.44
9.93,95.37
9.03,87.9
4.62,66.76
3.73,65.45
6.99,78.28
11.27,101.04
16.96,126.75
18.5,136.7
8.43,89.25
12.32,96.8
6.45,76.19
7.57,75.78
18.24,132.15
5.04,59.26
14.35,104.54
2.12,59.01
8.91,90.05
12.41,104.17
7.75,80.03
17.42,131.12
15.76,115.27
6.34,67.8
14.88,108.87
17.3,129.2
18.61,132.5
3.53,58.55
9.77,95.14
17.72,121.28
10.02,91.37
15.1,111.51
2.4,56.97
6.19,73.79
2.83,61.51
2.3,55.09
11.3,96.3
19.12,138
15.28,115.85
9.07,87.39
13.54,100.06
16.16,116.92
14.41,105.59
15.6,112.25
5.17,63.28
7.42,76.77
8.06,86.25
6.77,79.62
1.15,45.75
15.69,111.52
19.14,130.61
8.57,89.06
12.63,97.73
6.52,79.84
18.53,132.82
16.42,115.3
1.75,43.68
14.32,115.96
6.21,65.93
5.49,72.21
3.82,63.3
8.33,88.68
13.01,104.37
3.88,67.43
17.97,127.07
11.59,93.76
3.65,56.32
19.78,138.93
8.2,81.61
16.76,125.98
4.35,64.03
12.58,105.45
14.95,119.37
2.99,55.12
17.76,123.1
2.89,56.55
15.99,123.01
15.6,114.38
10.4,97.7
17.49,121.19
11.84,95.29
4.86,65.26
10.54,91.73
2.26,55.55
12.6,95.73
12.5,102.45
12.44,108.46
7.01,80.78
2.18,48.53
3.37,56.39
10.14,87.8
15.25,115.35
13.06,103.02
6.87,69.45
8.61,80.86
7.92,75.32
7.37,72.27
17.43,130.59
12.32,99.92
14.06,112.75
1.5,48.53
14.86,116.14
10.36,85.78
15.36,111.65
16.09,118.33
9.65,91.29
14.84,110.68
8.72,83.19
3.52,61.55
18.26,136.36
19.87,137.91
17.71,120.62
18.76,128.38
6.25,75.66
13.91,115.47
14.97,109.44
6.7,67.35
8.45,84.89
7.52,81.5
2.55,56.63
3.94,66.57
8.01,86.13
19.66,134.64
3.22,63.45
13.98,107.26
11.36,98.08
3.29,50.92
19.62,130.66
11.82,100.17
15.21,110.89
14.54,105.64
18.49,127.02
2.11,49.11
17.37,130.31
17.22,124.77
15.72,116.68
16.61,126.88
14.58,118.21
6.79,77.62
15.37,112.39
13.13,104.25
6.27,74.62
16.83,127.39
11.67,103.97
17.99,123.7
4.22,64.83
7.84,82.77
15.9,123.01
17.75,123.56
10.19,93.69
18.58,131.67
13.24,112.38
18.56,130.54
18.52,128.57
9.77,92.03
1.55,49.85
6.81,72.42
5.56,74.09
8.29,85.03
17.09,121.81
1.28,51.82
1.15,43.45
19.76,132.31
14.16,112.86
6.73,70.71
13.99,111.39
13.59,108.99
16.71,115.53
1.89,53.97
19.94,132.05
18.5,136.75
9.86,90.61
18.94,137.94
13.28,111.9
5.36,61.99
8.36,81.58
10.35,86.18
6.87,72.32
13.63,111.1
17.02,121.36
16.29,113.89
19.3,130.55
8.13,77.18
16,119.33
5.3,67.74
10.96,98.34
17.23,131.53
9.15,79.81
15.55,112.53
15.98,119.71
1.57,55.43
2.2,54.72
7.46,82.18
14.23,103.77
4.16,68.56
5.91,76.88
16.78,126.82
18.17,133.81
11.9,97.99
7.16,80.39
19.09,136.58
13.65,106.13
3.58,62.23
2.99,53.95
18.8,138.86
1.67,50.37
13.32,111.24
2.55,55.05
1.45,47.26
8.06,86.83
19.37,133.99
16.04,120.64
15.63,110.67
4.11,55.06
19.47,141.52
11.52,94.36
4.19,68.7
4.11,62.64
7.54,72.11
10.68,93.74
11.94,94.25
16.88,123.88
3.86,57.15
19.59,130.09
9.81,84.86
3.19,51.75
5.69,75.01
3.34,52.06
19.43,138.05
10.12,87.94
10.29,86.26
18.62,136.04
6.11,76.77
7.39,75.29
15.44,110.78
10.27,92.62
15.34,109.69
14.6,111.43
16.31,127.27
12.73,101.35
1.61,50.46
6.41,67.4
17.87,125.16
15.45,121.45
14.83,107.31
13.69,103.87
5.65,62.49
5.24,66.67
3,62.59
2.53,51.89
7.97,74.78
14.54,107.45
10.47,92.93
6.3,79.16
2.64,57.13
4.62,69.61
11.55,99.06
16.52,115.53
10.05,93
1.78,48.36
6.62,79.38
12.79,100.79
11.69,94.76
11.4,96.78
19.59,136.02
17.57,128.62
17.19,123.16
13.99,112.87
15.92,121.34
4.94,72.58
13.69,107.82
5.14,64.11
6.92,74.52
5.27,69.28
6.7,70.66
3.45,59.27
17.68,123.45
6.87,69.96
19.44,130.03
7.35,77.73
13.25,110.07
15.52,122.77
12.52,102.31
14.88,113.88
11.38,91.04
5.98,67.4
9.13,83.76
11.42,98.56
1.64,43.03
12.44,107.52
7.68,76.09
1.33,46.17
13.03,106.48
15.88,115.28
4.76,65.46
7.57,76.89
6.94,69.03
8.37,79.96
14.72,106.99
1.18,47.22
13.66,109.82
6.34,74.57
9.54,90.73
7.79,72.99
18.22,124.46
12.75,104.07
7.18,74.03
11.02,92.46
13.75,113.96
4.23,60.23
4.39,57.35
13.78,104.1
13.22,101.76
19.1,133.74
19.94,143.81
10.61,90.32
19.66,139.35
4.44,56.47
1.32,51.4
3.86,54.47
11.79,99.74
10.94,98.06
12.77,109.38
6.84,80.14
2.08,50.44
13.83,114.57
1.91,57.83
14.93,111.63
15.29,112.64
5.7,70.97
18.67,138.18
1.62,50.87
6.42,79.44
19.18,129.97
12.73,98.36
15.43,115.49
3.08,63.13
3.71,55.27
7.37,82.7
16.86,117.91
16.33,123.06
12.09,102.63
3.78,53.83
6.22,71.45
4.93,59.73
13.1,103.02
14.75,109.56
5.39,68.35
7.06,76.56
13.95,103.75
18.91,132.16
7.57,74.8
2.45,57.59
17.75,120.6
6.27,65.88
8.89,77.94
17.95,133.51
5.87,66.33
1.3,52.46
8.06,80.3
1.55,46.15
2.24,59.32
6.41,66.45
11.84,94.93
15.83,124.07
10.61,95.33
17.85,130.02
8.55,86.17
9.85,88.59
14.75,106.22
19.1,133.64
4.46,59
5.48,66.98
3.53,55.03
8.65,81.63
9.1,86.14
14.15,109.55
2.04,46.84
5.2,69.25
7.62,77.79
7.07,69.23
13.52,110.47
11.39,96.61
14.91,112.83
14.84,110.18
5.36,66.5
11.87,97.28
2.83,49.66
14.57,106.25
14.93,111.49
5.85,70.26
4.25,56.73
3.36,53.85
14.41,106.12
17.07,125.46
14.12,113.61
11.24,90.15
9.52,85.04
5.25,64.18
10.41,88.37
15.6,116.28
11.23,101.83
1.94,44.53
19.02,138.85
4,56.59
13.39,103.29
14.79,115.19
13.62,112.49
14.4,115.48
14.22,113.11
4.3,62.92
11.46,97.64
19.92,141.78
5.92,67.4
8.99,78.39
4.03,57.15
18.92,126.58
8,84.98
1.03,52.05
7.75,80.8
7.63,75.14
11.72,101.8
4.22,67.19
6.58,78.02
6.12,72.78
6.37,67.13
18.54,126.43
14.49,116.61
4.77,60.93
11.54,99.37
17.04,121.24
11,97.25
2.18,46.08
1.27,53.74
15.21,115.31
15.51,122.95
1.44,46.67
5.23,66.59
3.74,64.06
15.71,113.04
2.96,59.36
6.7,69.24
10.8,93.67
15.81,119.13
12.6,106.58
17.66,124.79
8.68,82.98
14.78,109.97
8.39,79.28
7.65,77.97
6.92,78.37
9.5,86.85
17.54,130.85
9.69,83.68
8.82,88.74
3.84,60.2
18.98,129.48
4.06,56.15
2.45,54.03
4.73,62.74
13.3,103.98
17.06,122.92
5.07,63.86
5.07,72.3
13.17,105.68
16.72,119.01
8.97,82.99
10.65,90.68
11.12,95.59
4.38,64.13
18.78,137.63
16.05,118.64
19.84,131.58
17.26,129.62
9.21,85.73
5.32,68.58
13.87,103.98
4.01,66.4
12.19,100.22
15.79,121.18
19.73,135.65
10.05,92.95
10.5,91.31
17.66,128.66
12.49,102.87
8.04,80.66
17.82,129.53
8.62,79.01
17.83,122.36
19.13,135.91
3.18,59.61
19.37,133.52
1.43,53.45
12.23,103.45
1.92,45.7
11.12,90.53
1.9,51.04
18.19,130.22
14.04,103.71
6.92,70.6
13.08,105.48
2.92,59.01
12.96,101.71
1.08,53.27
14.83,107.03
12.46,100.3
7.79,80.85
7.41,81.13
19.21,132.09
19.97,144.23
6.99,68.98
18.44,135.35
18.13,124.34
6.68,70.42
16.46,123.37
8.58,83.1
3.41,57.35
10.73,86.59
15.12,119.17
19.21,131.09
2.33,53.4
11.02,94
2.86,61.25
2.7,52.79
14.54,106.72
6.94,78.15
6.97,78.56
14.4,114.84
2.46,57.31
9.04,86.68
9,86.39
11.52,103.39
11.13,96.06
16.68,117.8
1.06,49.88
18.99,126.83
18.44,123.53
1.58,51.85
19.55,133.05
16.23,121.71
9.86,96.18
11.33,89.54
4.3,59.67
19.85,132.1
11.55,96.8
12.77,96.43
15.25,114.15
1.35,49.71
5.97,72.69
7.46,72.39
8.4,76.93
19.67,134.25
14.87,119.2
19.89,137
7.38,80.57
17.73,131.77
7.73,73.34
15.82,124.48
5.3,67.12
4.91,64.43
15.68,115.47
16.37,119.13
15.16,120.52
17.43,123.01
13.81,113.27
9.24,87.81
2.62,60.1
8.72,84.29
8.94,85.63
17.68,130.52
5.23,63
11.68,104.36
9.81,82.21
4.58,66.46
1.11,49.85
2.9,54.22
12.72,102.9
10.31,86.93
2.05,57.51
19.82,140.34
2.61,57.29
11.67,98.44
10.07,90.3
17.83,123.89
7.59,72.65
14.67,119.06
8.36,88.16
18.26,132.96
16.87,126.03
1.26,44.66
5.77,75.67
15.39,109.16
9.15,88.45
15.05,111.13
1.6,48.41
3.36,54.4
15.44,110.26
5.91,74.12
3.93,54.21
8.94,82.86
7.37,78.71
3.55,52.73
6.36,68.62
16.41,123.81
9.8,90.05
11.99,104.39
18.14,134.51
12.2,102.28
1.08,50.18
5.03,61.37
14.82,114.1
16.58,128.33
18.5,128.15
3.58,55.14
18.28,125.79
7.23,70.33
13.41,99.9
7.02,74.94
2.19,53.06
19.81,132.63
6.59,71.09
6.4,73.98
2.97,61.53
7.36,80.52
12.2,97.02
3.68,63.63
18.12,131.31
9.78,94.46
15.07,108.41
17.79,131.14
15.03,113.56
6.11,74.62
1.48,45.84
1.74,45.28
12.18,100.35
19.84,132.79
5.33,61.9
12.59,104.63
4.86,70.14
2.14,47.3
17.84,132.21
7.41,79.44
1.25,42.8
5.97,72.88
7.57,77.82
6.13,69.47
16.95,127.12
5.2,61.58
12.95,97.53
13.36,107.75
9,89.73
4.66,64.97
3.24,56.55
3.14,53.29
15.27,113.65
4.05,67.71
1.93,56.77
4.62,67.11
5.31,67.77
5.9,73.53
16.51,127.46
3.69,65.74
12.7,107.34
10.39,86.9
2.8,61.74
2.53,59.55
16.7,121.04
16.12,124.23
15.64,113.43
9.13,85.89
10.5,95.58
7.83,79.26
13.98,112.94
13.69,108.04
8.78,84.81
7.08,73.52
4.5,61.95
9.03,84.39
13.75,113.52
14.79,106.61
10.63,93.89
16.87,122.56
15.67,114.53
16.84,122.09
18.95,137.69
6.11,74.05
8.75,87.5
14.47,109.19
17.15,126.98
6.98,69.98
3.48,52.5
3.71,58.8
9.29,80.08
3.19,62.02
16.48,127.51
17.74,124.4
8.62,80.27
19.99,136.62
18.68,133.83
4.15,61.37
7.72,84.99
9.13,79.22
13.04,111.14
12.16,99
2.19,56.03
5.85,63.09
13.6,100.78
5.76,73.72
10.72,94.1
6.72,69.08
2.09,53.25
5.82,72.39
15.58,115.43
5.47,64.67
13.84,112.18
10.14,94.46
13.58,108.42
15.7,120.87
11.27,96.59
14.36,115.21
6.46,79.43
4.62,60.94
19.7,138.15
19.91,143.57
6.74,80.68
3.63,56.83
12.66,95.9
9.84,84.75
1.94,46.2
15.89,112.04
2.63,48.96
6.6,67.04
10.3,88.81
5.85,64.78
14.2,106.63
2.74,61.47
18.94,128.77
8.62,83.2
15.67,111.01
11.59,92.35
13.41,108.9
17.42,124.33
18.12,123.24
9.84,83.67
3.71,60.64
9.82,88.05
18.88,128.79
19.08,135.54
8.74,90.51
18.06,127.5
17.43,126.26
3.22,57.57
18.2,126.15
15.15,118.19
8.79,88.06
18.97,131.93
7.9,80.6
16.07,118.36
11.28,93.87
11.12,102.3
8.54,85.15
13.8,107.48
14.8,118.51
12.85,107.77
18.88,137.1
16.31,126.22
1.45,48.92
9.95,88.47
10.44,96.74
13.49,108.95
19.67,133.92
19.93,139.52
4.49,67.26
7.07,75.53
7.78,84.91
6.18,74.07
12.66,99.81
8.36,85.5
12.93,110.48
6.94,74.32
11.8,98.9
4.06,67.85
7.58,82.99
4.3,67.56
10.44,91.38
3.92,58.56
6.31,70.66
8.11,78.69
16.58,127.56
18.35,130.84
8.13,81.86
12.77,99.33
1.94,47.4
4.01,60.39
11.2,94.93
17.08,120.64
14.7,107.11
5.27,71.89
5.03,71.7
11.91,96.42
3.64,60.53
16.69,121.17
16.05,123.14
11.86,104.32
18.65,124.88
3.37,62
16.7,125.69
16.88,129.71
8.83,78.78
3.24,53.14
1.87,50.81
17.75,130.92
15.89,111.68
7.36,82.71
4.83,67.98
7.61,78.45
3.03,57.38
17.05,118.12
14.6,112.38
18.29,128.08
3.32,57.09
12.04,95.92
3.74,60.57
10.73,94.44
17.42,125.15
19.55,130.84
9.58,86.51
18.18,124.84
2.76,49.65
18.25,129.26
2.9,61.21
10.5,91.29
11.26,97.95
19.21,141.02
19.01,135.79
11.23,98.61
19.31,140.86
19.78,130.18
19.32,136.78
11.76,103.54
1.37,52.1
1.4,55.58
15.33,116.86
5.31,67.83
18.85,133.04
9.34,93.45
18.01,131.39
7.89,77.69
1.55,55.46
10.38,89.07
2.71,55.38
9.24,85.95
19.45,138.01
3.47,55.59
3.4,57.04
5.68,62.45
18.99,130.03
3.23,63.38
13.46,108.73
19.81,137.95
11.79,104.95
10.51,96.07
15.8,112.51
12.33,105.26
12.75,102.61
7.77,82.68
9.48,86.81
8.63,78.1
12.66,99.09
17.49,121.17
13.79,112.72
3.39,57.23
4.18,58.62
14.49,113.53
11.69,95.18
4.12,66.44
4.32,60.51
15.13,110.91
3.74,62.28
4.63,65.01
16.33,115.18
1.54,49.68
1.47,55.87
2.43,58
6.99,75.94
3.71,64.1
17.16,124.68
3.06,60.57
13.44,110.51
16.6,119.99
12.09,98.1
11.38,98.65
18.29,124.01
18.06,133.13
12.19,101.26
9.8,91.81
11.33,99.71
11.86,97.13
11.17,99.96
18.4,130.03
9.61,93.64
19.47,134.06
3.03,60.43
9.07,78.65
16.89,128.18
1.95,56.59
11.09,100.29
15.48,110.23
17.65,133.33
15.64,123.21
18.36,131.86
2.09,52.59
5.45,74.82
12.87,104.38
8.44,85.84
5.06,70.92
7.77,73.12
9.6,82.89
2.79,55.42
13.05,102.22
12.27,99.15
11.94,97.65
18.48,136.64
6.04,77.07
3.49,54.05
5.68,62.89
3.31,55.94
19.01,135.66
14.96,112.71
8.71,87.99
14.51,114.79
2.64,52.35
6.86,69.85
15.41,111.73
13.7,104.27
12.87,99.66
5.92,64.71
3.94,63.34
19.4,139.7
7.41,82.47
13.97,105.19
6.5,74.59
8.97,90.49
9.28,92.86
7.76,79.88
14.5,110.45
6.95,80.5
10.12,86.71
11.34,98.3
3.71,64.39
17.85,123.72
12.6,100.85
12.78,105.87
3.31,51.41
12.37,108.21
2.69,50.45
10.38,86.23
18.87,126.72
5.13,73.22
3.85,60.44
17.35,128.17
18.32,125.67
14.71,111.26
4.19,62.1
5.82,69.16
18.77,128.65
1.21,44.12
3.59,64.32
18.4,133.07
8.39,79.13
9.26,92.94
9.7,82.41
10.13,85.52
7.09,82.82
3.43,51.68
1.92,53.98
9.84,84.42
19.26,133.64
4.07,64.51
15.3,121.4
12,104.58
11.37,99.8
10.6,96.87
2.39,59.3
16.97,124.65
9.5,90.49
16.29,119.53
5,64.42
10.72,87.31
12.91,108.45
19.38,128.95
8.93,80.73
16.95,116.88
8.4,89.11
11.7,95.51
13.64,100.98
12.68,103.48
9.75,89.13
1.72,56.96
12.8,97.5
11.24,98.54
7.96,75.52
15.05,111.37
18.88,137.17
8.76,91.02
3.57,53.69
15.34,119.98
17.54,132.3
3.02,54.83
6.79,69.9
11.61,102.76
4.1,56.45
8.79,85.27
5.65,74.96
10.1,91.52
6.86,69.95
12.62,98.69
16.06,126.09
19.49,135.11
2.36,57.56
18.98,132.55
4.8,63.65
14.53,112.8
7.63,72.69
16.98,118.06
8.45,87.32
10.18,86.06
7.33,73.82
19.37,133.76
11.29,92.14
18.15,135.7
19.82,132.76
3.09,54.27
19.08,127.66
18.91,127.09
17.22,124.89
17.22,122.57
5.81,66.32
6.03,68.55
3.36,52.17
2.39,47.05
18.42,128.79
8.14,76.11
2.71,51.71
5.54,74.2
2.38,56.47
12.14,96.12
17.18,125
11.25,102.68
13.28,109.63
15.97,117.73
7.94,86.11
16.42,127.31
16.3,116.27
1.8,53.17
16.08,121.22
6.4,77.97
14.7,115.14
19.59,141.7
4.36,66.2
3.56,56
13.11,108.69
1.17,53.96
8.69,87.82
17.33,119.61
5.91,77.34
7.7,84.39
10.75,97.3
9.63,95
9.46,93.05
17.63,131.92
6.4,76.5
8.78,80.04
5.27,62.34
14.98,116.11
4.12,55.16
10.78,89.25
3.14,60.01
17.24,125.3
10.31,95.92
10.14,90.42
15.21,110.11
4.49,70.53
1.63,50.05
8.02,80.31
16.95,129.07
16.18,124.03
17.15,127.03
16.91,123.5
9.12,88.43
16.13,123.14
9.57,84.72
4.68,66.14
9.65,93.96
1.18,53.57
6.24,75.28
6.12,75.55
13.38,101.5
11.08,94.46
10.26,90.43
2.86,61.86
14.91,118.49
1.97,44.62
2.4,59.53
8.78,79.95
18.21,132.91
1.21,51.06
6.03,68.9
18.83,125.58
14.26,113.58
11.7,100.98
5.92,76.73
11.3,97.94
2.64,54.36
7.56,72.15
6.09,72.15
3.52,54.61
18.99,131.3
2.38,55.52
17.46,122.35
8.98,85.17
16.47,117.96
18.75,127.82
13.55,113.12
9.92,84.89
19.11,134.66
16.35,115.15
6.02,65.52
2.35,52.08
15.16,108.55
6.41,76.99
12.28,103.41
18.51,130.88
8.3,76.34
10.65,93.63
9.87,92.31
12.72,104.36
17.83,130.99
16.64,128.27
10.91,93.43
9.74,85.37
8.81,89.03
5.55,62.44
9.46,82.64
2.52,54.5
18.12,127.17
14.44,115.13
10.73,91.11
17.42,125.63
1.44,52.22
4.89,60.22
9.39,88.56
4.81,65.28
9.21,80.96
13.13,110.96
11.64,91.4
11.19,101.1
7.46,84.3
11.58,91.12
6.36,69.34
5.68,65.19
8.67,82.4
13.83,104.48
18.09,133.64
6.96,71.45
18.51,136.96
5.04,66.3
14.04,109.65
16.68,117.94
7.49,83.88
1.84,46.19
6.99,78.39
6.3,65.46
2.62,52.93
13.59,103.38
12.1,105.85
14.31,111.92
13.95,111.61
19.12,134.22
9.71,85.9
11.95,93.36
5.08,65.06
15.93,117.33
9.06,82.49
12.37,101.34
2.58,49.51
8.73,89.45
3.95,56
5.19,60.12
2.38,54.11
13.56,105.99
10.29,95.61
1.49,51.83
15.08,110.48
1.22,44.1
14.71,113.58
18.32,135.16
3.19,62.3
8.22,77.7
4.93,58.85
2.52,48.62
14.31,108.44
16.13,118.78
6.23,76.83
17.08,125.91
16.27,126.19
17.35,119.3
9.79,95
5.94,69.58
4.17,62.64
1.38,55.45
1.92,47.71
11.11,99.84
18.4,123.57
13.47,113.11
18.35,124.1
6.37,74.7
16.56,121.92
19.73,134.31
14.3,104.63
12.33,94.59
17.34,118.6
15.68,113.95
6.65,74.6
17.95,129.84
3.32,60.92
17.21,126.11
12.93,107.29
12.46,101.94
19.73,138.57
10.05,86.92
15.27,109.71
13.79,109.95
13.15,102.15
9.58,83.08
6.35,76.93
17.39,128.64
18.09,126.39
3.12,60.05
3.2,52.88
17.44,131.98
7.58,75.53
2.71,48.56
10.03,85.37
5.63,74.86
15.69,116.81
18.24,128.62
5.87,63.18
4.26,61.37
18.89,135.27
8.08,83.36
14.3,115.9
19.8,139.22
13.53,104.84
16.1,123.57
7.99,81.86
11.94,92.37
4.04,59.66
1.19,45.94
9.27,85.81
11,93.63
16.26,117.03
5.14,65.38
6.57,79.68
3.86,58.09
2.6,51.92
13,109.2
9.81,93.16
6.26,66.94
19.14,135.73
18.93,133.32
16.79,127.97
17.58,123.11
9.73,89.46
12.37,106.1
4.43,60.27
10.02,93.89
13.94,114.31
17.72,130.77
2.01,49.56
9.26,86.55
1.06,44.14
16.47,123.5
18.28,135
19.53,140.96
13.91,111.89
17.76,127.87
12.62,100.12
2.11,46.56
14.68,118.69
11.29,100.44
5.03,60.67
2.29,47.87
2.68,48.92
11.82,101.85
2.07,58.02
6.78,67.98
5.04,62.35
4.98,64.09
4.84,61.15
6.51,79.77
16.27,115.7
3.59,54.05
3.73,60.07
17.88,131.62
19.9,133.03
5.37,71.7
17.29,119.83
5.51,62.15
15.93,120.91
4.13,56.76
3.88,62.8
10.33,96.51
16.29,116.89
16.36,117.18
7.34,79.09
8.19,87
8.17,82.63
9.3,82.71
4.61,61.23
11.86,97.85
18.4,128.99
15.38,114.73
6.22,69.47
17.47,125.2
12.63,102.95
15.2,115.12
10.78,97.16
4.41,67.56
9.56,81.73
6.82,79.2
3.4,61.94
7.69,79.92
11.04,95.89
14.61,110.46
16.97,127.41
15.61,111.29
14.15,106.88
18.46,130.86
9.51,86.89
16.08,121.54
10.18,90.49
12.44,108.46
13.37,108.94
1.17,49.74
8.57,87.1
2.93,58.25
5.33,74.04
6.21,68.1
9.78,91.56
3.13,61.57
10.76,91.66
12.33,104.33
3.13,63.9
5.11,59.57
4.63,71.06
16.38,119.4
8.49,81.27
5.13,64.26
8.45,79.43
2.33,60.09
10.02,84.76
6.6,74.04
3.2,55.69
4.1,62.46
9.79,90.35
19.3,133.27
19.18,136.38
12.81,98.28
11.27,92.22
17.16,130.67
3.75,56.23
13.5,110.88
8.94,80.32
6.39,79.38
18.09,128.95
18.25,127.56
2.63,51.39
14.12,107.28
2.83,61.53
19.78,138.15
17.93,134.16
16.43,122.32
5.64,70.68
17.44,118.96
18.53,126.59
14.84,114.25
15.79,113.75
1.66,47.21
14.4,114
14.22,117.07
13.57,109.76
10.87,89.17
5.05,72.54
16.14,113.57
6.73,70.99
13.8,112
4.58,62.06
8.69,84.59
15.8,116.18
16.23,126.86
15.81,119.46
9.72,84.81
8.4,85.63
12.23,105.38
10.23,96.88
11.45,90.77
10.42,90.21
7.77,81.47
8.95,83.49
16.64,128.45
14.18,114.76
2.81,61.61
17.58,127.1
14.11,103.44
6.56,72.19
7.81,80.32
5.03,69.42
7.72,77.7
2.98,54.56
18.66,133.87
2.26,55.98
3.8,60.73
11.39,95.05
7.12,70.32
16.98,121.42
14,106.57
2.19,57.33
2.59,51.84
11.25,91.67
16.57,121.27
17.03,122.34
18.4,124.56
18.06,126.03
9.14,89.27
17.63,126.13
12.53,101.61
16.82,116.95
19.84,135.84
6.48,77.55
15.7,117.37
4.77,59.06
19.92,138.49
1.49,45.76
9,85.42
17.42,132.43
3.83,66.09
16.58,119.21
6.85,79.9
2.79,56.96
8.63,76.71
10.22,85.54
3.51,55.86
5.7,75.87
15.99,115.67
10.91,87.72
10.91,99.73
15.94,116.7
2.5,51.42
1.55,53.81
17.03,124.38
12.38,103.67
5.48,61.65
18.79,131.34
16.6,115.18
13.08,103.76
14.19,105.26
11.34,91.76
19.39,136.32
17.21,122.32
9.54,86.92
8.15,82.93
16.75,116.63
10.08,90.49
19.17,131.36
7.59,71.51
1.76,54.64
11.92,105.48
16.99,118.9
5.51,64.66
4.71,67.06
18.75,125.81
9.19,81.89
10.31,88.39
11.06,91.02
6.12,67.12
2.63,58.53
6.89,75.31
8.83,89.52
14.77,110.17
7.72,78
2.53,48.62
13.41,100.26
14.29,112
18.7,129.13
2.78,54.94
12.85,106.8
19.64,133.79
9.37,84.95
12.19,105.3
4.54,62.12
4.68,65.21
1.28,53.03
3.05,61.4
9.37,92.04
11.6,91.94
14.32,113.21
4.07,56.52
6.28,72.36
19.26,132.87
13.77,102.14
4.91,61.35
15.29,108.63
7.56,79.08
5.8,76.3
18.77,125.37
5.94,73.65
8.65,82.6
15.33,120.29
17.81,120.72
11.21,97.28
12.1,102.94
3.48,54.88
7.6,84.25
9.8,92.15
9.06,79.76
9.27,89.45
12.43,104.66
13.91,105.75
4.31,64.21
2.93,56.04
9.57,91.33
1.49,45.69
15.24,120.46
1.52,50.23
2.56,57.51
15.78,118.01
19.82,137.19
10.07,88.56
5.28,74.06
14.48,113.49
5.41,68.1
16.08,113.87
13.1,106.04
19.22,129.26
4.66,69.19
18.57,132.32
17.87,130.65
14.51,109.82
4.18,68.29
15.43,116.18
9.93,95.7
14.14,115.73
11.27,94.19
6.33,73.2
4.98,68.31
9.99,91.68
12.52,101.53
10.98,99.47
19.92,139.55
12.32,95.57
14.38,106.04
7.89,86.61
16.66,120.14
10.46,97.37
13.66,110.43
2.51,57.82
3.8,64.91
5.93,63.56
11.97,101.87
15.86,116.19
11.32,90.5
4.05,60.13
17.07,127.71
12.58,96.08
14.13,116.5
1.92,52.09
12.21,106.29
15.4,117.19
13.66,114.03
10.89,100.37
7.36,73.76
7.04,70.19
11.25,101.86
18.44,135.82
1.39,46.34
18.61,131.42
6.63,67.84
3.54,53.67
7.24,73.75
5.37,68.73
2.2,59.04
5.34,72
6.88,68.59
3.99,60.52
13.34,105.66
17.46,120.84
7.44,80.11
1.2,53.21
8.64,89.52
11.54,97.68
8.03,84.29
7.89,84.83
8.01,77.17
14.41,108.17
10.68,98.45
15.69,122.28
15.83,114.14
10.52,85.96
18.13,135.69
6.91,78.75
16.91,125.46
11.94,98.8
18.56,125.51
18,123.75
16.52,126.69
10.72,97.77
14.33,116.52
9.38,85.73
10.27,85.04
3.75,64.4
18.54,129.58
16.73,115.47
16.95,125.58
14,106.35
19.63,138.42
13.76,112.49
3.28,51.52
13.21,101.86
8.86,86.93
18.33,131.48
4.71,58.4
12.07,100.04
13.75,103.97
5.1,63.85
4.97,67.13
13.74,101.06
4.45,67.09
4.56,67.8
11.74,97.27
1.93,52.17
15.09,115.01
8.49,77.2
5.14,72.81
1.28,44.54
4.94,66.15
4.92,65.86
6.23,78.75
1.3,45.1
10.69,95.29
9.46,92.31
18.38,134.44
9.68,89.28
19.52,141
17.1,124.64
12.6,108.7
7.07,78.6
19.16,135.43
7.44,73.77
13.89,106.81
12.23,101.94
15.92,123.28
3.38,63.16
3.38,58.1
10.72,95.73
1.59,52.15
12.19,99.78
16.52,119.5
12.98,105
2.34,55.5
1.11,44.75
19.18,139.86
13.79,107.01
19.51,133.36
2.27,58.61
17.65,121.98
5.27,71.67
14.38,115.23
5.15,62.58
3.64,61.39
5.26,61.71
12.84,101.2
16.42,123.19
19.15,137.49
6.14,70.85
6.99,69.31
2.25,56.59
18.35,127.14
15.07,112.6
14.78,116.36
17.04,117.61
1.31,54
14.73,117.39
12.4,102.77
5.56,72.99
1.77,54.23
15.46,122.26
5.8,64.15
19.6,132.2
4.77,60.3
8.79,79.15
13.04,97.74
13.01,100.36
3.21,54.52
12.49,96.28
14.57,109.8
13.13,107.75
3.46,65.03
17.04,130.28
4.53,62.7
3.78,60.62
17.74,126.96
4.45,61.48
9.87,82.53
13.58,113.53
5.58,70.25
1.66,54.98
1.54,49.44
10.74,94.57
11.12,94.19
16.27,126.93
1.52,44.88
3.31,64.68
2.45,52.78
6.73,79.91
5.8,70.39
2.86,61.34
1.77,52.83
19.99,138.15
8.37,83.93
3.53,63.83
12.55,106.5
2.61,51.11
12.01,99.89
14.66,111.65
9.65,87.02
7.2,74.62
7.19,80.83
13.7,104.08
11.36,92.41
15.44,119.42
13.76,103.48
9.67,82.29
5.29,66.61
4.44,61.62
14.64,119.2
8.01,73.98
13.36,103.15
9.57,86.1
9.48,81.28
9.85,83.16
10.62,90.03
12.7,101.71
17.18,121.49
7.77,84.89
1.98,57.59
16.95,129.69
8.4,83.56
15.99,123.16
9.98,86.01
3.78,65.09
15.01,116.82
1.92,55.26
11.45,94.63
19.61,137.86
17.45,120.66
4.23,59.25
13.06,102.57
11.8,94.77
9.03,81.23
19.37,135.82
18.86,125.94
3.1,55.77
9.22,80.1
17.42,126.94
3.77,62.45
15.58,119.84
6.77,79.05
11.52,97.45
6.98,82.38
9.9,94.27
3.9,64.79
9.61,89.68
3.26,52.52
11.13,99.3
9.31,88.97
19.68,142.76
8.28,84.15
2.88,54.48
18.2,134.68
13.44,106.22
18.8,135.26
8.03,82.6
17.22,131.45
19.46,138.97
15.83,112
13.73,104.02
14.31,104.67
3.64,55.26
11.74,97.83
6.94,81.47
17.53,122.99
12.26,106.98
8.25,85.88
6.38,73.41
19.8,134.99
7.38,73.04
17.45,126.67
14.94,109.55
8.62,80.57
2.7,50.89
12.64,97.85
6.48,71.33
19.62,129.7
5.82,74.62
18.25,128.44
4.08,61.18
6.2,67.16
14.03,109.85
15.52,111.5
2.78,61.23
18.98,137.36
6.44,66.97
6.34,74.95
2.71,59.77
11.23,94.63
8.59,86.13
6.78,75.73
19.64,133.19
11.29,100.03
1.54,55.62
8.76,81.87
16.01,112.13
15.84,111.04
17.26,130.38
4.57,59.17
18.4,136.38
3.15,58.09
2.65,49.74
17.32,129.22
3.37,63.83
9.29,86.12
2.85,51.75
4.32,62.3
7.84,77.15
1.23,46.15
18.01,129.86
13.51,111.87
7.82,74.31
2.91,61.89
8.59,80.53
3.61,53.71
2.63,53.47
18.23,122.54
10.95,88.03
12.47,107.41
19.53,137.56
17.02,118.69
2.53,59.16
8.12,83.55
19.78,133.75
2.85,62.01
10.34,91.8
11.93,104
10.18,86.98
10.88,95.87
7,71.48
18.59,137.79
18.02,129.77
16.64,121.5
12.08,93.31
17.12,120.77
5.44,63.13
2.63,56.35
19.05,138.73
17.74,132.33
8.29,78.85
12.04,101.64
13.48,100.12
8.73,82.9
5.38,69.61
18.22,126.35
6.85,70.17
14.2,110.73
12.18,94.3
9.24,84.49
9.7,82.04
5.82,68.51
18.94,132.39
2.33,54.71
1.19,50.11
10.47,91.32
1.31,54.27
7.18,77.28
9.22,81.27
14.81,106.64
3.33,58.76
14.34,112.41
15.86,123.65
8.85,82.47
7.85,84.17
8.42,76.59
11.28,97.95
16.36,115.15
12.49,101.86
6.27,69.54
6.11,75.14
17.35,125.92
6.89,69.86
6.13,76.86
2.25,52.63
9.35,84.73
3.53,53.45
18.68,136.52
17.09,120.58
17.69,129.99
7.9,76.59
9.02,78.85
9.17,79.14
16.77,122.03
4.16,55.45
15.63,116.76
9.29,91.59
9.16,81.01
13.18,101.39
9.24,90.5
1.09,44.9
15.72,114.54
14.11,106.63
4.63,67.31
6.97,71.76
14.61,114.94
14.28,105.81
7.38,79.75
18.58,124.42
19.3,138.52
1.61,53.57
4.56,61.76
18.61,134.68
10.39,97.98
7.44,83.86
18.34,129.64
18.12,130.29
6.55,67.59
13.79,114.5
13.59,107.09
14.3,117.32
8.24,76.46
9.05,88.1
1.32,47.1
1.58,44.5
4.43,65.15
2.14,49.36
15.17,117.36
17.27,123.18
4.28,60.95
14.05,107.87
17.74,121.85
12.6,107.01
17.71,122.68
8.92,90.41
2.93,62.04
5.22,70.61
3.93,62.65
11.4,95.39
9.16,89.3
19.09,133.54
15.91,123.93
11.63,91.63
5.6,72.54
1.86,56.06
8.81,87.5
18.5,124.86
12.24,107.24
4.63,60.25
15.28,113.32
14.44,115.38
17,121.05
16.25,126.77
3.76,60.64
1.62,46.39
12.67,97.56
2.91,60.87
8.69,86.3
6.59,72.67
1.93,49.63
1.31,47.51
19.68,143
5.37,73.34
8.12,77.28
18.18,130.77
9.59,89.17
15.9,113.82
16.14,119
2.24,48.88
6.56,66.66
16.1,120.53
14.15,103.83
2.67,56.41
19.96,136.18
10.14,92.97
3.25,62.6
19.93,137.52
10.34,96.72
15.36,110.69
13.15,100.79
5.06,65.91
17.21,119.52
7.49,78.1
9.69,91.18
7.43,73.07
7.89,86
14.34,105.67
17.33,119.16
14.88,118.03
17.16,126.44
15.99,124.32
19.63,129.35
18.37,130.46
7.95,86.48
12.29,100.72
17.59,120.77
15.98,124.7
3.94,61.71
10.96,89.34
17.95,132.7
13.41,108.73
19.05,140.18
11.97,92.54
8.48,85
1.91,46.73
11.95,97.88
7.47,73.17
15.13,110.16
8.65,79.27
17.44,126.09
16.09,126.04
13.16,101.44
10.46,95.45
17.79,129.41
18.72,128.29
15.22,111.11
15.11,117.22
10.05,91.27
4.71,67.76
13.31,104.33
5.98,63.75
3.22,61.76
14.52,110.14
2.77,51.54
16.14,116.91
2.44,55.86
7.77,73.9
12.09,105.68
8.91,81.69
18.05,128.13
12.74,110.06
5.77,73.01
1.85,48.98
4.67,70.16
6.4,68.43
2.05,56.06
16.17,116.23
15.12,112.27
18.7,130.12
6.59,74.09
3.58,63.71
18.33,125.21
5.47,71.26
9.09,84.52
16.6,123.24
8.21,79.29
2.65,53
4.88,69.09
14.29,116.81
4.4,69.44
10.98,97.57
3.39,57.91
6.42,73.59
2,54.32
10.17,95.73
4.58,70.62
4.06,65.64
3.22,59.38
7.46,71.18
19.34,129.44
4.65,62.99
16.99,129.09
6.64,71.03
19.78,132.59
11.46,101.68
7.46,76.76
11.49,103.36
9.5,94.53
11.54,92.4
19.47,140.56
6.68,72.5
4.73,71.13
7.04,75.2
5.97,69.92
11.08,97.7
2.51,51.69
5.03,72.87
3.38,64.79
13.55,107.62
11.72,97.29
3.74,61.02
8.82,88.85
19.12,140.56
14.06,116.02
13.18,111.06
15.36,110.02
15.63,116.74
7.03,74.47
15.33,110.96
15.16,117.78
12.81,106.21
14.78,112
15.6,114.03
8.58,85.95
1.81,54.79
9.9,88.35
14.86,118.27
19.19,132.74
6.12,68.5
12.21,93.74
15.87,116.72
19.75,142.25
14.99,113.98
3.43,62.08
7.1,75.18
16.1,116.91
8.21,81.16
18.77,136.22
19.04,139.77
4.02,60.96
15.45,117.86
16.53,122.56
5.95,70.39
7.99,75.97
19.88,140.64
19.6,139.7
8.99,88.8
11.93,92.73
10.36,94.83
15.87,124.61
11.89,104.67
9.84,95.55
10.99,99.59
16.61,126.08
1.92,46.99
5.37,74.28
12.14,100.13
6.79,80.24
8.44,81.75
17.4,132.05
11.9,99.65
15.34,120.72
4.78,69.43
15.46,117.14
15.95,115.7
1.28,47.84
15.58,114.62
13.17,112.19
14.92,120.29
11.92,104.67
11.66,103.66
15.54,110.84
15.12,118.09
4.86,70.08
10.18,95.48
10.31,88.63
8.76,82.03
18.02,135.36
19.32,128.11
3.1,61.06
16.58,118.4
3.57,56.31
17.43,128.44
1.6,51.9
12.92,103.43
9.79,88.35
4.54,65.23
5.68,62.84
18.28,131.8
7.89,78.28
12.33,106.58
3.36,58.06
17.19,120.49
9.75,93.3
15.59,116.44
10.85,91.33
5.66,70.44
1.64,55.71
11.05,88.36
4.39,68.49
16.01,115.54
16.8,128.87
16.69,121.42
10.14,87.56
5.08,63.77
5.01,59.74
10.44,99.11
9.93,91.77
4.99,66.34
12.09,93.8
17.4,131
4.97,71.75
4.24,56.46
4.38,60.9
3.41,58.74
9.54,86.41
15.3,119.06
3.02,60.94
12.11,96.67
12.56,102.59
5.63,72.85
15.35,120.58
13.41,109.14
2.11,53.72
15.11,109.07
10.11,89.16
14.43,113.47
14.92,117.22
3.95,60.38
12.63,97.33
14.83,113.96
1.75,53.01
1.03,49.71
15.99,119.33
15.65,116.5
2.76,58.91
1.61,55.92
12.01,97.21
5.49,70.42
5.75,62.63
13.57,102.38
9.33,88.08
19.2,138.17
19.42,130.78
5.06,64.03
19.26,131.4
3.01,57.8
19.5,142.49
19.54,131.95
9.75,90.24
18.04,123.59
14.83,109.7
2.33,54.96
17.1,124.5
3.31,60.09
5.42,63.79
3.53,55.71
16.78,120.73
10.13,96.68
3.42,63.11
16.41,116.85
9.1,84.15
14.99,110.86
2.96,53.9
2.29,58.3
15.81,117.97
13.85,102.05
13.07,104.88
6.72,74.58
6.68,67.49
17.83,130.02
1.44,46.83
6.23,70.76
2.99,56.29
7.46,76.3
15.08,116.02
17.49,125.89
15.97,118.98
16.18,117.86
3.06,56.62
12.83,104.78
10.18,94.59
1.51,49.46
6.05,68.58
3.29,53.83
5.81,75.66
16.41,124.79
9.83,87.43
4.06,68.21
15.93,121.88
16.3,114.67
13.84,111.16
15.37,115.03
8.66,80.38
4.35,66.83
10.48,85.59
18.84,134.7
8.34,87.89
2.31,54.12
8.53,86.36
8.18,76.89
12.54,106.02
17.73,123.28
5.39,74.16
16.48,124.14
10.08,96.07
7.63,80.58
3.33,58.04
6.75,70.86
4.97,69.27
9.62,89.04
12.59,98.56
6.09,75.67
8.27,81.85
3.41,63.45
3.53,53.15
8.15,85.36
16.9,126.35
15.85,116.16
16.62,122.04
5.07,70.3
17.42,129.66
13.29,101.9
12.44,105.12
15.92,124.86
14.67,113.3
18.47,136.27
12.53,97.7
16.48,116.18
9.41,81.69
14.82,115.55
18.3,135.89
17.53,123.64
19.91,136.37
18.18,132.15
11.77,95.64
6.54,76.49
14.39,107.08
11.96,102.33
19.28,132.83
18.79,132.75
1.51,54.39
11.76,93.27
10.16,94.14
15.01,109.1
12.72,100.14
12.42,107.63
10.33,86.42
2.3,58.53
14.55,118.45
7.5,83.72
12.82,100.13
18.68,131.21
16.91,116.48
5.19,68.29
8.21,83.33
18.89,137.31
16.23,117.27
2.68,57.97
2.08,52.1
3.78,62.82
1.6,51.85
13.93,104.74
19.34,138.96
13.03,105.33
4.82,59.04
17.95,131.82
19.48,130.52
19.41,133.03
4.41,57.07
17.41,119
7.81,72.75
9.33,87.76
6.57,67.46
17.8,124.47
19.62,141.22
3,50.14
17.97,132.61
2.95,59.08
15.27,112.55
13.91,105.19
5.67,74.41
2.01,47.42
9.2,85.67
4.75,58.85
14.79,108.93
19.87,141.39
14.9,110.5
10.86,92.47
7.21,81.03
2.04,52.94
14.85,119.4
13.02,109.99
10.23,89.52
4.92,62.68
12.32,98.36
15.71,121.29
5.07,60.51
1.54,46.48
13.16,105.07
7.83,83.2
11.42,94.64
6.71,71.22
13.54,106.45
14.83,117.15
6.87,78.66
8.69,83.68
12.57,104.38
14.26,107.12
4.24,55.7
11.16,94.76
11.91,101.95
18.85,137.63
1.94,57.09
14.74,109.34
2.3,49.8
3.9,66.24
16.19,117.88
13.92,110.1
13.02,109.28
2.18,48.01
5.22,68.79
9.38,80.99
15.31,117.69
5.27,68.76
8.37,80.54
16.83,119.93
2.69,57.32
13.34,100.69
6.2,65.91
15.2,114.22
1.24,49.28
5.3,65.63
14.43,107.05
5.34,66.31
9.86,96.13
19.48,140.77
12.91,105.81
8.12,80.57
3.34,56.78
2.71,58.55
13.47,101.57
1.96,53.15
17.55,128.5
16.79,115.9
19.77,141.56
8.84,82.44
12.39,95.08
4.49,63.07
12,103.33
5.69,63.3
6.81,77.73
7.92,73.77
13.6,107.74
3.27,50.97
10.67,87.72
3.33,64.02
11.87,105.6
7.45,82.52
19.62,134.43
17.44,132.19
17.52,131.99
14.95,115.52
15.86,124.43
12.05,104.72
16.21,113.06
5.53,69.52
12.87,98.54
12.27,105.03
1.92,52.52
6.54,68.77
11.03,97.99
3.02,60.04
16.37,121.97
2.03,58.71
16.26,124.06
12.12,96.19
4.34,64.47
9.18,79.44
7.52,76.93
18.65,132.63
16.86,128.78
18.28,130.13
5.27,68.24
9.92,83.58
2.47,55.14
5.01,66.32
12.9,110.58
15.76,113.78
3.28,61.05
15.31,119.57
2.06,46.74
6.28,78.37
15.07,117.27
18.55,130.74
17.94,125.45
14.08,104.09
5.26,66.46
4.24,58.28
5.46,70.48
5.88,73.53
12.87,108.29
18.13,133.31
2.48,52.25
16.63,125.17
7.39,72.14
4.76,65.63
15.85,123.93
13.98,104.99
19.56,135.9
7.4,71.06
17.45,122.45
6.23,68.75
12.17,101.68
3.54,59.27
3.15,54.31
13.77,108.77
3.7,54.12
2.69,60.61
19.72,132.47
17.85,121.87
7.95,80.17
7.7,75.7
7.7,84.73
19.88,143.69
17.64,131
10.49,98.01
11.11,97.78
2.12,49.55
12.86,101.88
3.2,50.43
13.25,107.4
17.8,122.49
13.51,110.22
4.85,70.06
6.29,71.7
11.72,97.4
4.73,66.79
8.32,82.52
9.89,84.58
17.27,117.96
1.12,53.93
18.88,131.44
19.72,139.59
7.86,84.53
3.06,60.9
13.08,109.71
18.94,126.89
10.8,87.72
15.88,119.58
8.13,84.79
14.6,118.68
8.66,81.71
17.95,126.01
13.67,109.52
3.96,67.09
8.03,75.02
10.78,98.35
18.03,122.27
3.8,57.4
9.67,93.72
18.01,134.49
8.9,90.14
9.62,85.47
13.21,108.5
14.32,104.05
9.39,93.91
17.79,124.34
18.21,134.03
12.34,99.73
15.64,116.35
15.67,121.83
2.65,59.87
3.42,62
6.75,73.48
15.61,111.77
11.89,103.6
18.42,134.84
8.24,82.66
18.91,129.8
16.09,118.31
4.37,68.44
18.88,138.8
4.75,67.95
11,90.24
11.1,96.71
9.99,90.18
1.04,49.36
1.23,52.13
3.79,62.02
16.19,117.22
9.15,88.38
17.97,127.85
4.49,63.92
13.55,100.55
10.68,89.46
19.09,132.33
11.53,98.59
3.19,53.23
18.09,127.37
13.78,103.1
19.92,141.88
15.36,109
17.28,125.64
12.5,99.28
9.64,93.15
14.89,115.12
11.15,90.7
11.45,90.05
15.89,113.39
12.12,93.3
12.04,101.32
11.49,100.43
15.29,108.72
18.27,129.86
2.15,47.44
14.42,116.22
7.98,85.15
16.21,123.68
13.87,113.28
15.77,120.08
10.71,90.93
3.72,57.93
7.07,76.82
13.01,97.51
17.8,131.56
14.13,115.21
18.31,125.36
10.15,89.33
6.12,72.97
19.44,138.3
12.01,101.31
18.87,137.43
2.93,57.31
19.9,133.98
3.51,54.03
17.98,122.38
7.7,78.71
15.93,121.83
17.11,126.32
4.4,62.16
14.86,114.37
14.58,114.71
12.08,106.16
2.57,51.29
4.49,60.69
13.38,110.66
4.5,59.24
13.21,98.68
14.92,119.35
18.62,131.85
5.14,65.33
15.66,118.51
12.33,97.94
3.12,51.01
1.22,54.29
4.53,65.76
13.22,107.24
12.36,95.88
1.15,43.07
3.84,55.5
3.83,60.66
1.1,53.79
9.16,79.19
1.64,52.35
17.57,129.14
8.43,80.73
5.92,73.8
13.98,104.76
9.28,81.52
6.26,76.63
11.04,98.65
12.36,99.78
1.48,43.53
10.21,90.22
18.54,130.18
18.67,133.75
8.58,79.74
16.01,118.06
14.28,103.88
6.45,73.14
5,71.18
8.25,76.79
18.28,131.07
7.68,81.81
13.21,99.47
3.66,61.04
18.99,127.79
7.02,79.96
7.75,74.52
14.73,114.75
8.55,83.45
3.38,56.05
15.15,121.44
9.85,91.75
4.88,71.03
11.03,96.47
10.8,91.63
2.86,61.3
3.84,62.58
19.15,139.56
11.79,99.45
6.01,65.99
13.21,110.25
4.7,63.43
4.62,57.18
17.37,122.74
16.67,122.26
17.88,130.12
11.92,101.97
4.74,60.96
19.71,130.98
16.92,122.38
13.04,98.38
18.9,129.41
6.49,78.41
3.35,56.68
3.64,60.95
18.34,128.02
16.56,121.98
1.73,45.43
4.16,66.2
13.45,108.97
18.64,134.95
16.72,128.39
17.29,130.83
17.15,128.63
18.26,134.34
5.72,74.64
10.3,98
10.86,94.93
19.32,134.52
18.89,135.83
17.4,128.72
2.05,48.22
10.64,93.58
12.53,99.51
19.94,141.71
2.16,53.81
15.45,120.73
1.03,45.38
3.62,61.77
19.89,134.11
13.75,102.37
15.18,110.03
2.63,48.31
13.09,107.95
3.69,66.27
18.95,130.11
16.67,128.57
7.91,86.63
11.81,105.21
12.64,104.07
9.97,85.35
5.51,70.11
14.31,112.41
18.57,125.88
11.25,96.05
18.17,130.23
16.15,121.4
6.14,77.61
10.55,89.61
6.82,72.58
3.17,51.34
3.34,56.87
14.03,114.63
5.03,71.28
14.13,112.73
14.71,107.11
9.81,85.24
11.42,102.06
9.65,85.16
11.7,93.23
15.53,116.19
11.53,102.57
13.13,111.49
14.55,108.45
18.08,131.24
15.12,116.7
10.58,97.56
18.49,127.73
14.08,109.93
13.89,106.76
8.41,81.1
11.5,94.61
18.45,126.15
11.63,93.15
2.16,47.95
7.4,75.42
2.77,50.57
12.88,102.86
8.13,79.08
18.46,131.17
10.72,89.84
7.93,80.17
5.96,71.11
5.41,74.76
13.37,106.09
11.32,90.1
1.2,47.57
13.86,102.86
17.38,123.11
1.76,56.49
17.76,120.53
3.24,57.73
8.27,83.89
10.48,94.49
1.3,53.55
14.06,110.93
13.47,99.88
16.03,117.82
13.59,110.24
8.75,83.97
19.43,140.65
6.52,75.66
14.77,107.54
12.79,106.34
8.59,89.74
19.28,130.99
12.59,105.44
5.41,65.31
2.32,54.07
5.96,64.97
8.55,80.64
15.62,119.13
14.79,106.65
17.08,124.49
6.99,71.28
5.74,72.2
12.81,100.86
3.05,50.73
11.13,91.91
17.36,129.75
14.54,110.14
10.52,97.1
6.03,70.52
9.72,85.93
4.19,55.31
14.3,109.87
4.49,60.58
17.53,123.23
4.64,62.87
11.6,99.7
3.91,54.58
1.24,45.43
4.02,67.02
17.83,124.66
6.03,72.22
16.77,121.84
2.18,58.18
1.69,43.65
4.7,68.03
1.57,55.86
6.14,73.42
6.85,75.31
17.5,120.41
13.29,105.88
12.46,96.96
3.96,56.44
9.33,88.92
8.73,77.44
14.55,109.31
5.11,65.99
11.95,101.05
18.31,123.71
15.93,123.82
3.82,65.57
2.46,50.74
12.98,105.64
11.4,98.05
6.32,69.91
15.67,122.49
14.5,114.09
12.16,99.04
2.38,49.13
15.47,117.54
12.25,99.19
19.88,140.32
8.55,88.36
19.1,134.81
9.41,86.57
6.72,76.47
12.83,110.23
18.38,124.12
8.58,82.79
15.2,115.7
10.76,99.88
1.83,50.66
12.9,104.99
17.16,121.09
18.95,131.75
1.78,54.1
4.52,67.76
6.49,76.65
9.13,92.55
14.44,111
14.58,117.09
2.94,57.56
9.5,89.29
1.79,48.64
18.61,134.21
4.76,67.61
12.6,104.43
13.54,108.17
18.29,127.88
4.35,67.94
12.64,98.26
10.96,91.6
5.8,70.91
9.82,91.1
1.21,45.5
19.64,130.49
19.46,140.83
15.48,110.77
16.44,124.19
3.25,60.36
5.9,67.73
16.26,123.27
17.62,130.81
9.12,86.65
1.62,51.04
9.11,83.44
3.24,57.54
15.92,119.73
7.01,82.01
19.31,128.93
11.49,99.37
15.13,120.88
8.79,84.52
18.7,132.62
3.15,62.39
3.53,64.07
17.93,123.96
1.88,56.18
6.96,81.97
19.59,137.41
8.94,80.71
11.3,101.12
14.43,118.1
14.82,111.14
7.65,72.11
16.38,118.09
4.05,65.71
16.06,117.15
4.42,58.45
7.47,76.33
18.98,129.59
8.67,89.6
15.75,113.11
19.78,141.77
13.13,109.41
15.72,119.26
9.4,87.48
11.26,97.04
16.74,128.29
12.05,100.07
15.85,122.14
12.44,95.71
13.33,109.77
15.31,114.12
8.31,82.93
16.12,112.7
3.14,59.8
11.93,95.14
7.05,81.73
6.11,77.02
5.98,65.83
3.02,54.51
9.26,83.53
10.83,96.7
3.54,55.08
18.24,126.46
10.34,86.37
10.86,95.57
11.09,97.89
2.5,59.68
2.52,60.23
4.46,69.11
12.68,105.65
12.79,100.44
8.09,73.97
3,60.86
6.74,80.51
2.73,51.66
13.9,110.28
13.31,104.81
10.1,89.51
12.23,95.34
16.44,125.18
7.03,78.32
1.51,54.02
2,51.21
6.24,76.28
9.82,89.21
13.55,105.41
16.98,116.99
5.78,75.59
6.57,78.57
11.97,96.31
13.82,109.06
8.81,91.15
4.52,70.4
18.51,134.35
17.14,128.04
11.12,95.35
7.3,78.47
2.08,53.93
15.88,117.8
18.76,126.98
13.97,106.2
13.53,107.15
17.46,126.7
14.62,105.23
4.91,70.12
12.63,101.16
12.99,100.86
16.56,119.01
9.72,90.01
14.74,105.93
5.28,63.7
17.93,131.69
10.01,85.3
5.68,71.27
4.98,59.33
19.46,132.13
19.2,137.99
5.25,67.16
13.44,103.18
19.72,136.93
16.11,112.68
13.01,106.93
11.68,92.71
1.88,56.59
17.69,127.34
7.61,81.26
12.22,104.83
12.03,93.22
5.5,70.89
18.53,131.66
2.85,49.44
5.87,76.12
10.25,90.48
4.23,60.58
10.32,95.49
14.8,114.53
12.24,97.77
11.76,100.41
18.08,131.35
4.56,62.35
18.68,125.32
9.82,94.93
3.76,66.76
15.21,117.25
14.06,116.32
3.22,53.3
1.78,46.41
12.59,98.74
11.39,101.51
10.83,98.76
19.79,130.61
2.19,49.67
14.34,117.15
1.91,57.38
18.09,125.25
6.53,78.49
4.42,62.22
18.9,131.66
8.92,86.01
19.84,142.34
10,89.17
11.7,99.24
9.81,94.85
16.35,123.46
10.33,91.67
10.27,87.33
2.74,51.36
11.85,99.09
16.46,126.28
8.82,82.76
13.35,111.18
7.82,83.57
6.14,78.13
17.26,126.61
5.97,73.19
7.93,83.8
16.59,127.24
14.26,114.56
12.69,101.09
11.98,96.13
15.29,122.21
10.64,92.68
2.3,57.07
6.3,66.26
4.62,63.28
14.23,116.07
2.25,50.99
7.56,71.31
18.54,124.03
10.16,91.54
17.41,126.97
8.07,78.99
11.1,98.78
13.58,101.79
11.91,99.75
12.43,97.02
16.96,128.46
4.88,61.43
10.84,93.12
13.72,110.3
13.83,108.63
13.24,106.92
17.9,125.92
4.02,64.75
18.82,137.09
6.72,79.75
14.98,120.06
19.49,136.8
19.78,142.32
6.68,80.23
5.72,64.59
10.76,88.4
7.53,81.16
8.79,86.92
7.97,75.38
13.86,114.36
14.06,109.86
14.31,113.04
14.14,105.45
13.54,109.13
4.63,68.86
19.92,144
14.64,113.15
11.99,95.34
3.85,63.51
3.94,65.31
8.08,83.52
18.12,124.85
18.67,126.78
4.03,65.56
17.5,121.56
14.12,106.74
5.31,65.84
1.24,47.73
17.56,132.96
13.59,110.62
13.15,102.89
9.61,91.02
19.6,137.47
2.03,57.13
11.54,92.83
10.11,89.38
10.68,92.26
6.79,79.83
7.51,82.21
14.12,103.69
12.53,95.72
11.47,92.16
17.52,126.39
9.21,86.91
13.48,108.45
18.75,130.94
7.02,79.11
15.48,119.74
1.3,47.44
14.63,108.29
7.04,78.6
5.29,68.44
1.95,49.6
5.15,73.56
8.71,80.7
9.44,89.51
10.34,91.69
11.52,101.3
15.64,122.59
10.74,93.67
2.94,60.1
4.71,64.63
7.35,76.36
5.09,63.81
13.4,109.89
7.45,80.05
3.55,55.61
1.94,47.81
5.07,63.86
2.68,59.01
1.37,45.05
2.24,51.2
15.49,117.96
9.46,85.25
13.6,113.83
10.74,88.57
2.73,60.42
3.26,52.99
17.77,131.77
6.87,72.05
1.81,50.13
3.75,60.98
6.22,69.23
6.88,75.67
1.94,55.92
7,81.68
4.1,59.91
8.6,86.26
19.73,139.25
9.12,91.08
17.31,128.24
8.45,80.91
7.37,71.72
7.31,70.14
5.37,65.31
15.08,110.22
13.68,111.18
16.4,116.28
12.22,105.74
2.3,55.99
9.19,82.1
5.82,68.97
17.99,126.05
10.49,95.46
2.09,48.95
3.92,58.35
5.67,71.52
16.49,118.18
8.11,79.36
8.87,91.36
14.72,111.08
8.88,80.58
7.37,71.56
9.88,91.33
10.68,92.04
2.72,49.84
2.2,53.42
4.94,68.6
7.61,83.18
12.72,98.15
4.8,61.52
14.89,113.6
6.55,77.62
3.81,54.22
11.94,98.94
18.06,128.34
15.9,117.82
9.25,81.08
4.5,59.16
14.28,116.88
1.73,57.07
17.06,121.43
10.07,93.48
9.3,87.61
15.01,115.12
4.97,64.03
19.35,137.58
14.67,107.59
1.82,52.95
9.76,82.79
3.58,63.91
6.13,67.64
18.45,123.92
3.05,54.87
13.92,102.31
11.3,89.93
15.47,110.82
10.57,99.3
1.64,47.37
3.93,56.96
7.75,76.35
18.78,130.7
5.43,74.85
3.52,64.12
3.34,55.06
11.01,98.7
2.5,57.23
19.4,133.64
14.4,111.95
19,127
12.69,108.45
10.24,94.39
17,128.51
18.87,137.71
18.48,133.97
10.99,91.27
11.83,102.1
13.54,112.42
5,69.66
9.31,81.96
14.93,110.13
16.62,126.25
5.88,65.57
8.34,82.1
16.28,121.06
13.67,113.18
3.13,53.98
10.02,92.83
1.39,52.45
14.93,120.22
3.91,55.3
13.73,109.89
16.78,124.74
9.51,82.56
9.23,92.25
11.5,96.02
13.41,107.97
11,101.36
7.64,84.7
17.51,125.88
19.08,134.45
4.5,60.23
12.79,110.14
18.17,129.61
12.7,109.28
4.09,59.69
11.96,97.51
13.52,110.62
13.58,111.84
11.8,92.78
15.54,118.59
17.17,130.24
5.59,75.56
10.91,89.22
17.45,126.69
14.57,114.2
19.29,128.76
12.77,98.39
18.44,124.15
12.82,106.43
10.98,101.66
5.06,63.15
17.41,121.06
10.83,92.38
13.72,101.63
10.39,89.06
8.58,81.07
4.02,65.98
9.26,85.79
8.47,80.69
3.71,58.24
4.31,65.96
14.88,115.92
6.66,70.01
3.12,61.02
18.71,133.22
5.25,60.49
11.87,93.13
10.78,100.68
5.25,69.35
11.16,90.41
18.1,121.98
17.23,128.11
15.33,111.9
15.18,117.03
9.18,90.85
7.53,77.76
9.61,92.38
5.31,73.23
15.15,118.22
13.05,108.76
12.21,100.16
15.54,118.74
12.96,101.29
17.3,118.42
14.47,106.07
1.34,53.81
13.63,101.33
19.61,140.2
8.04,74.65
6.1,74.42
12.87,109.51
9.79,91.3
14.48,109.54
10.51,90.5
14.14,112.33
5.74,75.29
16.28,119.57
15.83,111.59
10.09,91.2
1.97,47.97
17.29,127.87
19.2,129.26
17.53,132.73
19.06,136.59
4.64,60.03
13.78,105.59
13.75,101.49
7.08,77.02
2.02,48.66
13.9,110.47
2.34,54.14
1.89,47.56
5.48,69.88
10.11,95.44
18.4,132.62
2.5,52.72
10.64,96.54
6.15,75.5
16.22,124.96
6.18,65.11
17.27,122.59
4.94,67.16
19.39,139.7
11.73,99.36
11.45,101.76
19.41,132.57
1.36,50.31
9.47,83.12
1.01,51.9
13.34,102.6
9.38,87.76
15.32,108.64
9.52,94.13
19.09,135.8
18.95,133.34
15.79,117.57
9.67,83.06
14.27,107.24
12.7,96.64
13.81,112.63
5.1,69.31
13.41,100.15
17.63,129.62
4.65,62.62
13.65,100.86
13.49,113.03
5.88,67.33
14.64,109.78
9.07,84.8
2.41,55.63
19.87,135.68
12.93,98.54
11.18,89.49
11.49,97.31
8.97,86.23
19.12,129.34
1.4,54.48
2.8,55.34
4.48,60.92
7.86,82.87
5.8,74.26
9.47,82.42
6.11,65.74
9.36,85.41
3.54,61.9
15.97,120.92
16.97,123.2
6.9,70.76
2.76,56.22
15.26,108.97
17.85,127.26
11.2,93.91
17.9,133.71
14.91,110.53
14.06,110.39
7.75,77.85
5.48,73.03
11.22,96.64
2.65,52.32
5.14,59.95
5.27,69.1
7.13,77.83
12.08,100.52
13.23,102.6
11.97,105.68
17.24,119.46
5.32,72.89
8.31,86.11
14.26,111.04
2.61,48.94
7.41,73.83
18.22,134.46
11.3,97.39
1.63,48.93
1.43,48.48
4.37,66.87
6.72,74.11
19.74,135.88
10.92,99.89
15.66,113.55
17.99,126.59
1.09,46.8
7.75,74.11
6.46,75.63
6.23,65.19
15.23,116.99
6.41,76.05
2.4,57.62
11.5,96.29
12.6,102.98
2.73,50.47
6.16,64.6
18.47,137.07
4.1,55.78
4.05,61.77
4.19,56.87
8.61,89.44
18.43,128.47
17.87,130.41
17.38,132.34
8.7,90.24
8.57,84.42
17.82,122.26
5.63,64.59
2.91,58.34
11,89.57
1.2,43.47
6.37,76.69
12.19,94.83
7.02,75.69
4.91,59.42
13.05,101.85
18.21,130.85
17.88,128.75
3.74,54.83
11.56,96.88
16.64,120.11
15.93,121.14
14.23,104.6
3.51,55.58
9.98,89.22
12.69,109.86
4.87,64.88
16.59,114.92
15.66,115.05
19.8,139.56
11.77,102.22
6.7,72.58
13.79,104.45
16.04,117.47
3.81,56.26
13.19,106.35
5.16,68.88
15.11,116.9
10.11,97.24
15.88,118.88
8.77,88.79
6.5,72.46
16.08,112.72
7.14,73.68
17.8,128.32
16.22,121.45
7.79,80.03
12.84,100.45
8.98,86.19
2.49,55.94
12.88,108.02
5.22,68.64
5.44,69.21
4.36,59.84
4.8,68.64
11.79,102.71
2.94,59.88
11.26,93.23
12.57,96.93
2.09,46.08
6.59,80.17
9.52,85.05
17.97,134.49
8.38,76.76
7,72.5
15.8,119.88
1.1,53.11
5.32,69
9.81,86.77
2.44,50.76
1.46,42.63
4.55,57.45
4.78,59.2
18.79,137.57
4.43,56.68
3.23,57.03
7.17,72
14.47,115.61
14.17,105.15
14.51,109.06
19.66,141.53
10.52,88.92
8.99,88.25
8.9,82.57
9.68,88.26
10.58,92.52
7.15,70.67
13.67,108.96
16.17,119.95
12.87,97.52
15.1,111.21
9.08,84.43
5.75,65.79
9.27,81.08
10.11,97.43
1.6,50.72
10.42,95.8
9.2,90.28
14.42,111.41
8.11,79.53
14.59,118.9
12.51,104.21
13.78,112.5
7.93,73.32
9.59,90.7
7.3,72.44
5.39,67.09
14.9,115.27
6.67,74.02
11.66,95.39
4.38,69.12
3.31,62.59
8.33,79.15
7.34,72.61
8.64,86.76
10.83,88.31
14.17,105.78
12.43,103.39
17.09,127.22
19.33,129.77
4.17,56.39
7.82,74.22
6.46,70.52
12.7,103.64
13.37,110.32
2.81,55.18
18.43,124.71
2.49,51.36
13.03,106.71
11.47,100.69
15.23,121.62
2.66,55.1
16.17,124.46
16.02,114.96
16.72,115.59
10.11,84.43
8.6,78.34
12.2,97.7
5.84,74.29
10.19,89.74
9.42,84.41
3.42,61.03
1.54,45.22
7.25,76.68
13.81,114.4
1.06,46.64
14.15,115.9
3.97,61.7
8.45,76.5
11.47,94.06
16.15,119.8
5.72,64.56
2.22,47.43
10.15,92.26
4.41,69.2
11.85,94.95
15.46,117.41
16.66,115.62
1.89,53.37
12.92,98.59
8.53,77.73
4.59,67.04
17.71,126.77
12.82,107.57
15.97,116.98
7.43,80.28
3.71,62.26
18.87,125.97
10.96,90.66
2.4,53.4
16.41,126.16
18.88,135.65
13.27,107.41
9.16,88.44
14.5,111.69
2.08,47.63
3.69,54.19
4.52,62.79
13.59,109.13
5.04,68.15
5.83,72.74
14.05,106.62
9.6,89.35
11.51,98.54
12.35,101.17
19.66,141.74
12.45,108.63
10.2,89.99
2.74,58.85
6.07,74.09
19.23,132.9
1.52,56.29
14.39,112.97
13.29,99.93
2.81,55.89
10.17,87.43
1.19,45.18
4.94,58.89
10.9,87.43
8.79,77.23
11.55,103.21
8.59,79.66
14.49,114.52
18.5,132.92
1.85,54.5
15.01,111.27
18.84,134.6
6.29,66.4
7.32,75.41
16.34,122.12
18.78,131.4
16.5,122.1
5.36,73.88
12.23,104.05
7.5,75.32
4.14,64.48
3.33,55.59
2.88,56.53
19.85,139.41
16.16,118.64
8.72,87.27
7.07,77.53
19.92,133.77
17.65,123.33
14.81,118.34
10.07,90.81
13.23,109.92
9.05,81.88
1.74,52.33
12.5,100.61
3.2,57.58
16.19,117.39
10.04,90.02
9.18,83.13
1.21,48.62
10.32,92.9
1.53,45.83
11.86,103.53
13.93,111.71
5.13,67.88
1.77,51.49
1.88,55.51
8.28,77.52
7.58,81.98
10.85,99.65
2.84,61.76
5.63,66.11
12.81,109.14
5.67,62.51
7.13,75.82
1.6,47.08
4.86,68.53
14.62,107.86
3.43,53.49
15.19,112.43
1.45,47.85
17.75,131.29
10.15,97.64
1.4,45.97
9.57,85.36
14.31,111.71
19.81,134.36
7.29,83.17
6.11,72.96
10.81,93.25
6.34,74.02
1.44,55.19
19.39,130.59
5.42,73.38
14.34,114.67
3.87,66.98
7.6,76.48
6.88,78.66
7.24,70.93
3.42,65.09
9.24,92.05
11.86,104.86
6.46,72.63
4.53,62.46
14.44,117.79
16.66,117.8
8.44,86.09
13.47,108.42
13.23,99.45
6.45,66.27
2.64,60.92
2.01,46.35
11.78,95.33
16.92,124.38
14.51,113.55
19.53,131.62
16.55,118.37
2.33,54.49
2.33,52.19
16.57,118.43
5.37,70.51
4.02,62.28
7,74.9
6.82,76.93
18.47,127.51
11.38,99.43
3.86,66.2
16.5,127.81
8.45,79.7
9.24,83.05
7.29,79.92
11.27,90.75
19.2,140.5
2.68,56.54
10.42,87.46
9.49,91.42
9.72,93.33
19.31,138.27
6.61,77.44
1.96,51.24
6.91,74.48
12.95,102.76
16.99,129.3
1.1,44.53
17.28,129.67
10.79,96.51
9.9,94.85
10.55,99.41
1.61,45.6
9.97,88.86
16.25,123.18
10.21,94.77
7.54,80.49
3.55,63.87
3.82,57.33
13.73,110.82
4.1,54.81
3.03,63.44
4.54,60.12
8.43,83.21
7.18,77.35
19.17,136.19
19.64,132.67
5.65,65.07
1.93,45.43
1.37,53.32
6.79,69.28
11.54,101.08
4.1,65
1.39,53.09
6.18,66.2
13.33,99.66
13.31,100.71
10.6,96.25
6.48,68.6
18.95,137.14
10.31,90.17
2.56,58.79
6.79,73.22
17.17,122.31
17.07,122.55
10.16,84.57
8.53,81.6
10.12,96.28
10.92,99.57
9.07,86.05
13.22,110.42
4.31,60.97
15.56,120.31
6.74,71.52
7.28,70.49
17,127.2
8.04,81.51
13.77,111.67
9.63,87.99
3.11,51.2
2.65,58.03
11.73,100.87
11.41,98.74
6.47,79.9
7.75,74.18
12.44,105.44
16.46,123.1
3.59,62.13
7.59,79.91
18.65,134.44
11.88,94.01
9.78,92.97
7,75.7
19.2,139.92
1.41,43.5
10.82,90.65
6.03,70.01
18.58,134.07
6.87,80.75
4.97,64.97
18.58,136.82
5.96,65.76
18.38,125.22
3.43,54.1
1.88,46.09
15.63,115.73
7.71,83.56
8.33,87.42
1.03,53.39
12.87,105.66
4.38,62.72
6,75.63
14.32,112.15
4.32,62.82
6.84,72.24
13.83,105.87
16.61,125.46
11.72,94.62
13.48,106.64
9.48,82.09
7.65,80.51
4.09,57.7
2.7,54.15
8.56,85.9
9.22,92.18
16.41,116.02
13.76,104.08
5.7,75.56
11.33,90.99
17.66,131.71
5.72,75.87
7.16,74.27
19.32,136.3
3.38,57.61
7.22,75.05
2.73,60.92
11.85,92.64
8.55,81.09
6.24,70.03
10.25,91.26
18.89,134.85
3.05,58.26
16.75,122.76
2.36,57.68
15.65,118.73
11.44,102.64
18.41,136.95
19.89,142.74
12.38,102.58
1.25,42.71
16.05,112.13
15.53,111.88
17.15,120.11
14.65,111.45
10.21,97.61
17.02,119.77
4.6,66.69
11.65,91.13
11.56,91.96
1.76,55.26
4.58,64.1
13.59,103.39
4.29,62.51
14.85,118.74
6.71,68.47
15.22,114.38
10.41,85.92
17.59,127.59
3.98,62.55
7.13,75.5
7.99,82.71
17.37,124.1
4.13,66.14
13.65,104.27
7.35,72.71
4.03,62.39
9.13,92.36
13.14,108.5
19.21,136.83
15.7,110.7
19.48,139.84
6.8,75.28
9.71,92.73
10.98,87.94
6.49,74.13
7.84,83.54
13.42,111.6
3.63,56.26
4.51,57.76
8.13,76.42
5.3,66.91
3.68,62.18
19.1,139.68
17.27,129.11
6.53,76.49
11.97,100.16
17.07,126.5
3.13,55.61
6.36,78.5
11.14,94.99
17.56,121.67
18.74,127.89
3.85,53.61
10.03,92.36
18,132.95
2.76,54.05
17.53,122.22
8.57,89.77
1.97,45.8
13.24,100.19
6.06,75.22
16.05,117.39
10.1,96.32
1.91,56.7
3.75,63.07
8.85,78.37
7.82,75.91
2.89,61.59
15.1,114.92
17.63,120.26
6.08,73.07
13.82,109.39
10.2,86.89
1.92,50
16.99,129.69
6.41,77.07
2.13,46.69
6.18,65.7
15.44,122.9
9.5,91.91
16.26,126.28
8.26,75.87
1.63,48.18
17.48,125
8.47,88.27
11.35,97.31
12.48,100
9.2,80.91
17.41,128.53
18.31,124.22
6.13,74.09
1.27,46.37
18.54,136.21
2.47,58.33
18.18,131
2.84,59.88
12.23,106.18
7.89,86.24
1.06,53.57
4.8,68.41
3.76,61.4
17.98,134.8
11.17,90.49
3.42,57.35
8.26,81.94
10.67,89.8
3.1,54.8
1.42,51.92
4.56,61.6
9.89,88.83
9.65,93.08
5.49,67.46
9.01,83.28
19.59,132.16
4.95,60.37
1.23,43.22
3.24,52.11
11.17,97.94
1.34,46.07
19.57,139.05
19.84,143.5
2.3,49.89
19.33,137.41
9.55,82.63
5.97,74.14
18.25,128.95
6.41,78.38
11.61,92.89
15.93,120.84
11.6,98.95
8.86,87.85
4.3,61.81
10.67,99.6
6.42,75.76
7.42,79.14
13.39,101.55
5.21,71.47
10.87,96.56
6.01,67.08
8.48,79.51
13.01,102.72
2.25,58.87
12.26,98.66
4.98,63.02
15.29,117.57
3.5,64.36
5.07,66.26
10.6,95.53
12.29,103.17
4.09,65.61
3.07,62.12
6.2,75.63
4.43,62.92
10.38,86.24
6.04,67.88
18.13,125.13
17.43,125.7
16.43,122.99
18.22,136
16,112.95
19.4,137.46
9.25,81.1
1.62,54.19
15.88,117.15
14.84,116.76
8.41,78.38
6.2,69.56
8.94,84.74
11.53,101.21
7.21,74.75
2.07,57.4
19.52,134.79
12.44,100.69
5.19,60
2.57,59.1
7.64,80.61
13.53,107.9
18.14,127.44
3.26,63.19
14.96,114.47
7.52,82.32
8.46,89.2
2.93,55.11
3.17,51.75
12.53,96.44
2.1,50.82
11.48,102.68
11.81,102.35
11.74,97.84
11.8,92.12
6.8,71.75
8.52,89.49
12.95,107.55
13.83,114.62
11.49,99.92
1.79,48.55
19.04,131.66
16.18,121.9
4.63,69.36
17.04,121.64
4.45,60.77
9.14,83.21
10.38,97.34
12.23,99.85
11.54,103.59
7.37,76.18
2.65,60.67
17.85,134.39
5.89,64.44
12.37,97.28
5.55,74.89
7.42,78.03
3.56,53
9.38,87.45
9.9,91.33
11.32,100.44
14.26,115.32
17.79,124.43
9.62,84.5
18.14,123.46
9.5,83.55
4.89,65.01
6.09,72.6
5.46,67.56
10.61,86
5.12,69.55
18.39,125.16
5.02,61.17
11.77,98.09
7.72,78.69
4.58,70.49
12.39,107.55
3.96,62.55
11.86,101.85
16.78,116.3
7.02,79.36
4.78,66.73
2.2,47.69
1.31,47.48
6.77,68.55
18.3,128.94
15.83,112.98
3.72,60.15
4.86,67.79
19.81,133.07
15.71,110.68
18.74,130.34
17.24,119.81
3.48,52.23
7.53,72.18
17.17,120.7
12.44,106.45
17.01,124.66
1,40.78
16.76,127.37
8.83,83.19
12.17,104.86
5.61,66.44
6.97,70.25
16.31,126.87
5.31,73.46
3.73,57.64
12.68,105.2
12.45,104.53
15.79,111.95
15.31,108.87
11.85,97.97
10.08,85.21
10.34,90.74
6.85,74.35
11.11,95.14
7.29,83.08
5.42,62.56
5.91,66.36
13.31,109.33
9.88,86.3
4.4,59.79
3.04,52.99
9.94,94.68
12.25,104.21
16.79,118.55
2.12,50.12
17.6,120.56
12.75,107.82
7.37,79.18
10.16,86.71
6.27,68.92
6.41,79.59
3.2,61.41
4.56,69.81
4.63,70.23
12.15,96.61
16.67,127.42
10.71,88.99
2.3,49.64
1.44,46.58
12.42,100.3
5.18,73.53
9.94,87.61
13.34,106.34
13.19,106.33
5.22,71.78
11.37,95.22
19.06,137.92
2.67,59.63
2.73,57.84
16.59,128.6
10.85,99.29
5.22,66.76
8.72,80.45
6.77,73.76
11.45,95.62
19.56,131.2
18.13,135.49
18.13,124.89
3.88,56.12
15.39,118.78
9.16,86.06
3.79,57.85
9.71,89.39
11.98,103.43
14.97,119.68
5.54,62.13
11.78,100.06
10.62,96.32
1.87,46.67
8.58,79.92
6.31,76.3
9.09,85.68
9.92,89.86
11.15,93.59
13.48,102.01
3.03,56.41
4.98,59.2
5.13,70.63
8.47,78.88
12.24,102.43
12.18,95.03
19.59,141.66
19.89,134
17.92,126.33
17.85,125.81
18.21,133.88
15.66,112.97
19.88,143.71
19.89,144.32
11.72,95.53
13.38,102.52
4.66,62.83
17.54,130.76
5.26,70.76
16.02,122.45
14.56,117.5
16.61,128.02
8.58,79.07
1.2,40.82
13.66,102.37
12.2,104.66
14.37,110.67
1.77,47.07
6.78,75.2
5.73,74.59
1.31,45.28
11.92,99.72
12.31,106.6
18.55,124.14
19.23,134.03
3.68,65.74
3.03,59
6.89,71.39
14.1,107.36
15.86,117.51
4.88,68.66
1.3,43.02
1.01,52.15
11.48,96.44
11.63,102.84
14.47,115.23
15.1,111.92
16.55,122.88
19.5,135.65
2.58,51.43
11.36,96.47
8.35,81.6
10.73,93.67
12.99,110.27
17.43,124.75
9.14,87.11
19.07,139.79
5.41,70.3
7.31,83.02
5.28,62.92
11.23,102.34
11.54,97.06
9.03,80.91
14.84,111.31
2.23,56.02
6.08,64.71
9.21,87.35
18.57,137.24
5.72,69.39
2.24,47.09
15.63,115.92
1.39,52.52
9.24,87.06
10.64,90.92
11.68,102
9.24,89.6
12.4,100.72
13.68,113.15
11.74,97.36
12.46,96.68
13.98,103.89
12.33,97.84
8.55,87.08
12.48,106.44
5.04,62.33
12.35,108.08
2.48,60.54
12.09,103.9
5.86,67.8
6.98,78.92
17.77,132.69
1.06,43.87
13.91,107.58
13.05,98.58
10.63,91.18
14.18,111.8
14.74,108.89
8.49,84.25
11.39,95.74
14.81,113.04
17.72,131.45
18.36,136.6
6.49,73.68
2.83,59.05
2.89,50.32
7.25,70.89
16.46,127.1
5.03,71.2
6.55,73.44
15.1,110.18
8.84,78.54
4.89,71.51
3.94,62.19
4.57,62.01
6.99,69.93
1.92,47.2
6.79,80.14
8.7,84.28
14.9,111.07
10.3,87.69
14.79,115.54
9.14,81.76
4.87,70.92
16.06,118.52
11.07,99.84
19.7,137.94
6.22,70.53
6.6,74.32
1.54,53.72
14.44,110.71
9.83,91.01
15.78,112.47
3.22,59.11
4.14,59.94
11.69,95.47
13.31,101.2
19.48,141.2
14.21,112
5.35,74.64
18.67,137.36
2.2,46.64
2.04,55.4
18.38,136.61
2.41,51.43
9.96,89.44
17.84,127.07
2.63,49.65
11.96,96.15
11.02,96.86
19.81,133.27
15.57,113.09
8.76,89.25
15.37,117.63
8.86,84.29
8.49,86.07
5.99,77.03
3.68,58.18
7.69,75.87
19.64,130.77
12.54,103.68
14.09,105.38
17.35,126.42
12.34,94.49
11.63,98.88
7.13,71.21
8.21,75.36
4.01,62.89
11.69,92.06
2.38,56.62
2.38,54.16
11.11,100.58
17.75,123.01
12.2,100.17
19.58,141.94
19.08,140.57
18.32,136.71
19.35,136.34
19.43,137.68
15.16,120.33
6.61,78.9
17.52,130.52
11.18,102.04
8.17,84.27
17.21,129.64
19.88,131.51
7.88,76.42
16.25,119.17
7.31,72.65
16.47,121.24
14.97,114.98
3.48,59.23
19.19,134.57
13.6,105.04
15.38,111.95
12.49,104.63
16.27,125.16
3.12,62.18
7.94,74.58
17.99,129.49
19.58,139.41
13.75,109.16
4.35,65.08
14.22,113.42
12.62,99.83
16.17,115.89
3.52,55.84
13.4,104.85
13.68,110.39
5.2,60.83
19.37,133.12
12,100.67
11.64,93.03
11.85,92.35
10.06,95.48
1.1,40.44
12.14,101.82
7.33,72.41
12.65,102.11
1.53,46.41
4.23,67.35
2.94,61.24
8.23,77.36
10.09,83.56
18.45,127.81
4,60.41
11.44,102.18
8.58,90.1
10.33,87.95
7.62,79.17
4.47,66.93
16.9,124.23
6.36,75.83
6.47,76.39
19.49,142.51
18.94,139.31
18.34,123.61
17.45,120.98
8.45,84.85
8.56,84.26
11.28,97.29
2.33,48.64
13.46,101.9
3.35,60.2
19.58,136.05
3.31,53.04
10.47,90.47
7.51,79.74
12.79,107.45
18.48,127.45
15.42,112.7
18.45,134.99
4.72,70.62
16.32,118.59
15.91,112.99
1.55,43.65
7.03,70.78
13.01,110.92
13.19,102.28
3.68,59.96
17.22,120.75
3.79,55.14
3.69,60
6.78,70.87
3.13,61.67
14.17,112.96
13.88,113.92
15.27,111.45
16.77,122.28
5.16,63.9
17.68,122.08
16.53,117.89
19.68,143.43
12.33,101.53
2.24,58.77
4.15,66.71
8.71,84.58
5.92,67.43
11.15,90.06
7.3,74.2
5.16,64.15
3.84,54.06
13.15,99.63
11.88,103.27
2.48,54.98
19.58,131.98
14.2,110.55
1.7,51.32
5.34,68.13
16.07,120.52
14.06,108.61
5.6,63.53
8.09,81.7
17.55,131.81
16.22,115.63
17.4,124.57
7.77,73.32
18.26,126.37
15.38,120.82
16.96,122.54
13.48,113.06
11.15,101.7
19.28,128.98
16.02,116.68
14.19,110.74
3.51,64.98
9.98,93.86
15.08,109.04
19.03,128.99
19.5,139.69
15.62,123.74
4.13,55.41
17.97,126.08
13.69,106.07
7.57,80.74
7.45,74.7
14.97,110.47
18.46,134.87
3.06,62.31
1.15,48.37
19.56,131.72
12.39,98.79
12.19,101.66
7.89,85.17
15.82,114.75
3.58,56.43
19.44,139.57
7.3,74.09
3.89,64.16
4.87,64.28
18.59,134.56
4.5,67.13
18.8,125.55
15.04,116.22
6.07,65.31
9.51,81.18
12.86,97.79
5.96,70.53
8.73,78.19
3.57,61.93
19.33,135.35
10.59,89.77
13.13,100
6.42,67.28
8.74,81.15
8.03,79.47
5.17,72.19
16.53,121.82
7.41,79.91
4.45,67.85
6.17,77.9
14.24,108.04
3.62,54.1
5.93,67.59
10.51,88.38
8.88,79.69
2.07,53.49
16.3,114.52
14.5,113.19
15.75,113.18
17.85,126.27
2.89,55.1
3.87,61.66
1.15,48.58
9.84,89.35
1.19,43.57
13.62,113.51
4.22,66.18
19.48,138.21
16.5,121.53
13.28,105.38
17.82,121.31
2.13,59.12
7.48,79.5
16.7,128.93
8.3,88.67
15.69,122.12
8.63,84.23
17.15,130.29
17.24,119.05
6.74,77.85
11.77,94.08
13.99,111
3.05,56.19
11.2,96.12
5.37,60.94
16.67,115.91
11.62,98.06
9.24,80.56
19.87,133.83
7.26,71.96
10.8,97.24
4.78,69.36
7.95,85.07
13.3,108.37
15.9,119.23
6.4,72.53
15.69,119.64
6.24,75.49
12.1,96.69
4.63,67.72
17.71,128.47
5.17,70.99
15.75,123.28
2.7,50.48
5.22,72.67
6.07,66.36
8.7,82.95
5.81,75.36
4.01,60.23
2.5,50.21
11.47,100.41
6.69,76.95
3.42,52.38
2.69,50.19
10.43,95.9
5.73,74.91
5.18,62.16
5.1,61.41
4.92,70.4
8.47,82.05
2.22,45.73
8.36,77.79
3.2,62.15
19.54,129.29
1.46,47.71
17.75,128.65
5.51,70.24
14.1,106.54
14.42,108.82
10.02,95.2
11.88,97.74
19.59,140.9
15.92,119.34
8.67,79.18
17.06,119.98
4.07,68.35
3.6,59.32
3.75,60.95
11.25,95.55
7.86,81.22
6.42,78.76
19.94,137.34
5.82,70.04
5.71,76.01
4.12,67.34
10.24,84.19
7.98,77.73
12.39,107.55
4.55,66.71
11.95,101.81
1.35,44.35
13.66,110.81
13.03,109.48
14.19,113.7
8.51,84.35
7.75,77.11
7.54,73.01
11.81,93.81
7.46,83.71
5.25,66.48
14.97,117.22
17.76,132.3
6.02,69.78
6.43,77.61
3.2,57.19
14.84,120.17
8.19,77.39
13,105.03
7.17,69.82
18,126.43
5.38,65.25
17.31,123.77
13.9,104.38
18.96,134.26
11.69,100.62
7.02,72.24
5.36,65.51
3.32,63.04
10.03,88.85
4.11,63.77
7.45,82.5
2.13,47.58
18.22,135.85
5.46,63.59
11.7,98.48
6.87,69.7
8.99,83.96
14.76,110.06
17.09,121.04
13.84,106.76
7.02,80.64
13.94,113.46
1.71,52.99
8.03,81.64
1.75,53.65
6.94,79.9
14.38,113.8
19.46,140.38
18.31,128.1
3.01,52.81
6.24,69.72
4.83,71.24
4.23,62.15
15.42,122.38
10.18,92.49
10.77,97.31
7.19,80.5
18.56,131
3.38,55.78
10.37,94.7
16.68,123.64
15.56,113.17
3.56,52.37
2.32,51.18
1.58,52.25
7.26,73.77
19.41,128.21
11.29,100.6
10.68,98.73
14.71,115.08
6.74,72.84
8.92,86.17
13.18,99.38
3.01,56.14
1.74,46.87
2.17,46.87
11.03,88.4
10.68,88.57
13.04,108.46
4.07,63.34
5.37,66.36
9.39,89.95
14.83,113.85
20,144.12
6.7,77.47
7.17,71.75
2.81,60.3
11.35,95.22
13.19,106.84
15.06,119.73
18.14,122.38
7.6,81.97
13.77,111.51
10.17,86.91
6.35,78.82
5.92,66.85
16.26,116.57
9.22,90.76
5.08,66.76
19.08,135.08
5.36,73.46
5.45,68.4
14.9,109.52
5.93,68.43
1.68,50.19
16.05,122.23
8.93,87.62
7.23,80.54
12.58,99.03
11.96,98.77
5.51,69.18
11.95,98.45
8.05,77.39
15.15,119.27
13.75,101.14
10,86.81
16.47,114.88
2.3,48.95
4.03,65.05
3.42,54.57
17.33,120.74
13.97,114.46
17.4,130.46
13.95,108.21
10.9,99.43
13.13,102.09
15.02,115.37
11.09,89.15
17.8,130.72
6.22,76.09
18.39,131.4
7.61,78.85
8.56,84.47
8.6,77.85
8.69,87.49
18.44,129.96
10.04,87.36
6.38,67.66
2.87,56.92
16.03,114.41
8.87,86.03
9.83,89.85
2.86,50.18
15.14,116.67
12.79,99.2
8.07,83.98
7.55,75.99
2.11,46.36
3.92,63.74
15.31,115.39
11.86,99.22
12.47,96.76
11.96,103.44
18.5,126.32
11.63,97.71
15.1,114.66
3.4,55.38
16.35,119.55
14.51,106.59
1.75,47.8
4.53,63.51
16.93,123
18.75,137.6
16.03,123.67
2.55,51.92
12.52,95.14
17.01,121.2
7.82,86.11
4.49,68.49
8.1,81.63
5.94,73.39
7.14,71.33
7.11,76.15
8.09,81.49
1.92,54.87
9.44,92.48
10.78,96.06
18.66,135.91
5.52,67.02
9.31,90.65
1.21,43.42
8.44,85.13
10.07,90.39
11.71,95.7
13.23,111.91
17.61,129.59
16.06,124.15
1.51,54.98
10.37,92.92
16.53,126.64
13.53,100.65
4.57,67.23
17.51,120.36
7.73,77.24
8.34,81.61
12.22,94.71
12.38,104.81
10.34,98.34
16.49,119.7
16.17,115.26
13.04,109.24
3.04,49.9
7.24,71.36
1.89,54.9
19.27,136.47
15.29,119.68
4.26,56.89
14.37,117.74
16.94,121.67
6.2,74.47
2.7,51.98
11.38,89.72
7.26,73.24
5.67,72.08
6.17,69.59
17.13,120.19
4,60.83
5.01,68.82
12.69,97.8
6.36,77.43
17.65,127.48
15.09,108.87
6.53,66.76
12.95,101.66
7.54,76.94
6.77,70.56
13.07,105.09
6.8,67.78
10.81,96.64
18.92,126.93
7.53,81.65
14.34,113.24
11.43,91.86
15.77,122.91
19.62,130.68
7.34,75.73
5.08,72.85
6.74,80.34
16.22,126.27
16.24,114.38
12.98,101.81
10.72,90.18
17.9,126.2
11.82,100.96
6.71,79.5
16.75,125.36
12.43,108.2
11.44,96.77
9.89,87.62
17.17,125.3
7.23,79.99
10.61,97.05
15.84,114.82
18.2,134.03
11.71,91.64
6.05,68.46
6.19,72.1
8.95,78.6
6.62,74.5
15.15,117.06
13.38,103.78
2.88,57.17
14.26,109.11
15.92,114.59
18.17,135.4
18.65,133.99
3.7,56.01
16.32,121.61
4.99,68.08
19.5,139.28
10.87,92.86
6.07,72.47
4.32,65.58
19.98,140.16
17.66,123.61
18.88,138.07
7.97,78.08
18.17,123.93
7.87,79.49
1.13,41.61
4.28,68.47
19.28,127.7
10.18,88.53
18.95,132.35
19.28,128.17
17.8,121.12
14.04,106
5.8,65.8
11.77,102.56
13.92,103.3
5.41,64.96
19.42,132.7
2.37,46.44
7.57,72.28
8.58,84.92
1.27,53.79
18.5,132.71
7.75,75.78
19.83,134.19
7.38,73.31
7.22,71.76
19.36,133.74
4.04,65.25
17.65,120.83
1.15,54.47
7.51,74.74
11.27,100.85
7.57,72.69
5.2,61.95
10.17,92.24
14.23,107.3
16.42,116.3
3.3,60.24
19.32,141.58
17.77,132.26
2.82,59.69
9.05,84.59
10.56,99.35
3.2,52.66
19.86,140.86
8.34,86.14
7.08,81.7
11.6,100.62
6.48,73.02
2.81,53.52
7.13,73.21
5.12,72.54
12.49,95.23
2.42,59
2.9,58.45
19.12,131.22
1.86,48.47
4.75,59.83
14.88,109.74
16.3,122.28
13.53,105.88
18.41,136.25
8.58,86.07
12.77,98.86
14.65,118.35
16.3,113.56
16.74,116.28
1.05,40.4
16.28,115.92
8.82,82.87
10.99,97.43
11.99,99.14
14.42,104.6
9.02,82.05
16.92,117.51
11.65,97.3
3.63,65.44
3.71,58.15
16.57,117.5
13.13,98.9
5.96,77.09
6.49,69.88
18.4,127.34
4.28,56.63
1.43,43.54
2.68,56.15
9.7,85.38
14.44,113.05
6.81,71.65
14.29,111.64
19.37,139.6
15.99,123.6
17.98,131.75
18.79,131.43
6.21,77.03
2.98,58.62
5.63,66.09
6.93,82.08
9.63,90.73
18.58,132.48
2.44,58.32
8.45,77.33
11.75,99.33
17.55,127.7
15.69,118.86
9.75,90.13
5.05,61.01
19.59,130.22
12.28,107.79
10.44,94.19
18.29,123.15
2.65,59.3
14.25,113.92
9.92,94.52
6.02,69
11.19,90.04
19.69,129.69
18.79,138.03
19.48,136.96
4.38,66.57
15.06,116.65
19.31,136.47
12.87,97.45
14.18,109.44
3.06,55.5
7.71,83.09
7.18,82.03
5.43,73.62
7.76,76.81
4.48,60.51
3.32,62.93
7.85,74.46
19.38,142.01
13.59,102.3
5.82,67.26
6.96,81.41
11.32,92.95
6.61,77
4.88,59.19
11.98,96.1
10.72,92.36
7.86,85.9
11.88,100.53
15.59,120.19
13.47,101.53
14.39,110.91
15.35,109.49
16.75,118.83
9.61,91.7
16.98,120.24
9.32,86.66
11.31,96.34
5.19,64.37
8.02,83.88
18.2,136.27
7.69,83.16
2.54,47.86
14.37,109.97
4,56.5
10.41,95.3
15.05,113.35
3.13,55.9
17.05,120.52
9.6,81.38
2.32,58.59
2.34,60.1
1.14,52.59
14.44,109.45
10.76,99.69
18.67,128.07
13.09,99.3
16.51,120.2
6.62,80.38
18,133.32
1.75,49.94
16.13,123.43
9.52,89.58
6.93,79.56
1.49,44.34
16.59,115.25
13.31,108.01
6.26,69.23
18.06,121.92
5.34,73.55
17.49,123.42
11.4,98.22
5.9,63.57
17.11,123.68
16.96,123.6
15.71,111.45
12.96,101.5
12.98,101.48
7.26,73.64
1.77,45.47
17.83,131.98
12.37,107.21
5.24,73.19
14.59,111.16
10.44,91.18
2.98,50.58
9.2,90.97
12.8,109.71
12.11,103.69
8.64,80.59
12.39,103.33
10.7,89.53
16.04,117.07
11.18,91.48
13.01,97.84
17.33,127.71
19.33,137.59
11.1,91.9
1.63,46.45
19.38,140.9
13.28,105.62
18.32,127.25
2.06,45
8.17,76.47
8.28,84.89
10.76,90.56
13.62,113.39
12.41,104.38
17.06,119.8
12.93,110.21
6.88,78.23
4.05,60.72
15.38,118.26
9.41,90.03
10.86,98.4
18.95,133.26
13.17,104.62
16.3,120.59
6.6,73.06
17.57,131.95
8.11,84.17
6.58,78.03
7.2,78.61
17.51,121.28
11.66,95.22
12.41,101.15
1.34,46.17
4.1,57.98
14.47,118.18
5.42,73.69
7.18,74.81
17.84,124.64
5.32,67.39
10.86,90.04
8.7,90.36
19.78,138.23
5.39,74.4
18.71,129.24
2.55,56.55
9.9,89.9
4.09,54.67
14.8,109.82
3.19,63.76
18.39,131.61
5.2,63.57
17.74,127.53
6.66,73.14
7.81,79.82
12.54,104.08
7.9,77.69
7.63,78.35
9.32,85.61
12.03,92.92
14.26,106.25
12.95,104.26
17.74,134.09
7.24,77.42
17.25,122.39
13.63,112.19
6.54,78.27
13.28,106.24
9.45,83.87
10.29,85.46
5.88,74.52
9.26,91.11
5.32,66.42
15.99,112.41
15.46,113.95
1.04,51.82
18.81,138
17.53,123.87
18.38,123.54
4.57,57.97
8.9,79.84
9.19,84.21
19.93,131.8
6.53,69.59
2.12,56.02
3.87,53.86
16.28,126.81
16.51,127.02
12,99.06
2.75,60.5
7.17,70.35
1.55,54.01
2.41,59.1
18.3,136.25
14.45,108.98
7.18,77.94
8.86,88.18
17.76,121.07
11.67,93.05
8.88,79.82
18.82,136.7
15.08,116.46
11.5,92.13
6.93,76.56
9.81,95.99
7.25,74.29
7.17,70.67
3.78,63.13
12.61,104.39
2.12,56.58
14.78,118.65
15.77,111.49
9.26,89.17
4.62,65.44
7.59,80.64
5.37,67.92
8.07,75
18.45,137.19
8.25,83.88
18.79,131.98
10.6,86.72
6.16,76.64
15.93,120.65
16.08,121.28
3.46,60.11
16.68,128.95
15.45,109.27
1.64,46.14
13.17,98.27
5.38,71.56
11.27,89.12
18.13,134.39
14.92,111.59
11.39,98.81
10.46,87.83
3.94,55.17
18.19,125.44
8.53,77.77
11.64,101.84
7.91,75.4
6.46,70.49
18.58,127.2
18.78,127.25
1.71,54.87
15.68,113.89
12.01,100.17
4.02,58.85
11.44,93.52
9.86,87.44
14.14,116.61
9.33,88.38
17.84,131.83
9.42,88.04
17.78,132.86
7.22,73.18
4.82,61.09
16.62,118.84
6.25,76.93
14.32,105.45
4.51,62.84
3.85,61.08
10.85,100.94
1.87,51.59
5.66,62.25
2.89,61.43
12.83,109.12
2.25,47.36
10.59,98.38
10.07,92.57
12.67,96.69
12.33,102.7
12.49,96.06
11.42,90.52
19.97,143.57
16.83,129.4
7.16,76.91
13.72,107.23
1.6,47.65
17.62,124.28
1.25,53.46
5.49,71.72
16.41,127.4
11.89,93.66
16.88,123.76
18.94,134.76
4.33,65.38
14.37,106.29
16.69,121.92
7.84,74.71
8.91,78.21
9.35,80.15
15.43,115.92
16.32,114.9
16.32,113.37
3.76,55.11
16.82,116.63
11.62,100.63
18.74,131.02
10.13,88.08
3.99,65.81
7.8,73.83
17.24,131.1
16.46,114.04
2.32,53.58
5.33,62.69
2.08,52.12
19.11,138.53
5.66,69.95
12.66,97.78
5.41,67.17
4.55,59.49
13.04,98.6
16.73,123.83
17.49,120.8
13.07,107.42
4.85,67.95
16.4,116.53
13.24,101.33
18.47,137.13
10.37,94.63
4.82,67.04
13.34,102.86
3.61,56.43
19.81,142.48
14.74,115.51
8.66,81.17
3.96,60.14
6.73,79.18
17.75,124.3
14.22,111.24
5.08,65.89
3.97,67.65
19.49,136.82
5.55,74.12
16.99,125.72
4.96,71.19
8.75,79.82
3.43,63.92
2.55,53.98
13.46,106.87
7.55,77.32
3.19,56.63
1.71,52.12
13.79,111.24
13.1,106.43
14.35,116.3
14.73,107.56
13.48,105.43
2.79,54.54
1.71,52.24
5.37,67.15
6.29,69.98
2.02,51.1
12.94,105.1
4.91,69.6
7.79,77.82
6.04,71.46
17.5,129.4
13.25,102.7
11.26,94.62
2.67,53.84
8.14,86.16
19.86,136.74
16.11,121.17
1.01,45.89
3.67,55.58
11.65,97.98
14.7,115.91
9.03,78.78
10.32,86.86
5.85,75.08
13.59,104.6
17.18,127.1
17.45,122.65
12.77,105.81
13.26,112.56
6.86,76.86
8.72,89.73
4.51,63.2
3.22,52.62
2.83,59.35
7.69,78.73
3.65,62.43
10.63,87.81
17.64,127.59
5.87,65.52
6.81,76.08
12.27,93.96
1.9,45.62
1.24,44.73
9.17,90.74
14.02,102.35
9.52,82.56
14.08,104.23
15.97,118.03
12.75,101.61
7.95,75.53
4.42,63.26
2.9,59.26
11.61,104.01
17.23,127.78
13.78,111.03
15.44,111.78
12.83,97.54
8.11,81.14
18.44,124.53
8.11,81.9
6.92,72.62
15.02,118.75
7.07,71.17
12.77,110.01
15.28,117.08
8.02,85.59
16.86,122.03
8.67,77.09
15.31,109.01
17.63,121.95
14.06,110.27
7.62,72.59
13.9,115.67
18.73,127.05
17.99,123.91
11.99,98.81
3.39,54.14
10.19,93.25
12.39,99.91
16.66,127.06
8.97,78.85
5.68,70.69
5.37,69.19
16.96,127.56
18.48,132.33
11.18,96.99
9.61,82.93
3.5,65.12
3.7,55.17
8.63,87.29
19.17,130.32
19.91,141.85
14.02,107.12
2.36,54.52
1.62,53.8
17.64,122.46
19.62,139.86
14.57,113.99
19.67,135.78
1.52,56.24
17.01,120.85
10.7,96.32
7.16,76.08
10.41,96.18
17.07,129.12
1.7,52.35
16.64,114.98
8.74,87.42
10.47,96.35
19.32,135.43
7.19,83.26
11.93,97.04
5.61,71.92
2.31,56.98
8.84,85.73
8.8,82.37
5.87,64.49
11.47,93.37
17.34,122.46
3.97,66.08
2.46,50.4
13.78,109.28
18.4,129.14
9.07,80.5
1.55,56.43
14.38,111.56
8.37,78.47
1.99,57.3
9.95,93.52
4.49,60.62
11.31,99.85
6.03,69.66
17.17,122.92
10.28,97.05
16.59,127.67
3.99,62.97
11.93,97.67
14.73,117.64
7.82,79.79
10.21,92.64
14.14,114.16
18.3,130.5
7.31,76.44
15.52,120.62
8.25,84.1
10.69,100.24
2.89,60.29
14.14,108.28
6.09,78.01
5.41,67.61
4.25,60.21
17.54,131.56
11.15,91.41
4.36,59.99
19.64,136.45
17.23,125.75
17.25,124.02
6.35,73.66
10.02,85.65
10.44,87.14
3.73,54.11
2.49,49.99
10.74,97.71
12.8,101.11
2.95,49.77
15.6,119.77
2.51,49.21
19.92,139.78
12.38,102.16
12.5,98.18
6.92,78.56
12.93,99.56
17.01,124.15
12.27,103.35
7.36,78.85
7.93,78.39
8.22,81.77
10.44,96.31
18.36,135.12
16.43,114.51
18.18,124.21
4.08,60
18.4,132.03
11.65,94.34
17.53,121.3
3.92,61
12.13,102.69
14.82,111.15
18.62,125.69
14.29,115.67
13.06,105.53
16.38,116.2
4.17,60.79
19.07,127.94
3.64,56.6
17.18,118.67
4.3,58.84
11.59,95.03
5.83,71.98
18.5,126.86
18.07,130.54
11.42,97.02
15.07,120.55
18.16,133.51
7.44,78.01
11.11,91.16
6.69,74.17
12.42,101.71
1.62,43.72
4.9,72.41
14.81,113.81
3.91,64.73
7.95,82.42
4.32,59.98
17.56,129.87
15.48,115.05
14.13,109.61
2.75,49.77
8.9,81.98
14.97,120.77
5.9,71.91
2.95,59.9
9.71,89.29
16.92,124.08
19.24,137.06
12.45,106.84
18.46,126.54
19.25,130.61
17.89,123.35
6.96,70.98
15.22,110
2.81,61.34
14.4,105.84
13.67,110.44
19.14,136.08
12.96,99.12
16.55,122.19
10.48,94.32
9.41,86.39
18.98,137.73
8.28,80.12
2.2,54.21
13.55,113.88
7.54,75.19
2.96,61.87
7.69,83.14
2.28,54.52
5.97,65.1
17.21,129.25
14.9,109.26
8.69,77.38
16.6,117.91
3.07,62.58
17.86,133.85
15.95,119.68
13.94,102.73
4.63,58.98
2.63,57.11
12.39,105.01
4.86,66.4
7.14,74.39
15.17,108.09
5.08,68.29
18.65,132.87
10.5,96.5
7.17,69.74
10.78,95.92
8.09,74.32
4.22,64.66
10.74,97.29
5.35,74.48
3.37,54.79
14.78,117.05
15.19,121.58
2.66,54.83
6.03,70.84
16.51,120.83
1.53,52.32
15.83,115.33
2.8,52.52
9.81,83.19
2.16,47.13
15.01,118.32
4.36,56.93
19.88,132.83
14.27,107.23
14.49,109.21
14.06,112.39
15.82,113.11
14.32,117.27
4.38,61.44
2.6,50.15
16.24,120.25
16.41,124.62
11.59,95.91
2.59,52.32
1.29,50.29
3.58,65.68
5.35,74.13
19.08,135.41
11.04,90.31
17.06,125.11
8.12,87.04
3.07,63.02
12.45,106.91
4.47,65.06
12.95,106.75
1.86,52.22
9.65,84.28
15.92,113.02
11.27,92.15
11.42,92.54
17.7,124.99
7.09,76.19
17.12,127.35
5.66,72.89
13.81,112.36
9.21,91.75
11.83,102.13
9.66,92.44
18,128.1
1.03,45.59
18.12,133.51
7.82,77.94
18.12,130.7
14.64,114.45
18.65,136.5
9.93,89.95
5.4,74.22
19.33,131.42
4,66.07
9.22,83.44
6.4,73.78
1.31,46.5
17.08,121.79
3.35,55.39
16.39,119.66
11.41,94.4
4,59.35
2.24,46.09
5.18,63.09
9.67,86.14
3.38,64.57
4,58.16
14.38,104.82
19.96,133.8
9.03,81.3
14.65,116.74
4.12,60.94
5.44,64.14
19.18,140.77
16.86,127.7
19.15,127.52
15.98,124.46
6.06,64.44
1.6,52.84
9.45,92.92
18.56,125.69
14.94,118.12
5.74,72.43
8.24,77.41
18.6,136.82
12.61,107.32
3.54,61.33
2.4,56.22
16.14,121.42
17.32,125.43
13.19,112.23
8.42,83.03
6.11,66.75
16.13,121.39
19.14,133.53
11.66,103.28
3.37,64.6
11.69,96.5
14.49,108.42
16.15,123.81
16.84,120.63
8.49,88.47
11.24,102.55
14.79,106.47
10.47,97.43
14.52,111.46
18.54,132.94
12.97,97.85
3.15,59.38
1.39,44.51
7.8,72.76
10.66,97.67
3.62,64.36
12.85,100.15
16.82,126.22
18.94,128.3
8.29,76.3
3.8,63.28
12.82,105.08
15.92,119.19
4.94,60.85
17.69,120.22
8.35,87.87
13.14,105.62
1.43,48
18.39,135.02
12.27,106.28
4.4,66.78
3.34,62.35
3.49,60.57
5.56,63.7
6.02,70.77
16.52,117.92
19.01,136.29
18.08,125.05
17.56,129.63
17.56,129.76
18.58,137.24
2.31,49.15
16.92,129.17
6.27,66.2
4.05,65.91
16.99,121.34
8.94,79.65
7.03,80.42
10.56,91.25
17.75,130.64
13.42,111.41
19.09,131.95
11.96,99.37
14.58,108.55
11.57,96.91
10.84,100.07
12.79,105.53
7.33,73.31
2.87,62.55
14.98,116.36
3.63,60.14
3.12,56.15
1.44,52.11
1.67,56.54
7.83,73.38
1.67,44.49
9.77,85.33
4.54,64.8
10.84,98.06
5.58,73.74
7.92,86.57
5.74,76.45
18.82,128.95
17.55,131.3
15.2,113.38
16.84,127.52
18.74,133.15
5.54,75.53
15.2,118.91
13.73,104.45
10.97,98.25
6.83,68.34
10.31,91.82
10.41,91.26
19.22,133.67
10.1,97.15
15.71,123.44
5.73,65.87
1.98,51.05
14.37,108.62
11.71,100.99
12.12,102.72
7.39,79.05
17.88,128.98
6.6,79.06
14.17,113.66
1.49,46.14
12.99,106.19
19.91,136.89
9.2,81.17
16,119.06
5.89,67.94
5.12,65
15.76,124.58
7.48,79.86
4.39,57.46
15.79,116.03
12.08,104.93
16.91,122.67
11.52,97.96
7.13,69.55
13.43,107.4
2.76,49.22
6.12,67.55
14.02,111.79
3.42,55.62
12.47,96.57
5.43,66.69
2.46,57.63
4.26,63.8
8.36,85.96
19.48,141.03
2.48,57.49
19.96,137.88
13,98.96
11.54,104.37
9.41,88.29
4.43,67.04
4.01,56.78
16.46,120.17
14.72,116.07
6.54,67.55
14.24,111.2
17.93,126.99
14.15,115.69
17.15,122.89
19.53,135.87
2.71,58.02
12.39,95.62
11.98,96.79
12.74,105.49
1.78,54.89
5.16,64.31
19.58,135.7
17.33,122.78
4.44,58.42
14.69,106.63
5.04,61.55
2.33,49.9
11.33,95.06
7.7,72.26
6.82,78.48
2.77,50.05
17.4,130.01
18.77,131.78
13.36,105.34
8.54,81.37
19.8,138.8
4.2,61.02
16.77,127.04
1.67,55.1
12.76,103.29
15.22,108.16
15.37,119.29
9.07,89.9
7.33,71.91
6.74,77.25
3.16,51.44
18.7,132.39
19.11,137.1
3.46,65.03
3.28,59.39
6.19,73.9
4.92,70.51
15.47,115.05
12.38,107.67
14.84,117.11
14.35,116.58
7.22,79.99
7.96,80.75
4.18,67.83
5.34,62.24
15.02,120.63
18.53,134.71
17.82,125.15
7.63,75.36
13.92,107.88
9.92,83.24
5.82,63.18
7.15,78.48
9.01,81.79
5.28,60.38
4.52,66.51
7.35,70.82
9.19,84.36
2.22,56.26
8.74,82.85
1.52,51.89
16.39,116.3
9.81,85.13
11.46,99.53
7.99,79.77
11.21,98.59
15.44,115.53
1.94,46.32
16.27,126.77
10.98,91.47
14.79,108.36
17.22,130.37
15.15,119.48
10.25,96.95
9.57,83
19.17,131.71
7.74,84.83
12.81,98.56
11.31,101.43
14.85,112.45
13.43,108.41
3.01,55.67
13,98.89
2.4,58.4
18.78,132.44
8.64,79.07
4.76,66.73
8.34,79.39
10.39,92.11
8.14,77.29
14.4,117.61
7.26,80.91
13.64,109.02
5.34,60.88
1.86,46.27
9.04,79.71
4.46,62.01
5.61,65.42
6.71,77.75
9.44,81.57
16.93,126.85
7.37,72.02
16.51,122.7
13.12,104.49
9.91,90.18
9.19,80.61
12.07,106.64
15.16,108.63
5.56,67.33
13.17,103.21
18.77,133.22
16.97,127.17
5.79,71.14
5.88,71.4
11.71,100.69
19.62,142.67
9.68,94.29
11.65,98.89
16.82,119.91
13.67,108.5
17.82,129.75
9.35,82.77
8.94,84.62
3.39,59.2
4.6,66.17
16.58,116.18
5.83,71.16
8.42,78.47
10.39,89.75
18.35,134.38
16.08,121.62
4.88,68.34
11.74,91.38
6.08,70.29
11.98,105.85
14.95,112.94
6.45,78.06
13.18,99.46
3.36,54.89
2.8,60.53
9.58,87.75
13.98,110.94
3.32,60.36
14.03,114.36
17.46,119.43
9.11,81.13
18.91,126.53
7.53,80.96
15.56,120.58
12.35,94.36
9.76,93.36
6.8,75.68
11.34,95.47
14.84,108.88
4.65,66.63
19.63,138.33
16.06,123.33
2.86,57.69
14.99,111.96
11.31,99.54
13.42,104.12
9.9,93.97
11.27,98.11
7.22,76.11
10.3,95.3
13.27,112.05
19.42,130.64
1.89,45.18
17.31,130.62
17.11,129.09
14.12,109.81
16.46,124.73
16.32,117.16
17.84,124.31
8.09,76.12
19.62,136.55
9.93,84.64
4.04,65.29
14.21,114.2
15.96,120.66
19.88,134.53
9.78,86.81
13.68,104.69
16.77,125.48
15.39,109.67
12.39,98.82
6.07,65.97
7.24,72.42
18.41,127.89
16.66,115.14
8.35,83.91
5.2,67.91
5.91,72.38
2.47,60.54
2.77,53
2.14,46.09
7.95,78.66
1.89,53.12
4.76,64.37
14.84,118.45
2.82,62.29
1.65,52.36
3.78,58.96
19.28,128.16
8.08,75.85
13.13,109.1
4.98,63.34
14.11,114.27
6.47,70.17
5.75,65.78
19.96,140.17
4.48,65.43
10.87,99.81
7.75,81.98
6.38,65.93
1.36,49.89
2.13,45.28
13.51,113.22
3.5,62.12
17.23,125.93
5.82,72.86
1.22,53.38
7.67,82.94
1.3,53.91
3.99,65.43
4.02,57.55
5.8,72.25
18.09,128.33
4.78,63.77
6.6,77.08
14.73,109.72
4.46,64.31
4.04,64.46
9.18,79.8
12.49,108.86
17.13,120.33
9.87,92.64
11.96,92.49
8.61,85.45
1.58,43.4
16.06,114.32
15.07,115.57
6.28,75.67
13.41,110.01
19.5,132.7
14.81,111.82
8.47,84.13
18.12,123.31
5.52,75.39
15.48,119.89
10.98,96.03
10.36,91.58
15.2,117.94
18.54,126.82
1.47,48.93
15.61,112.37
9.53,89.17
8.27,85.61
2.37,57.95
12.26,106.29
5.63,71.24
9.84,92.31
5.76,67.4
2.17,47.49
9.77,95.22
10.84,97.51
9.18,85.65
1.66,43.99
13.49,112.43
12.2,106.83
19.39,141.13
9.9,93.49
14.46,113.44
18.6,126.84
5.02,63.75
11.81,96.62
5.47,66.91
6.27,66.27
7.25,81.92
15.32,113.08
7.24,83.64
1.32,49.72
9.3,80.53
9.13,89.97
12.19,98.21
2.35,47.68
2.01,53.2
11.84,92.63
10.16,84.7
13.66,101.48
17.19,120.61
3.6,63.41
1.09,42.81
17.79,124.66
15.06,115.38
6.13,76.55
13.59,111.06
1.55,53.22
5.53,66.21
7.23,78.43
15.45,120.24
16.47,126.75
4.45,58.84
14.66,116.65
1.16,53.29
7.66,79.93
14.79,119.42
11.51,90.26
9.27,85.41
19.19,135.16
13.81,113.65
3.02,58.66
12.72,99.17
15.8,119.45
3.02,60.05
2.79,57.6
5.2,71.55
5.15,59.78
7.31,74.24
15.46,115.97
17.25,124.54
4.41,67.15
3.75,60.41
15.79,123.32
5.52,65.78
3.37,57.84
8.58,79.07
19.26,130.43
13.79,108.62
18.95,131.24
17.95,125.59
15.99,113.79
17.05,127.56
13.12,103.88
11.68,100.19
15.2,110.5
18.42,128.42
16.34,121.96
19.96,136.82
10.07,90.92
19.1,137.72
19.36,141.7
5.97,77.46
14.99,116.8
13.16,100.32
13.46,102.26
1.44,49.29
4.36,62.55
7.38,80.1
8.18,82.37
1.13,53.58
18.7,133.63
8.92,83.1
7.49,83.34
15.29,117.82
1.3,43.33
18.99,134.39
1.27,47.55
14.03,111.85
11.22,101.88
13.45,110.98
10.42,86.1
10.61,91.61
14.81,108.41
5.3,66.81
14.28,107.52
17.71,132.23
15.64,113.08
18.23,131.57
7.48,75.56
9.62,92.25
9.81,82.97
8.93,80.52
15.33,117.87
4.31,66.25
13.78,105.88
4.49,63.63
10.54,98.98
18.58,131.07
12.6,107.96
17.65,129.18
16.44,124.26
9.98,85.44
18.55,137.19
6.06,71.63
16.59,122.5
14.79,117.57
12.3,104.83
8.36,86.94
12.9,107.24
6.85,77.67
13.41,99.53
1.36,48.19
4.13,63.66
9.44,92.02
14.33,110.19
10,93.3
17.81,127.96
3.95,62.47
5.82,69.42
14.34,113.45
5.66,63.22
15.63,114.81
17.81,133.1
14.49,112.47
1.43,44.9
15.17,108.05
4.68,66.95
6.39,69.13
9.1,89.86
16.26,113.18
12,103.97
1.66,53.93
1.65,52.02
8.14,86.85
16.72,116.39
15.27,122.24
11.18,92.34
7.97,79.03
10.75,89.7
2.22,47.56
6.46,66.44
5.25,63.32
5.01,68.86
9.11,87.19
13.97,102.7
7.11,70.44
10.93,88.09
8.67,86.87
7.33,76.62
13.53,112.16
18.35,133.31
6.26,73.91
2.22,51.37
17.61,128.34
7.88,81.82
19.23,128.75
14.68,112.42
11.6,102.6
16.71,116.46
5.3,68.82
15.88,123.14
18.02,131.16
10.83,92.37
5.81,66.59
16.32,123.51
12.61,99.4
19.69,143.36
9.95,83.21
13.47,109.22
5.34,62.06
1.33,44.37
14.91,117.48
11.87,96.48
13.19,104.64
7.93,79.94
15.99,119.4
1.58,50.72
1.03,52.73
5.74,65.39
2.59,58.95
9.2,87.6
18.34,136.1
14.57,105.97
17.22,130.15
12.24,95.88
18.92,132.15
15.59,111.58
11.38,93.01
1.91,52.63
9.46,88.66
7.67,74.52
11.41,90.18
4.42,63.16
14.15,108.44
3.09,49.96
5.26,68.92
3.68,61.54
7.17,78.72
19.68,141.28
6.2,67.27
12.43,105.43
3.11,61.4
12.5,104.91
8.52,80.6
6.8,79.34
1.35,53.27
10.82,88.68
6.06,76.63
9.36,90.36
12.38,98.34
4.64,63.66
16.79,124.43
16.55,124.99
14.02,106.6
17.58,130.56
18.24,124.28
17.56,124.6
8.65,88.53
5.27,66.38
2.91,58.35
9.66,93.88
10.3,95.75
16.11,124.3
1.66,46.6
9.99,88.11
18.7,128.01
6.54,71.08
17.91,129.38
6.73,71.32
18.32,132.97
13.68,101.73
5.91,66.45
1.75,53.44
2.27,56.22
1.45,54.8
6.9,76.8
11.69,91.82
2.2,46.92
7.11,77.46
6.15,71.51
8.47,79.82
10.08,89.39
18.27,130.79
5.05,59.73
8.23,87.81
19.96,141.47
17.24,124.18
4.05,57.69
4.75,63.54
18.68,126.68
2.97,61.98
10.54,90.16
13.23,112.04
1.45,46.68
9.29,82.32
14.73,109.33
15.61,114.86
12.46,102.71
5.68,65.91
9.42,83.13
16.2,124.68
1.33,45.95
3.4,56.46
15.7,112.97
17.9,134.56
8.56,79.99
6.11,68.57
19.63,138.95
13.72,110.57
14.94,109.1
13.96,104.05
9.81,88.38
12.8,99.88
5.79,74.65
5,67.32
1.91,46.4
5.87,69.97
3.29,55.16
8.14,86.15
12.16,98.63
3.16,61.6
9.6,93.1
1.52,44.18
17.72,125.63
11.69,100.57
13.01,101.03
16.28,121.26
18.05,125.09
9.05,86.56
18.99,126.17
8.78,90.24
7.19,79.22
8.59,86.61
11.21,97.69
14.32,112.8
8.94,82.95
7.1,72.38
13.46,101.24
12.2,101.65
4.07,66.77
4.81,68.51
5.51,65.19
15.27,112.07
15.35,109.97
2.99,61.24
15.95,115.31
3.97,64.95
8.64,81.8
16.83,128.34
11.92,95.37
8.64,77.38
8.81,90.76
8.88,83.5
3.78,64.34
17.49,132.23
12.68,100.42
8.83,79.11
3.78,65.65
13.84,110.23
2.82,58.24
1.84,49.95
9.57,86.57
9.84,92.86
5.38,68.62
3.14,58.78
12.74,96.6
19.67,130.78
1.76,47.28
15.29,114.66
13.2,100.78
10.14,93.51
17.29,128.09
19.64,135.26
1.63,54.59
18.72,134.8
6.83,68.09
2.44,55.36
4.72,67.14
2.05,54.01
12.27,98.44
15.22,121.72
3.47,51.91
3.84,58.61
3.01,58.53
3.73,56.97
9.33,79.99
15.21,114.14
7.39,81.61
13.22,107.73
13.35,110.68
2.53,50.07
2.97,53.7
10.24,91.94
17.26,130.15
7.62,76.93
2.9,56.62
4.85,64.01
13.41,101.63
16.42,115.88
15.03,117.07
17.19,128.82
8.77,85.79
14.14,115.34
7.16,70.06
2.65,50.84
16.74,123.67
17.72,126.49
11.07,89.31
1.3,45.56
17.03,121.1
9.89,96.45
4.58,69.12
17.92,131.69
16.34,119.83
2.58,52.07
8.51,80.64
12.3,104.55
1.1,51.51
1.72,56.4
18.56,134.56
19.14,139.41
10.05,95.7
6.62,72.92
19.19,128.37
17.29,129.49
3.85,64.56
5.61,71.77
3.39,60.7
4.44,60.05
6.51,79.04
6.31,71.99
17.37,128.17
11.26,99.7
5.89,75.65
5.13,68.05
2.25,58.72
17,128.6
12.05,99.61
10.42,95.69
2.63,52.83
13.48,112.74
7.53,80.3
4.87,70.05
1.11,42.21
8.53,83.58
17.66,127.58
18.47,134.37
5.8,65.64
6.92,73.42
15.7,120.28
7.87,73.33
10.66,91.35
6.66,76.41
4.95,60.98
17.16,126.99
18.92,129.04
10.75,91.72
11.88,102.52
12.09,105.22
15.27,110.79
16.41,122.32
9.04,84.43
14.79,106.29
1.17,47.98
19.71,129.67
15.06,116.17
6.82,75.44
16.92,125.37
16.64,119.17
10.5,95.37
18.74,126.51
17.82,123.77
19.6,139.5
11.66,97.16
7.1,75.16
3.13,57.05
13.43,111.59
17.34,126.48
12.86,106.75
18.13,130.83
2.69,61.55
18.49,131.22
12.21,101.67
9.91,83.99
17.58,120.83
13.89,115.13
10.93,95.48
12.33,97.09
2.15,53.36
12.65,104.31
2.06,48.88
13.69,108.63
3.01,50.93
4.76,59.31
15.11,120.92
1.54,52.5
12.51,101.82
13.5,110.93
9.65,91.07
13.25,109.9
17.23,128.92
1.8,53.92
12.35,97.77
2.69,51.5
5.09,63.03
12.59,104.68
3.49,56.31
16.68,123.41
6.73,74.51
11,88.72
8.85,84.39
16.5,118.21
19.43,137.07
17.58,123.92
17.07,125.82
9.29,88.41
3.45,59.02
19.42,140.51
7.48,84.36
14.37,114.36
7.75,73.33
1.21,47.73
12.27,102.24
16.56,122.7
7.23,79.04
1.2,48.83
4.23,65.32
1.35,42.44
2.35,51.82
2.2,53.11
8.8,80.78
15.09,110.16
1.21,52.25
18.41,126.92
3.66,54.94
3.07,53.83
17.07,120.12
17.23,125.32
4.65,61.25
14.53,108.85
5.29,67.81
18.03,132.12
15.28,117.48
14.66,106.49
5.74,71.78
6.83,73.07
10.52,93.25
6.49,78.66
15.58,117.71
8.9,88.06
12.08,106.61
6.72,78.5
10.58,96.54
15.35,119.22
8.23,84.34
8.53,79.32
19.8,136.47
10.62,96.3
2.89,62.55
7.24,78.13
6.7,69.77
5.9,67.38
4.24,64.88
13.03,109.89
12.75,97.34
2.52,50.24
9.82,83.74
12.51,101.12
12.45,104.07
18.26,130.75
6.98,73.06
12.21,103.68
11.74,94.19
5.58,71.22
7.77,86.3
12.11,95.47
9.93,91.55
3.84,56.83
4.36,68.8
4,55.34
15.02,107.88
12.38,103.12
15.79,124.45
13.83,109.94
17.42,129.4
2.62,61.55
17.2,128.12
17,127.54
17.22,130.23
12.02,102.91
17.55,128.67
11.57,98.86
9.77,89.63
16.07,122.2
19.64,138.97
2.42,49.14
5.79,70.81
15.08,119.3
14.76,113.95
10.32,84.89
9.87,93.97
13.09,104.83
11.59,100.9
11.01,91.34
14.44,105.34
2.54,48.42
4.66,65.64
13.1,111.24
9.11,84.01
11.98,102.54
15.19,115.87
9.03,87.19
5.57,63.21
7.7,83.93
14.38,112.24
7.87,81.66
1.78,50.15
10.31,85.76
14.19,105.21
17.13,127.14
18.72,133.93
8.19,87.54
2.44,60.5
11.47,98.28
19.52,134.84
9.95,93.26
7.46,74.32
2.33,55.36
15,114.25
7.81,80.72
7.14,73.53
18.58,133.45
13.74,104.11
3.91,57.86
5.39,61.28
16.96,123.55
6.5,79.24
4.54,63.99
10.05,93.47
7.63,73.01
4.11,68.14
1.34,53.3
7.3,78.27
14.55,108.12
14.79,106.92
15.44,109.39
8.4,84.78
3.78,61.47
17.94,128.19
14.48,106.49
16.94,123.86
7.83,83.4
10.31,93.23
6.62,67.12
11.54,95.18
8.81,82.34
10.65,86.73
7.52,78.88
19.89,138.41
17.63,121.29
3.81,58.82
13.14,100
18.37,127.17
7.07,71.57
14.2,111.79
16.62,117.46
17.98,135.13
2.83,53.87
4.8,69.48
11.97,102.53
13.79,114.84
9.45,87.49
19.51,138.42
3.8,66.32
6.78,71.96
18.27,134.25
17.99,128.93
3.92,67.03
3.13,55.05
2.26,52.3
10.92,98
14.91,113.72
9.98,94.41
11.75,105.04
1.72,57.14
19.59,141.07
8.57,82.09
10.22,97.3
19.64,140.65
14.52,112.52
18.87,127
19.9,139.41
16.4,126.75
11.29,95.58
8.61,87.02
7.38,80.2
6.14,64.61
5.9,72.89
7.77,81.15
3.15,63.8
11.94,92.6
10.98,97.8
10.49,87.17
18.05,126.41
8.64,78.84
17.96,128.52
6.44,70.62
3.67,60.94
14.21,108.56
3.23,60.4
8.61,76.42
8.73,83.23
6.5,71.18
16.15,123.85
1.55,44.51
18.3,130.76
7.44,73.03
7.11,77.43
19.01,128.57
8.07,82.5
11.69,97.29
3.43,57.52
9.1,86.64
4.48,63.74
6.7,68.61
6.2,75.21
18.78,128.42
17.81,128.02
8.23,83.79
7.18,76.5
13.87,104.91
19.21,136.8
16.3,114.37
11.45,100.94
18.48,127.22
18.68,124.69
5.59,64.52
9.18,84.83
3.85,60.33
15.96,125.33
7.26,79.55
10.17,92.75
1.63,46.11
14.38,104.56
16.19,122.38
8.5,88.34
4.66,70.18
2.63,48.29
8.71,88.16
9.95,91.38
16.09,122.65
18.49,136.81
13.76,113.32
8.48,77.09
19.02,139.3
9.47,85.06
9.38,81.99
6.58,73.06
18.54,130.13
3.42,55.63
5.84,64.25
3.62,61.27
4.18,59.68
19.04,128.18
10.99,98.81
9.03,84.31
3.89,62.69
1.35,43.57
11.2,100.5
4.56,65.98
1.33,53.43
10.11,92.93
5.69,73.87
7.35,74.7
1.73,56.09
15.16,120.92
18.26,128.14
6.01,76.2
18.07,132.57
1.65,45.3
10.53,97.34
16.61,122.69
15.78,119.01
5.35,69.75
19.55,133.24
11.65,101.17
5.83,68.51
1.72,55.62
6.89,75.34
6.88,72.35
1.3,46.43
10.03,94.8
8.13,74.57
2.14,49.69
8.32,84.47
13.41,101.9
12.87,99.38
4.1,60.46
13.54,112.09
17.8,130.11
12.05,98.86
16.97,123.92
5.95,74.57
2.84,57.11
3.81,58.65
1.07,48.11
14.19,105.35
11.73,93.05
14.75,110.65
8.46,77.41
7.29,78.73
19.01,139.34
3.64,58.43
1.37,46.39
19.8,135.44
13.27,109.96
8.54,78.82
18.69,135.27
7.47,76.85
9.8,85.46
5.38,74.37
6.3,68.6
3.22,54.28
12.19,96.69
10.01,90.44
14.41,104.59
3.68,57.1
17.86,134.32
5.57,69.57
1.8,54.31
4.05,64.48
10.54,96.55
18.47,131.17
7.01,77.21
10.53,97.5
15.62,123.58
19.67,132.44
2.43,53.37
11.06,92.88
9.55,92.25
12.42,104.21
1.41,45.2
18.56,132.68
6.12,72.68
2.52,60.75
19.24,128.52
15.64,110.93
15.63,119.61
2.92,52.29
2.07,56.66
9.63,91.59
10.07,93.49
15.81,117.36
8.79,83.63
8.23,83.46
8.22,86.08
11.1,99.66
18.86,132.72
10.38,91.98
14.67,117.63
15.45,115.48
12.03,103.1
12.77,99.93
2.8,60.11
7.56,85.03
16.04,121.53
12.64,108.29
17.65,122.64
19.07,132.55
8.24,79.76
7.12,70.28
18.8,131.95
3.79,64.3
13.15,99.41
7.91,74.98
14.14,111.9
7.42,72.81
15.98,114.21
14.51,115.8
9.55,92.32
10.67,91.23
15.03,119.82
2.77,52.4
2.61,59.99
15.83,114.23
4.06,60.39
4.97,61.85
1.17,43.91
15.82,116.57
17.66,130.29
15.31,119.53
9.87,89.55
16.62,123.89
11.42,101.9
5.79,73.94
3.59,59.22
18.14,133.75
14.16,114.04
14.6,105.27
1.92,44.28
10.57,90.97
1.08,51.79
2.9,52.25
16.42,125.54
5.14,63.94
19.73,140.62
12.08,105.06
3.96,65.8
4.33,68.17
18.11,125.72
13.39,99.59
15.9,125.22
6.48,76.89
1.54,44.23
1.06,44.29
11.28,96.86
6.88,78.56
5.56,73.31
5.87,77
17.87,124.82
14.31,104.47
17.72,133.76
10.1,96.41
14.23,114.04
6.95,71.14
19.35,140.44
10.97,100.01
7.67,81.45
17.8,126.28
14.25,106.73
4.47,63.87
4.13,58.99
7.47,80.01
6.28,74.63
3.71,65.93
3.09,61.86
18.5,125.24
1.95,53.72
15.59,119.21
17.24,120.35
2.99,53.89
18.9,129.25
14.01,108.14
3.32,54.24
7.82,85.37
5.36,73.85
4.47,59.55
7.66,82.59
14.15,113.47
12.49,103.9
9.09,81.5
13.87,102.75
1.47,53
11.72,100.8
10.14,96.85
5.29,71.06
8.07,79.11
2.99,61.4
3.9,58.27
14.52,112.48
16.87,120.19
14.91,114.56
13.08,98.27
7.77,76.16
8.83,79.06
15.92,125.39
19.57,136.58
3.24,61.24
12.62,100.07
2.34,51.4
7.69,81.93
5.4,73.88
17.9,133.39
16.35,117.17
3.85,66.38
2.16,57.01
17.9,127.83
17.94,135.06
17.68,130.64
6.1,76.44
10.55,88.6
9.8,82.79
17.54,124.21
6.48,79.62
14.94,118.45
16.08,120.51
16.55,116.04
3.33,63.21
8.32,85.4
10.2,84.22
2.94,51.62
9.39,87.24
11.45,94.26
19.48,136.72
19,131.33
1.03,45.25
18.45,135.82
7.82,74.21
8.27,84.23
8.07,74.03
18.04,126.4
11.21,99.18
1.38,47.2
19.58,136.88
11.28,92.62
13.23,108.26
13.12,107.85
9.57,85.3
6.68,73.32
16.54,117.64
12.13,105.91
6.68,72.69
11.77,96.44
6.19,72.09
19.89,133.16
17.76,127.65
2.13,55.52
13.97,111.91
16.21,126.37
14.37,114.14
19.84,131.33
17.63,132.05
12.2,104.06
1.29,44.15
2.36,53.43
17.1,121.76
5.54,70.15
14.9,110.65
6.87,71.81
2.57,56.03
8.36,78.09
13.51,104.77
13.03,108.81
4.59,69.57
14.43,109.42
1.69,55.03
7.15,73.7
17.06,119.61
19.81,132.92
8.41,81.78
5.87,76.81
2.13,56.65
2.03,56.56
14.26,106.04
19.23,136.51
15.12,118.26
9.54,90.58
17.53,127.81
10.17,87.05
12.3,97.46
19.77,133.8
11.21,91.58
2.48,52.75
6.67,70.31
2.51,55.35
3.97,61.94
14.19,106.23
1.6,44.23
17.77,121.79
9.09,92.11
6.42,78.64
6.48,70.74
6.12,67.95
1.25,51.14
18.6,132.5
1.3,43.94
12.33,101.52
12.38,105.47
15.22,111.55
2.1,54.13
6.65,68.23
5.3,64.69
13.93,109.14
18.45,125.96
6.31,65.91
19.43,132.23
1.12,52.3
16.79,125.63
3.66,54.27
18.35,127.69
14.97,111.53
3.76,62.86
4.59,57.98
9.36,85.72
15.86,111.9
1.46,43.1
6.47,73.27
16.92,126.34
19.28,127.87
9.6,87.58
10.52,91.66
5.06,67.26
16.14,121.65
11.64,95.48
11.58,93.1
14.73,110.74
3.54,63.55
5.87,66.57
3.36,51.34
3.06,58.47
12.01,99.27
4.37,58.71
18.09,126.17
11.62,92.6
15.06,118.23
18.97,139.66
10.67,89.28
17.52,119.22
6.37,78.35
15.15,116
5.16,73.11
18.53,124.03
16.18,116.91
4.77,69.22
9.82,90.69
10.12,94.07
10.36,92.16
11.9,101.66
4.45,64.36
6.4,67.11
13.71,111.06
6.46,68.7
19.36,134.19
10.04,90.96
1.83,52.12
14.88,119.64
1.54,50.85
7.12,79.35
17.37,131.02
8.6,88.96
19.51,132.03
5.89,75.41
16.74,124.43
7.62,74.84
8.38,75.68
5.5,67.98
17.24,127.63
18.95,127.92
5.56,66.31
8.63,89.39
12.64,96.63
18.9,137.5
2.72,61.18
2.13,48.63
18.19,131.38
17.48,126.67
3.33,57.05
19.5,140.24
17.08,125.87
14.61,113.01
19.55,129.78
19.39,132.95
17.31,123.97
19.29,132.4
8.59,79.25
17,125.1
10.04,84.41
17.76,130.82
14.54,110.34
12.38,102.05
19.35,134.24
4.53,60.84
2.53,59.08
19.77,133.54
15.41,118.63
19.39,133.68
12.49,104.62
7.8,73.92
14.16,109.79
19.34,139.7
5.16,68.03
16.6,126.55
2.37,57.52
3.49,54.15
8.73,77.84
14.96,119.2
11.15,90.29
10.83,89.41
14.75,110.11
10.29,91.89
14.89,112.16
9.99,89.8
3.6,60.1
12.66,101.07
16.67,120.73
3.94,56.91
4.3,56.78
4.64,66.57
16.09,122.5
7.62,79.86
17.86,130.17
12.18,104.45
11.51,95.32
12.46,105.5
12.95,107.62
10.36,96.03
17.76,130.95
13.92,110.07
13.13,111.55
6.15,65.49
4.3,63.67
6.9,75.39
9.43,86.7
13.03,109.27
19.75,141.34
6.14,71.95
2.36,54.52
12.58,95.77
8.95,88.42
15.48,111.39
2.47,50.49
17.02,130.53
6.4,67.63
3.18,56.94
8.21,86.32
4.7,62.41
3.13,53.77
16.03,116.9
18.3,131.7
13.44,112.32
19.02,131.71
14.53,112.2
2.53,58.44
11.95,101.68
19.62,139.83
17.94,134.12
2.01,45.7
5.06,69.91
19.29,131.59
8.24,87.74
16.8,126.69
11.94,101.31
9.85,91.54
11.11,99.9
4.05,63.56
12.26,96.77
18.69,126.52
11.78,93.43
5.53,75.34
12.31,94.29
11.26,99.83
9.86,85.39
5.62,69.86
2.98,57.21
17.99,126.46
4.06,65.57
13.74,114.95
18.75,134.22
10.76,98.12
1.91,52
10.16,93.66
12.62,106.75
3.64,54.58
16.33,126.08
2.36,52.08
2.9,58.12
17.21,118.09
11.26,98.13
1.72,46.55
17.02,125.33
1.22,53.71
5.1,71.37
15.71,115.17
3.27,55.72
19.78,139.68
9.19,88.81
17.47,120.65
14.38,111.38
14.88,119.57
10.12,89.56
6.9,68.27
17.21,123.78
3.45,61.4
15.14,112.8
11.09,98.64
12.18,105.94
4.78,70.28
8.29,88.11
5.28,64.7
6.83,81.41
2.42,48.51
7.69,84.22
1.2,46.2
14.14,102.89
16.51,119.51
14.59,109.14
17.87,125.75
18.95,132.67
1.54,53.82
6.47,66.53
10.84,99.33
7.16,71.2
6.56,74.59
12.03,106.08
6.84,68.54
1.02,53.88
8.8,89.47
2.13,49.29
6.9,69.52
5.24,68.57
9.75,92.04
14.62,106.8
18.88,134.79
16.08,114.3
13.68,104.93
19.23,138.9
10.49,93.38
17.41,130.38
2.61,57.7
16.24,123.06
10.68,91.03
1.67,45.78
2.67,55.33
8.22,83.01
17.49,119.18
15.73,117
13.92,111.15
15.63,117.33
16.36,124.15
3.79,54.61
12.65,109.58
3.36,57.35
13.88,114.26
17.12,121.42
7.05,74.87
3.29,52.81
10.92,95.82
11.82,100.08
13.37,108.15
14.66,105.96
10.26,84.67
13.42,106.39
9.46,83.68
5.48,63.46
1.63,45.06
2.49,50.32
17.85,128.86
14.81,107.35
19.22,128.36
15.21,115.68
14.12,105.43
14.06,104.17
5.55,74.15
2.77,55.13
2.85,57
2.13,49.45
13.84,103.9
19.84,135.48
13.93,114.11
11.53,99.74
7.86,86.57
19.85,140.7
19.29,137.25
6.49,73.02
19.09,133.04
17.32,123.51
17.17,129.88
14.9,114.43
15.41,121.86
9.05,84.49
17.69,129.64
19.28,136.26
13.25,107.42
15.27,115.73
5.97,69.59
5.64,72.53
15.08,107.65
12.76,97
15.6,121.09
18.3,135.24
19.41,135.64
6.85,73.21
8.67,87.98
11.64,96.64
8.23,74.87
14.4,107.65
18.06,123.51
11.76,101.96
6.84,77.72
14.7,107.95
1.34,42.88
18.13,123.01
7.16,78.65
1.33,53.65
14.01,106.44
6.14,64.93
1.47,55.26
1.91,56.41
18.17,130.93
11.61,99.24
12.56,97.98
8.82,77.88
10.74,100.28
12.2,106.89
6.33,77.45
10.88,90.91
14.93,114.06
4.81,62.95
9.87,96.04
11.93,94.85
11.34,95.9
12.87,99.6
16.93,122.74
17.35,131.82
17.37,123.72
4.61,58.74
3.82,53.94
7.53,73.21
11.12,91.39
7.22,69.73
17.79,130.09
12.28,101.53
3.71,62.66
17.99,125.53
14.8,115.15
1.16,43.61
13.05,103.98
16.36,116.06
16.79,115.71
7.78,79.71
15.04,114.77
19.94,143.49
18.32,134.76
13.01,100.24
5.21,69.74
13.42,102.29
3.67,65.73
5.1,66.59
18.78,125.5
16.44,123.16
17.43,119
7.84,79.33
14.2,107.75
5.44,64.94
3.43,60.41
19.51,131.22
19.09,139.8
12.37,108.31
1.19,47.74
14.93,107.8
6.62,69.16
1.38,46.7
15.77,117.31
10.29,90.35
15.34,112.55
17.44,121.3
17.07,117.92
1.03,50.28
18.46,124.08
17.95,125.31
11.56,98.23
19.61,133.88
17.52,130.47
14.16,108.18
15.43,116.9
9.24,92.59
18.57,128.11
9.66,92.63
5.24,64.6
7.52,75.69
4.7,66.56
1.74,52.31
16.92,121.9
13.02,97.93
19.1,132.38
7.69,80.11
13.27,99.93
9.86,84.52
16.45,124.85
2.06,45.86
13.92,104.7
17.09,119.98
14.9,114.47
11.83,96.99
12.59,104.28
11.2,88.92
16.29,122.76
8.57,87.45
5,63.04
6.36,74.73
18,123.86
15.45,123.01
13.02,107.66
7.79,80.3
2.11,57.04
11.28,90.94
10.37,88.53
8.89,85.51
16.03,118.17
11.42,95.73
15.71,120.43
13.48,100.23
2.62,52.59
2.66,54.62
11.24,97.56
6.81,70.28
6.66,80.37
17.03,128.97
9.61,82.31
8.66,80.22
16.82,121.81
2.56,55.75
3.36,54.11
18.27,135.89
13.03,100.73
3.95,65.57
5.83,63.12
3.23,60.81
10.35,84.91
7.2,76.54
12.39,107.41
8.36,81.37
4.19,58.78
18.17,123.89
15.19,120.88
4.48,66.36
7.03,73.24
14.07,110.54
14.35,105.98
9.08,86.62
5.55,63.35
14.92,120.36
6.55,67.75
4.07,57.35
9.22,84.83
8.89,86.97
8.07,79.26
11.25,96.51
19.3,134.48
16.63,116.55
17.3,120.18
2.96,50.93
13.3,108.61
9.51,82.28
11.63,102.41
8.45,88.64
1.86,47.04
4.83,69.16
16.81,125.36
17.34,122.29
6.09,73.09
14.9,118.19
1.77,55.33
2.95,60.67
12.31,107.07
2.14,56.44
16.82,127
8.58,83.3
18.29,124.75
11.04,92.81
5.36,69.63
11.69,101.9
18.84,132.62
2.15,54.5
10.93,96.74
3.13,58.84
6.92,71.59
14.89,118.61
19.82,140.46
15.17,120.84
9.16,89.6
13.41,107.34
9,79.13
3.53,60.61
3.77,61.65
4.31,60.9
9.56,89.36
1.39,42.98
5.97,75.87
8.34,82.49
14.59,105.22
13.26,107.2
16.8,117.52
19.01,135.25
16.42,116.21
9.83,92.77
6.38,66.4
5.16,65.14
2.42,50.26
4.75,71.49
7.62,78.16
14.46,109.13
4.12,60.47
4.34,58.37
16.35,114.39
16.84,127.97
9.81,94.48
1.27,46.54
1.91,52.77
19.87,131.12
6.64,79.29
12.11,99.57
9.13,89.71
19.05,136.21
19.07,138.44
6.9,80.36
9.84,88.72
11.1,93.72
10.76,91.57
15.59,117.91
16.69,125.6
13.08,106.53
10.99,95.64
12.45,107.18
3.54,57.22
11.59,90.72
9.4,83.87
15.43,115.62
12.17,104.33
12.77,103.13
18.25,128.78
1.4,46.82
8.52,86.09
3.33,60.69
17.1,122.58
17.41,119.82
1.31,47.91
12.47,98.89
7.88,79.44
12.82,107.62
5.11,66.46
8.77,83.06
9.46,85.12
19.4,134.73
18.87,136.82
11.97,95.87
10.65,97.02
14.36,107.66
19.88,141.54
1.76,49.5
14.58,106.71
17.3,129.13
11.12,97.82
3.42,63.41
3.58,54.68
3.13,57.82
8.12,80.32
8.48,79.23
14.48,115.08
10.93,93.46
3.21,57.18
15.28,121.95
1.31,51.77
11.67,93.36
2.23,53.81
18.43,134.71
17.53,130.01
10.01,83.41
19.66,138.94
4.29,67.4
14.58,110.4
18.87,131.19
13.2,99.92
9.3,85.8
16.94,127.92
2.1,52.92
4.77,62.72
13.34,101.73
8.63,81.7
12.93,102.94
8,78.9
9.93,82.93
6.12,67.53
15.51,114.99
9.07,88.61
6.45,69.84
13.69,113.95
16.27,117.42
1.08,50.34
11.26,102.49
13.2,105.38
11.27,94.07
14.76,117.07
7.73,85.33
7.37,82
15.48,111.26
12.73,109.22
10.28,88.66
2.39,60.27
3.02,60.33
8.12,86.47
12.26,103.7
6.11,76.1
5.27,60.73
8.6,89.45
15.91,122.55
3.48,56.71
6.01,71.8
13.98,104.35
11.07,99.06
4.63,63.08
13.4,102.27
10.08,87.6
17,129.42
13.24,101.53
4.98,63.05
16.15,115.39
16.05,114.61
10.38,87.64
11.58,91.73
14.73,116.81
7.25,83.22
10.86,95.86
17.14,120.34
10.85,95.73
8.92,88.56
1.91,52.39
16.48,118.05
11.78,105.09
10.12,84.99
11.41,99.61
3.07,54.85
3.15,57.78
4.13,58.92
1.41,45.9
19.62,139.6
16.51,124.19
8.8,83.64
5.26,62.57
5.7,70.65
3.4,54.96
16.84,122.7
14.04,115.37
12.29,104.71
9.72,92.97
9.12,80.73
11.52,102.79
4.2,64.25
4.68,67.3
11.81,93.42
5.47,68.71
10.54,86.49
10.13,90.75
7.53,75.72
17.48,125.78
14.97,110.21
17.25,118.71
4.38,56.72
12.22,96
4.08,66.4
13.86,102.73
15.98,116.22
13.05,109.66
2.53,48.3
7.95,77.96
9.38,84
5.18,66.33
19.24,139.32
9.85,87.85
10.92,96.07
6.18,75.11
18.48,137.38
10.67,98.83
9.07,79.38
18.99,128.65
10.88,93.67
14.29,109.95
15.17,121.21
19.32,132.21
17.43,130.75
8.75,77.46
16.1,124.82
15.52,120.36
1.35,51.2
10.07,96.99
8.92,83.34
9.86,92.42
14.96,119.22
7.49,78.33
3.42,60.55
13.28,112.34
10.43,89.65
19.21,140.6
11.63,95.93
18.54,132.86
17.52,125.5
11.5,93.37
5.24,68.54
7.85,76.94
4.24,68.33
4.29,58.82
11.98,102.82
13.91,113.56
9.41,84.6
2.19,53.82
8.94,84.55
6.36,75.29
15.21,120.9
16.91,116.57
11.8,104.02
2.75,59.39
15.66,118.5
10.2,87.72
18.03,129.21
4.87,58.64
15,116.25
4.12,62.4
13.01,107.82
7.54,73.73
13.04,109.91
16.83,124.73
1.09,49.84
3.86,62.6
15.44,115.88
13.82,108.27
4.58,69.14
5.86,69.53
11.93,96.08
7.49,76.47
11.69,96.88
4.64,57.73
17.46,129.62
1.27,50.71
6.43,73.11
2.86,54.99
5.3,66.82
6.11,65.66
4.35,69.42
5.78,66.33
17.05,117.16
15.45,117.18
18.38,132.85
8.65,88.95
12.64,106.2
14.6,115.3
11.45,95.24
18.58,132.56
11.19,101.34
5.57,73.2
7.12,71.89
15.8,124.72
9.89,85.11
9.3,83.6
16.17,119.76
6.47,67.41
3.75,57.38
7.44,82.85
7.09,79.2
14.74,105.92
11.36,97.37
13.39,103.37
15.48,111.33
14.47,105.99
11.49,96.54
6.96,75.32
12.46,107.59
9.19,90.37
18.72,131.7
17.32,123.95
6.99,68.91
13.63,112.77
12.94,109.61
12.52,100.35
2.07,50.32
12.63,101.09
7.87,79.64
13.3,112.68
13.97,115.1
11.46,91.42
11.39,98.16
13.48,108.83
2.32,57.81
6.69,74.37
10.95,88.02
10.68,94.58
15.22,118.37
10.35,91.21
2.78,49.28
14.55,111.65
17.18,118.57
13.65,103.7
8.2,82.79
13.41,108.01
8.07,80.32
4.05,57.9
19.67,133.49
13.29,107.58
15.04,109
16.82,121.43
9.97,93.52
16.48,125.48
14.27,108.87
12.05,104.69
4.16,67.65
15.49,123.03
10.75,89.98
14.02,107.39
5.6,64.94
2.38,58.55
9.94,82.84
19.09,131.73
3.83,56.36
12.65,97.75
14.45,118.2
13.98,107.44
7.41,82.93
13.47,113.03
7.53,74.28
9.53,82.95
6.69,70.56
16.4,113.97
18.6,128.74
13.81,105.26
18.57,137.17
15.5,113.8
4.71,61.98
1.81,49.39
4.1,66.44
16.94,120.77
3.87,62.23
14.42,118.17
1.12,52.54
7.99,84.5
9.37,80.37
6.92,77.68
15.73,120.15
17.47,121.21
2.06,55.73
16.95,117.93
14.83,114.5
1.67,49.07
7.49,80.17
5.79,69.43
19.47,134.18
11.64,100
7.08,72.32
19.23,133.57
14.2,109.57
14.97,106.86
7.14,70.44
2.75,59.67
14.37,112.4
17.98,126.6
18.89,126.89
12.21,102.19
6.34,70.04
13.39,107.41
6.38,77.42
2.96,60.43
7.62,84.42
19.34,128.42
11.39,90.87
14.38,111.99
18.98,135.26
19.98,132.65
18.2,125.07
8.87,79.6
1.44,43.55
16.33,127.22
14.39,114.58
11.24,91.64
11.31,96.61
16.76,115.6
19.47,130.92
16.62,125.52
18.02,123.36
4.75,68.64
5.54,67.36
8.71,88.51
13.01,107.63
17.18,126.06
13.86,110.99
12.52,100
10.49,87.23
10.03,93.37
11.3,93.09
10.56,98.22
16.15,124.11
5.52,73.58
18.81,132.07
7.43,83.15
1.83,52
7.67,79.18
17.81,127.28
14.89,111.59
19.1,129.66
9.35,91.17
14.44,109.42
14.28,107.41
14.81,110.53
14.69,115.7
14.87,108.99
10.52,91.22
13.53,102.22
19.99,133.35
6.47,67.6
6.41,77.42
1.96,52.46
10.04,88.3
1.91,52.4
11.46,102.81
9.28,92.31
7.88,85.83
13.23,107.05
9.1,91.29
3.44,52.85
7.04,75.67
12.84,96.98
15.34,109.48
2.35,56.23
14.11,114.73
14.49,117.31
19.93,136.13
1.06,42.34
11.86,102.41
8.08,74.07
18.84,137.75
18.81,137.75
13.76,102.46
14.5,108.5
5.28,65.18
19.14,136.18
19.91,143.53
13.41,104.24
14.12,114.23
6.75,80.3
7.43,80.96
9.88,86.06
10.73,93.58
16.5,116.62
12.3,101.4
12.01,94
4.28,59.75
13.2,105.08
17.6,124.1
14.53,115.23
5.49,73.53
6.39,79.47
9.25,83.95
7.29,80.19
18.79,129.26
19.08,133.71
9.12,85.91
8.64,77.1
11.89,95.7
5.4,63.77
9.59,94.14
9.9,84.57
14.9,118.49
2.17,49.33
18.61,131.55
1.57,55.4
6.76,79.72
1.43,52.86
6.11,69.56
5.64,72.61
7.15,79.49
18.96,132.38
17.93,131.9
18.78,134.54
12.88,109.04
16.61,123.33
1.09,48.78
18.42,130.63
6.7,79.25
1.69,45.25
5.6,68.18
12.83,99.39
19.46,141.1
18.23,130.3
2.66,49.82
2.15,45.69
17.86,120.94
11.22,88.93
3.25,50.82
2.26,46.67
16.51,124.18
19.71,137.01
2.28,53.9
17.73,128.03
15.5,113.39
14.97,110.04
14.03,113.71
1.55,49.74
10.34,93.65
10.49,93.14
9.16,80.51
10.95,89.9
17.45,128.4
6.92,77.62
19.07,135.07
8.05,82.65
19.95,134.56
19.01,137.98
8.72,79.95
8.46,85.06
5,69.09
13.45,112.14
11.92,94.64
7.92,77.57
16.51,127.01
4.63,68.54
16,113.5
9.69,92.86
14.3,116.46
4.37,59.22
13.97,113.57
1.08,45.44
14.74,108.6
15.57,112.52
15.11,112.72
11.76,94.73
18.78,130.91
12.8,108.01
13.92,115.76
7.12,77.18
12.41,103.99
4.83,59.62
12.67,101.79
15.48,117.81
1.63,49.96
8.12,84.18
2.18,56.83
14.28,113.67
5.76,66.7
7.17,69.88
15.24,111.09
12.23,102.85
9.24,82.71
15.92,124.55
5.31,69.35
4.33,66.07
4.89,58.93
11.99,106.45
6.76,76.75
8.92,80.94
14.57,117.85
9.93,89.26
6.49,74.92
15.57,119.09
11.26,95.4
7.33,77.58
2.01,49.15
14.96,111.78
8.66,86.77
12.95,103.09
17.94,125.7
15.71,121.68
14.11,106.04
4.74,68.95
5,71.07
10.11,88.29
16.05,115.49
7.81,72.95
1.35,44.33
2.84,58.56
5.86,73.8
7.3,78.97
5.45,70.67
7.53,82.07
15.18,108.43
19.27,137.86
16.31,116.28
11.38,93.67
16.61,124.11
15.46,117.74
13.2,104.52
2.62,56.75
10.9,90.34
6,67.36
7.77,77.52
3.97,66.09
15.53,115.45
14.07,103.66
16.66,124.04
17.01,122.01
11.81,105.4
18.49,132.32
11.48,94.53
10.47,88.16
2.3,58.09
16.25,116.84
17.28,120.85
9.5,92.95
7.79,75.25
14.99,110.33
17.41,130.54
19.83,139.27
3.59,63.12
12.37,99.14
6.9,81.88
14.95,115.64
4.39,69.93
19.45,128.72
4.18,62.75
5.09,60.8
12.44,101.34
13.95,107.72
2.29,51.09
17.29,128.47
19.26,130.63
13.48,104.81
11.52,93.94
5.27,62.01
3.73,57.37
2.65,57.07
3.5,63.4
12.38,94.72
2.63,49.83
18.23,125.82
3.69,62.78
17.34,118.42
6.63,71.28
12.14,98.91
9.37,87
14.02,116.29
4.71,70.75
5.41,64.63
17.95,122.4
2.12,56.95
6.01,73.27
1.1,41.39
13.91,111.87
2.82,49.17
1.13,43.32
17.15,128.01
8.95,85.28
4.28,62.85
14.87,111.17
11.12,93.94
2.78,56.76
8.19,79.84
3.39,60.18
19.97,142.53
16.19,122.97
6.2,77.08
13.82,109.85
1.65,47.89
6.69,75.37
19.27,130.64
17.3,125.11
5.74,68.05
8.47,83.31
9.98,92.82
4.48,65.39
7.94,77.45
2.88,49.32
9.82,92.07
1.41,45.35
16.57,118.04
13.31,105.53
5.32,72.19
5.93,63.94
13.96,102.61
6.52,76.79
1.21,42.09
15.45,109.98
17.79,122.83
18.39,127.03
13.48,102.11
13.16,104.12
15.37,120.26
10.16,91.71
11.36,99.83
7.75,77.44
17.86,133.96
6,70.62
17.25,129.06
12.48,94.91
6.42,72.19
18.17,134.95
3.62,55.12
1.72,50.48
17.32,124.08
6.46,66.8
4.82,58.53
15.97,112.83
4.92,63.84
5.19,64.8
6.78,71.45
16.25,115.95
14.72,114.28
18.56,135.76
13.77,106.99
19.94,140.48
1.16,49.95
7.53,73.5
6.95,69.8
5.14,61.97
12.57,105.5
6.03,66.32
3.99,66.86
1.33,43.09
1.85,46.4
5.67,75.18
10.54,87.87
5.58,70.49
4.26,58.65
7.91,79.54
15.64,121.54
9.16,85.38
17.05,124.29
15.61,110.15
12.14,98.75
1.56,55.55
18.03,134.52
2.06,55.5
4.02,67.7
9,80.87
9.13,81.87
9.4,83.37
19.55,131.97
15.31,110.01
8.85,77.69
15.55,112.99
16.59,123.8
12.35,104.81
12.68,104.96
6.51,70.88
2.62,56.79
8.73,82.38
16.42,115.78
7.13,81.28
8.86,89.28
16.12,113.53
7.47,74.04
13.3,107.14
13.25,103.04
12.85,108.02
19.06,133.05
15.62,122.26
2.35,47.64
18.06,124.39
19.38,133.6
19.45,133.75
1.29,48.38
10.23,94.59
15.69,120.74
4.42,61.95
14.5,114.85
13.18,108.47
12.33,104.25
13.39,109.42
10.52,89.85
7.46,77.9
12.72,101.01
9.86,82.48
7.64,83.31
9.22,86.72
8.23,87.37
16.75,127.16
13.55,108.24
12.52,107.11
11.03,93.35
4.72,60.81
8.89,82.26
4.04,57.26
16.89,129.57
4.8,68.31
12.76,97.52
12.28,102.61
11.88,101.78
8.61,78.51
2.13,46.07
1.11,49.67
4.01,55.9
16.86,126.37
8.26,81.89
6.9,71.04
3.86,67.15
8.43,75.75
9.95,94.48
5.91,73.5
11.07,88.19
19.77,131.53
3.82,61.13
6.29,68.12
6.83,78.86
11.82,101.81
4.52,63.69
3.38,60.02
9.27,88.84
18.32,130.59
12.8,109.96
7.54,84.25
1.84,53.39
5.57,67.3
8.61,90.1
11.36,98.49
19.51,137.62
13.66,111.24
7.08,77.74
10.35,98.39
13.09,100.57
9.07,78.55
6.46,71.36
1.02,48.19
4.28,55.61
18.77,126.15
18.01,129.93
13.47,110.9
18.85,138.86
13.75,112.89
6.77,67.61
7.32,76.43
6.61,72.99
16.91,129.45
9.35,83.07
11.15,92.33
14.42,114.48
17.52,121.73
10.6,92.27
11.4,101.96
4.04,59.05
15,114.78
16.22,114.63
8.58,79.45
18.02,128.5
2.2,56.2
17.33,127.52
13.07,108.75
9.49,91.18
2.11,49.95
17.98,125.68
18.28,123.75
19.81,137.03
5.96,68.65
11.57,104.34
8.23,87.53
1.28,49.84
2.87,57.2
1.23,44.18
18.61,128.21
6.72,71.29
5.77,68.36
7.14,72.5
4.28,61.56
5,68.47
16.92,116.36
3.75,64.78
7.15,69.35
6.49,77.88
8.79,84.01
14.98,117.4
16.59,119.64
4.48,64.96
15.36,111.78
6.37,74.65
16.17,121.41
17.53,126.97
10.89,100.54
11.08,95.01
7.94,77.24
4.73,58.66
13.15,103.66
14.96,117.92
14.06,107.07
14.92,111.95
12.01,98.66
18.44,124.12
17.93,133.57
18.85,136.43
8.57,87.35
9.39,81.55
15.73,119.22
13.28,110.16
12.63,101.86
17.98,131.66
7.43,76.82
17,124.54
17.67,124.6
6.4,68
3.14,63.42
15.79,110.96
10.22,97.19
11.52,99.79
7.03,74.56
8.33,80.86
13.7,102.67
8.58,81.2
16.62,118.08
1.04,51.58
14.66,117.18
8.68,87.95
18.47,124.54
8.88,85.62
18.51,124.97
10.31,97.93
18.4,129.29
5.04,71.56
6.66,76.13
13.81,114.99
11.06,101.3
9.59,88.73
4.06,60.12
3.68,55.11
3,50.58
13.1,106.71
10.24,97.88
12.97,97.54
13.15,105.17
1.16,43.99
2.78,51.6
3.44,54.46
12.7,109.02
3.82,59.12
13.15,99.68
17.84,131.67
13.53,108.84
18.04,135.15
9.07,80.84
14.93,111.39
19.94,136.65
12,99.97
1.28,49.3
14.65,108.58
14.91,109.94
11.36,96.78
13.7,112.14
2.03,58.1
18.78,129.34
1.55,46.42
12.13,103.47
8.15,80.61
11.32,100.42
6.84,71.17
19.26,132.79
7.06,77.93
2.33,48.34
4.49,57.68
17.25,121.56
8.51,87.17
3.57,64.67
15.75,111.8
17.61,122.66
4.77,61.38
16.21,126.74
12.84,102.9
13.65,112.13
18.28,135.05
14.67,117.37
2.85,58.31
5.28,65.99
3.26,63.45
2.94,60.47
3.58,53.93
1.27,48.76
19.31,136.49
10.29,87.58
6.32,71.06
17.95,124.79
11.88,94.37
7.43,72.45
1.57,44.18
17.37,126.89
16.71,121.11
9.16,84.59
10.69,92.07
12.87,110.33
9.22,92.88
2.38,54.47
9.5,91.22
19.04,137.85
6.79,68.85
3.58,54.15
9.8,92.06
17.28,119.41
6.02,75.05
17.75,126.45
13.83,112.22
12.57,97.62
1.95,58.32
12.76,98.45
12.71,99.75
10.88,90.11
13.12,107.32
4.15,58.63
9.72,86.46
11.9,97.32
17.68,121.32
3.34,60.47
11.65,104.87
17.25,122.48
9.38,83.39
19.32,132.52
6.97,70.74
16.11,119.04
2.47,47.21
18.77,138.86
6.99,80.89
5.29,69.33
4.62,69.21
15.57,114.51
16.95,123.49
5.78,68.19
14.72,107.04
4.8,58.21
13.09,97.98
18.65,137.33
7.59,80.1
7.18,81.26
1.55,46.61
15.48,115.37
19.72,135.84
14.87,118.74
7.34,79.26
1.17,43.07
12.86,102.7
9.85,94.93
12.12,95.29
16.21,125.97
9.58,81.24
16.58,121.27
12.03,96.67
2.35,49.13
6.79,68.52
18.19,131.01
5.38,67.2
6.79,78.68
9.15,88.69
2.1,59.07
5.32,70.52
2.72,49.73
11.47,93.7
2.06,54.61
1.4,47.72
10.35,98.52
5.97,68.15
3.63,59.92
3.15,51.47
5.34,73.87
14.61,115.39
17.09,130.88
13.5,102.3
13.73,103.87
13.19,108.96
13.83,110.03
8.21,74.53
13.22,100.75
13.55,103.82
11.1,89.62
16.2,123.51
1.95,49.77
18.55,137.8
1.27,52.14
15.85,118.26
6.73,71.24
2.14,56.27
10.49,97.92
8.18,78.12
11.63,94.21
9.25,80.97
1.83,46.06
1.03,43.01
16.08,117.65
14.7,110.87
2.75,50.02
18.17,134.26
13.4,111.59
15.97,118.55
1.18,54.45
19.27,132.39
3.72,63.17
17.97,126.93
8.85,90.66
15.93,122.96
3.4,55.8
4.73,68.21
7.2,72.34
3.54,63.16
12.81,100.32
12.01,100.04
3.66,59
13.16,107.45
18.66,125.88
15.87,123.17
8.4,75.42
17.27,120.6
11.64,94.12
17.18,128.52
7.47,75.79
12.48,97.08
19.58,139.84
18,124.06
8.41,81.44
13.22,111.94
4.05,63.93
4.04,63.78
6.32,70.78
13.3,104.43
19.33,135.65
8.89,86.04
3.34,63.41
10.46,90.75
6.9,69.2
13.31,101.02
5.54,61.66
17.82,132.92
4.32,67.33
2.43,53.1
16.29,123.17
5.3,70.25
8.51,87.86
9.83,93.09
7.09,81.11
17.93,128.86
6.6,76.42
15.61,120.45
17.75,131.15
15.19,108.95
3.06,63.3
2.42,56.71
6.09,70.04
1.16,52.86
5.36,68.98
17.38,119.9
17.04,117.14
8.73,87.53
6.05,70.47
11.92,103.95
6.18,71.18
13.63,112.89
18.29,134.02
10.64,98.28
1.75,43.52
6.53,67.9
12.76,96.36
1.03,50.32
16.02,122.2
13.95,105.81
3.07,50.56
19.17,129.63
10.19,90.87
11.2,97.94
13.62,107.64
13.32,110.86
7.67,77.75
12.2,99.42
5.81,63.97
17.55,119.63
13.81,101.46
13.27,100.87
9.74,91.08
8.14,80.67
8.08,84.51
18.85,132.14
5.43,62.88
13.12,101.91
8.66,82.14
16.14,121.86
9.28,86.02
18.55,135.75
19.49,136.99
12.7,101.95
5.18,68.37
13.9,112.95
11.78,96.89
3.98,62.8
4.89,69.93
5.26,62.87
15.89,124.43
3.79,55.29
10,91.16
15.54,116.3
19.71,131.54
4.71,69.52
8.2,75.88
14.58,116.55
15.44,116.26
1.4,48.28
4.04,59.59
7.24,73.88
4.85,70.15
19.92,140.25
8.18,84.47
13.35,101.61
19.92,135.33
19.92,133.84
3.99,55.45
15.71,115.85
6.96,72.13
11.8,91.78
5.65,71.43
8.88,89.79
11.17,92.73
8.83,82.39
17.63,122.93
16.09,113.93
15.57,113.65
4.11,58.96
9.68,82.16
16.89,126.69
4.5,66.02
10.61,98.76
2.19,48.62
13.9,103.6
4.41,62.78
12.05,102.99
15.04,117.41
10.42,85.44
7.19,79.89
14.72,108.13
12.82,110
12.97,103.04
3.87,63.2
10.29,86.83
17.6,131.04
1.81,47.08
14.83,110.49
1.49,51.58
9.01,84.19
2.37,51.32
2.4,54.77
14.81,110.86
10.85,91.19
10.62,91.44
7.87,76.72
5.07,63.16
3.06,52.45
19.38,139.45
19,129.34
12.94,108.03
1.24,47.82
12.56,108.88
4.96,62.16
5.4,64.17
18.48,124.35
3.37,53.97
4.63,65.45
7.19,83.05
4.7,67.86
2.42,47.24
2.44,60.5
10.1,87.14
10.43,91.82
10.79,93.7
9.62,83.72
2.28,51.03
5.01,71.24
19.04,130.56
8.79,78.72
3.44,59.75
14.2,107.67
12.11,97.96
9.16,87.1
11.01,94.54
7.3,81.62
18.22,123.92
3.01,57.28
9.25,79.68
8.61,79.81
11.69,92.83
13.7,114.65
3.25,63.64
15.43,111.62
11.66,99.25
7.1,71.83
1.91,44.23
7.44,76
15.8,124.49
8.42,86.9
6.84,75.04
9.48,90.7
15.91,121.13
6.51,71.26
7.22,79.37
17.89,132.31
19.51,141.2
6.61,69.94
18.55,127.64
18.14,122.5
1.3,44.56
3.52,57.81
13.38,99.32
18.02,124.73
12.63,106.67
8.19,84.14
9.99,89.73
1.18,54.55
11.87,105.49
13.75,106.19
14.93,116.36
10.17,89.42
4.69,64.86
15.06,115.78
9.58,93.32
16.87,121.77
19.33,136.69
5.54,66.48
18.64,129.93
17.41,129.6
11.8,91.72
8.6,86.89
13.48,107.51
9.44,88.16
4.97,59.8
10.41,88.19
11.52,99.99
3.96,55.41
5.65,65.36
3.11,63.64
10.51,86.95
14.48,114.58
3.6,55.13
5.5,63.89
4.71,60.57
4.67,69.28
14.44,109.32
4.18,64.37
7.09,78.45
3.42,62.15
14.54,107.27
5.01,61.97
1.4,50.61
7.39,83.21
14.8,116.66
5.19,64.7
14.21,103.29
12.93,107.23
7.46,76.01
18.62,134.91
2.84,59.77
6.48,67.47
13.72,102.14
2.76,51.56
15.32,115.99
8.39,79.95
4.42,63
9.94,85.78
14.19,113.3
18.18,132.26
16.53,119.38
12.11,104.77
10.3,90.23
13.29,107.22
9.72,89.89
6.96,76.2
12.53,105.41
1.12,42.03
13.77,114.71
6.57,72.57
2.4,55.01
10.71,91.7
15.92,114.13
3.45,62.98
9.74,87.96
4.68,61.49
6.2,76.08
9,88.33
4.15,67.96
15.72,123.17
9.69,85.92
12.44,104.7
1.5,54.52
13.48,105.01
10.69,90.23
12.2,98.38
5.32,62.34
14.86,111.96
15.84,118.41
5.64,64.77
11.16,95.85
19.82,134.25
9.18,84.55
13.37,105.27
16.85,128.86
19.53,137.06
8.16,74.62
4.86,72.16
19.72,134.64
1.07,43.49
11.59,101.94
10.57,88.72
19.78,131.35
5.46,65.46
10.46,95.29
2.48,49.5
9.76,95.31
11.17,92.68
4.8,70.8
18.1,129.23
9.21,86.68
4.11,54.74
7.41,73.83
14.86,117.34
9.38,87.71
6,77.13
15.55,121.79
5.99,69.58
19.21,131.21
4.18,60.21
7.55,71.59
2.8,52.22
3.12,50.5
10.89,97.39
2.4,56.14
10.41,94.64
14.79,115.09
4.97,70.89
11.2,94.74
19.94,132.87
13.91,103.33
3,58.61
13.64,104.48
16.11,118.94
11.8,94.67
12.85,100.48
16.37,123.51
19.27,135.36
14.02,106.27
2.77,61.3
3.28,58.47
9.88,93.22
6.9,81.27
18.72,128.97
5.76,64.63
1.47,52.95
6.98,81.96
13.38,104.67
7.91,78.63
14.96,107.38
2.46,49.48
13.39,100.42
9.65,82.12
11.44,101.36
14.51,111.67
17.17,119.31
19.73,141.69
11.47,100.5
12.55,106.88
3.09,61.24
16.83,128.6
1.68,56.85
6.48,70.04
10.09,84.39
11.41,90.89
8.9,90.62
11.82,95.51
5.83,66.6
18.6,129.41
18.72,130.96
1.83,54.37
17.11,123.57
18.05,128.16
4.48,66.81
17.5,126.32
9.91,87.15
14.63,109.53
9.63,91.63
17.54,126.5
12.69,103.06
10.14,93.28
17.67,120.58
19.27,131.45
8.3,83.92
18.94,139.24
8.37,81.55
17.5,124.32
12.19,106.3
13.48,110.35
10.57,85.75
4.26,69.08
14.12,104.52
8.84,89.87
18.29,132.05
13.53,105.52
11.33,95.25
1.12,41.95
17.37,125.68
19.93,142.18
19.06,133.38
6.85,69.9
8.51,83.59
14.25,117.01
1.61,48.25
13.29,107.71
7.77,85.51
9.05,91.2
8.79,89.67
10.65,89.58
5.44,74.95
12.06,105.35
4.78,63.39
11.34,100.1
16.44,121.53
5.63,65.51
16.46,119.89
18.01,125.5
13.12,98.68
8.05,79.16
12.21,103.31
16.69,122.23
6.46,67.49
7.84,84.22
5.07,69.18
13.73,114.73
9.75,90.39
17.96,124.63
19.41,140.84
2.77,56.08
17.71,126.79
2.96,58.84
15.97,117.98
13.58,110.66
1.04,52.67
2.1,55.96
3.41,58.23
14.91,110.8
11.38,92
11.33,103.12
13.24,98.91
13.23,108.69
16.74,116.31
4.3,69.25
14.22,108.07
5.36,73.74
18.35,134.93
16.24,113.37
13.17,112.19
13.19,110.88
11.98,102.6
5.83,70.18
19.26,132.44
10.16,90.24
2.64,61.1
7.94,78.63
4.67,67.44
5.77,64.15
15.79,118.11
7.38,82.35
13.8,114.86
3.08,61.46
9.88,86.25
8.52,88.93
2.74,60.23
18.98,127.94
13.48,110.02
15.93,115.18
17.4,129.1
15.6,123.14
11.7,97.29
1.86,55.93
6.87,68.27
8.49,86.47
19.13,137.88
12.74,109.11
13.35,112.36
9.83,92.49
16.21,120.49
15.58,121.17
16.49,117.46
15.56,121.68
14.98,118.6
16.29,126.6
2.1,45.62
17.42,121.85
7.38,80.37
12.98,110.24
8.42,83.51
1.98,49.82
4.88,62.9
12.17,100.45
16.7,119.62
12.53,103.81
17.57,127.72
12.94,109.21
9.31,89.53
8.01,80.43
10.74,94.11
16.05,122.99
5.23,66.4
12.77,100.57
9.86,82.64
19.93,143.49
16.04,117.82
6.33,74.17
11.98,95.4
3.65,54.72
17.27,118.21
9.09,92.35
7.58,78.21
10.86,87.65
11.22,92.17
2.93,56
17.91,121.14
11.6,93.42
10.27,86.01
9.78,91.41
14.69,116.14
17.09,129.89
16.55,127.81
5.11,62.42
7.25,72.39
10.44,95.33
17.08,129.43
8.37,86.85
12.22,99.58
16.32,114.05
13.34,101.84
8.37,79.42
19.49,129.35
5.54,74.49
9.31,80.83
8.58,81.28
11.75,97.67
14.57,115.91
14.88,106.46
2.38,58.04
18.37,131.95
5.02,63.65
7.79,81.33
11.25,98.93
13.8,111.75
14.05,107.9
5.91,68.29
14.89,111.97
2.32,47.8
6.71,80.48
3.04,52.98
1.28,53.84
4.31,66.26
19.19,128.91
15.06,117.94
3.68,55.83
19.88,138.1
4.09,59.04
8.65,88.85
10.57,94.86
8.02,86.91
4.51,60.91
16.27,124.76
14.52,108.2
14.13,106.78
11.19,96.12
19.77,135.63
9.97,87.86
8.98,84.95
15.55,114.34
1.25,52.48
16.04,113.94
9.16,87.43
11.59,95.33
9.51,82.28
10.18,86.96
3.93,63.3
3.87,64.93
13.88,104.19
19.77,135.19
11.49,93.99
2.3,48.62
1.42,45.75
10.72,90.44
17.75,128.56
3.94,61.67
13.69,102.97
9.97,87.47
6.48,67.39
18.72,128.92
8.86,87.87
5.88,70.15
4.93,67.99
6.08,73.83
5.28,64.94
6.64,70.98
11.83,98.22
7.58,81.17
12.51,101.25
9.6,91.88
16.95,118.74
19.41,137.95
15.76,112.85
14.45,112.37
16.95,129.6
3.88,58.47
13.77,101.5
4.47,57.35
8.78,88.97
1.79,50.42
15.16,115.96
9.63,88.64
17.45,130.6
3.81,55.02
12.19,98.74
4.65,63.18
6.28,71.24
17.74,126.42
7.93,81.06
2.97,58.47
11.55,100.87
8.71,89.94
1.93,46.51
4.76,58.36
7.63,75.25
16.39,120.93
10.3,93.72
7.71,80.92
15.51,110.58
12.01,103.51
6.19,70.88
4.89,63.25
17.79,131.1
8.43,78.93
8.78,84.93
7.49,76.49
3.1,59.77
5.12,70.28
16.64,117.62
16.5,114.7
6.94,69.71
15.02,119.12
13.58,109.42
19.32,130.23
16,118.13
2.42,49.93
8.87,90.22
11.35,91.86
1.9,53.48
16.74,119.69
17.01,125.83
4.46,64.88
8.29,84.44
9.2,90.23
14.82,107.42
3.45,54.36
6.56,76.26
16.53,119.31
9,79.11
7.41,80.85
13.82,113.79
8.54,80.96
5.2,72.71
17.02,117.42
17.37,129.55
7.64,80.21
11.43,101.14
9.81,83.84
9.69,84.2
5.31,63.95
18.97,135.72
16.36,116.1
19.71,136.97
17.53,127.74
17.67,130.44
12.4,107.14
7.68,85.33
13.08,101.18
7.74,79.2
6.88,77.11
3.36,64.38
18.85,137.95
7.94,77.73
2.96,60.55
12.69,100.88
3.04,58.42
3.23,60.7
2.95,51.36
15.94,114.25
11.34,89.6
2.81,48.65
19.21,131.27
19.18,139.37
4.99,62.87
18.68,133.24
14.9,108.47
7.34,70.86
8.81,86.53
2.57,60.57
2.8,55.84
7.58,84.79
18.21,132.24
7.33,81.83
16.92,127.5
16.17,119.06
7.04,78.45
2.74,54.94
14.21,110.6
16.77,122.39
17.46,120.37
10.81,87.71
10.03,86.16
14.17,105.37
8.72,79.54
9.45,90.98
10.71,88.73
7.48,76.82
15.87,118.03
3.62,59.63
8.98,82.75
16.69,118.11
10.42,92.77
16.91,119.4
4.29,59.21
10.75,90.69
13.91,110.83
3.54,59.75
10.21,85.24
3.07,57.14
8.49,83.1
3.83,57.12
10.58,94.5
10.37,96.12
5.31,64.49
11.07,90.84
16.79,121.9
8.13,80.89
5.01,62.92
5.86,72.81
16.82,117.68
15.3,114.2
2,45.48
5.87,73.01
6.35,72.21
4.6,63.84
13.76,107.55
17.04,121.79
6.75,78.8
18.12,133.5
2.06,53.99
19.22,129.44
13.02,103.04
13.51,106.35
9.1,82.8
5.23,69.91
4.63,69.03
10.45,93.88
14.63,116.42
16.42,127.75
19.36,136.81
5.69,69.66
7.94,81.24
3.55,56.36
5.07,68.75
17.42,129.87
8.87,83.26
7.26,78.17
19.32,140.55
12.17,99.75
18.68,136.02
11.81,98.42
17.05,117.7
18.08,126.52
14.9,114.44
4.42,67.67
5.13,63.89
6.64,70.95
9.13,81.76
11.94,103.37
12.84,98.67
17.85,131
15.73,119.52
19.97,139.09
11.31,93.11
15.84,123.76
7.48,82.05
2.46,55.87
9.91,89.55
6.94,76.9
10.19,88.58
4.72,63.88
6.53,77.03
2.09,52.84
13.2,104.7
13.88,113.68
19.88,133.17
13.82,104.78
18.87,135.65
15.74,112.05
13.62,103.85
11.61,96.79
2.99,63.12
10.16,86.63
16.49,126.42
6.63,68.8
14.09,107.41
3.76,53.61
1.42,52.98
19.05,129.82
12.73,98.59
18.15,135.74
17.49,130.19
3.63,60.76
1.76,47.01
18.58,124.35
4.83,60.09
18.89,136.31
10.41,97.19
10.01,90.73
14.59,118.04
12.63,99.22
8.42,76.72
15.59,119.07
16.65,124.86
2.89,54.48
16.05,112.28
13.66,114.08
17.42,132.05
8.42,85.09
11.08,90.06
4.1,55.42
12.54,105.64
13.5,110.57
12.68,106.09
14.21,109.74
2.46,52.56
5.25,73.32
19.24,132.37
5.88,66.75
14.02,106.76
7.34,73.5
9.22,84.43
7.4,71.51
13.96,111.48
15.2,109.05
4.77,65.07
13.52,112.11
18.32,128.63
3.6,58.99
8.47,83.89
15.06,109.16
17.87,122.02
6.68,78.23
2.86,51.14
5.92,72.54
4.37,69.41
4.49,57.65
13.02,103.09
5.51,74.19
2.83,62.3
14.83,119.4
3.99,65.44
1.68,43.11
14.71,119.03
10.69,87
12.2,96.95
4,55.85
5.04,69.63
4.97,60.19
16.81,127.4
17.58,127.6
9.47,87.19
17.77,126.12
6.99,69.07
13.2,105.33
19.26,140.18
2.03,46.38
17.14,127.08
8,85.54
5.26,70.88
12.65,106.61
16.01,115.42
9.56,86.18
4.71,60.14
11.01,98.03
10.85,99.92
13.36,108.6
5.12,63.05
8,85.53
5.39,74.55
15.8,114.15
4.98,66.22
13.39,100.15
1.85,45.9
4.55,67.74
4.47,66.01
19.72,131.17
8.78,90.52
2.36,50
2.06,47.82
1.58,45.85
16.98,119.95
12.37,100.39
16.07,114.13
6.34,68.09
19.22,136.78
16.77,128.38
17.18,129.95
13.35,111.55
16.98,121.43
9.98,96.09
18.87,127.2
17.5,127.67
14.12,108.9
9.16,86.11
2.8,57.69
14.29,114.66
16.43,126.76
4.31,59.12
2.07,52.78
19.32,131.77
18.19,127.55
18.66,134.84
19.53,130.22
8.21,79.32
13.65,111.78
13.55,106.36
8.94,91.42
4.93,59.13
14.38,111.87
17.82,124.06
14.09,107.96
14.62,108.25
15.68,114.55
6.52,72.09
9.85,88.08
9.82,84.98
6.79,68.31
4.12,58.31
15.21,111.74
8.13,85.68
6.18,68.13
13.16,102.26
3.16,59.26
13.33,101.98
7.64,84.96
15.31,108.6
6.6,69.91
9.91,96.28
8.42,75.83
6.92,69.84
2.14,47.12
11.08,89.83
5.21,66.57
11.93,98.45
8.86,84.45
8.13,79.14
15.15,117.44
15.27,113.08
2.98,50.78
11.38,91.9
7.73,86.03
6.7,76.81
9.46,81.65
11.37,91.98
13.59,114.05
2.06,50.81
9.63,90.42
12.7,100.94
11.37,91.67
3.98,63.33
6.63,79.76
7.1,77.77
10.36,90.62
16,116.92
1.84,54.79
19.1,127.02
6.18,76.61
15.18,116.24
15.31,120.34
15.06,114.81
18.38,127.95
16.09,116.39
17.01,122.92
17.65,125.05
19.96,136.19
17.25,126.92
16.12,122.26
7.76,85
5.85,76.67
1.04,40.3
4.18,64.17
12.88,97.98
10.28,90.6
6.05,70.01
18.25,128.39
1.88,50.45
16.17,119.73
5.76,70.92
19.94,137.44
4.24,66.51
3.37,54.36
11.84,99.62
8.44,75.6
16.73,117.93
2.89,51.01
2.72,60.07
6.4,68.37
1.49,52.82
5.06,65.77
19.7,133.18
13.88,111.59
13.63,113.84
6.61,69.38
12.45,95.42
6.09,67.66
2.17,50.32
6.73,74.29
3.97,66.68
13.18,98.37
6.45,66.58
8.99,78.74
4.95,63.14
15.91,116.94
7.02,77.51
10.26,89.22
19.66,137.31
18.28,132.3
19.94,140.49
14.59,109.78
10.14,87.88
12.09,103.47
16.46,126.98
14.93,117.66
8.95,86.47
4.41,68.85
10.24,94.14
18.89,139.35
19.28,137.55
13.08,108.86
7.95,78.62
4.38,60.82
6.55,69.48
11.02,91.83
13.3,112.62
14.19,105.63
19.42,140.48
9.56,87.97
8.52,83.62
9.56,87.02
3.21,64.18
14.7,118.36
8.29,75.77
14.57,112.83
8.84,81.43
8.28,80.3
15.11,120
19.64,134.99
18.1,128.36
11.14,95.15
9.07,89.16
4.78,60.74
12.48,97.53
19.11,134.61
10.1,88.99
6.96,76.45
19.29,137.81
2.07,48.62
3.63,61.22
3.24,59.99
2.38,48.29
3.86,64.18
14.68,107.13
8.99,82.41
15.16,121.07
1.17,44.22
7.47,79.38
10.93,89.61
8.13,81.61
15.33,115.14
9.33,90.42
1.21,41.89
12.84,109.76
2.05,47.56
3.14,57.69
17.35,124.5
18.27,126.35
13.15,111.34
6.22,67.7
17.12,124.81
14.67,115.44
3.14,58.81
12.58,106
6.45,66.8
14.79,107.88
2.8,52.53
7.68,73.23
2.12,53.51
14.61,106.35
13.66,114.15
17.6,128.07
19.57,132.82
7.49,78.79
3.48,59.02
2.62,53.34
9.47,86.23
13.7,103.38
2.55,55.57
13.32,99.99
9.38,82.89
11.48,90.85
16.08,120.82
19.99,144.92
16.23,120.5
16.47,114.78
18.39,135.37
4.6,60.9
16.82,127.51
5.6,73.24
10.13,91.85
11.16,90.72
5.19,73.26
8.42,77.94
5.37,63.63
2.49,47.87
6.01,65.8
4.85,62.13
5.71,70.01
17.45,121.39
8.82,78.72
9.4,81.44
18.21,124.76
1.63,51.22
3.24,51.52
18.81,134.95
3.4,61.79
14.47,118.17
1.18,54.39
13.11,110.59
19.09,133.62
14.74,118.02
7.86,82.24
10.13,92.99
9.22,88.87
3.62,59.94
17.89,123.81
2.48,59.06
16.6,117.33
12.02,97.06
17.23,119.96
4.91,69.18
2.57,49.1
8.52,84.01
10.06,84.3
3.15,63.52
14.66,113
12.6,99.64
13.67,113.32
13.18,112.18
18.13,124.51
14.42,105.12
2.2,53.78
3.9,59.56
18.49,127.24
4.96,69.55
8.39,83.41
6.31,71.87
18.88,130.67
2.66,58.75
3.2,58.37
10.06,87.9
2.51,52.97
19.42,138.8
9.42,82.62
8.46,88.19
15.94,120.79
4.11,67.5
12.22,103.54
1.97,46.91
11.31,98.9
10.5,98.92
8.58,77.03
17.03,119.14
17.58,127.87
19.6,137.01
5.69,70.57
7.43,76.26
13.57,103.32
5.44,65.63
6.35,66.66
18.06,134.62
16.12,116.65
16.34,118.69
19.18,138.4
3.1,63.45
3,61.37
5.56,69.34
17.88,129.16
1.69,44.47
12.89,104.33
19.39,128.61
1.37,41.58
5.98,76.86
4.25,56.39
1.75,53.3
2.89,56.23
15.64,117.08
5.14,70.61
13.09,110.26
10.01,95.73
12.82,96.74
2.93,50.8
8.89,88.74
4.62,63.45
9.54,86.02
11.02,92.46
13.47,106
8.81,83.51
15.54,111.13
8.45,76.67
5.3,64.08
3.74,61.91
2.5,60.29
18.46,127.61
7.72,72.36
6.4,76.47
16.74,128.19
3,61.68
5.14,68.33
19.34,129.86
3.42,51.65
10.16,93.4
7.61,74.38
5.3,65.04
7.06,75.37
4.53,62.29
16.9,129.74
19.82,141.85
7.54,77.95
7.51,78.43
7.94,80
7.78,85.45
18.63,133.87
15.59,117.06
1.79,51.89
4.84,64.95
11.79,104.68
19.5,140.28
1.96,55.96
2.88,60.37
7.56,84.47
10.35,87.2
3.22,57.13
11.28,100.25
11.28,92
10.7,96.59
15.83,113.11
10.29,94.38
2.32,55.59
16.53,120.74
10.2,96.76
5.15,66.88
14.71,118.57
2.19,52.49
10.02,96.98
10.31,96.67
5.21,72.29
7.28,78.4
10.79,87.43
1.52,48.6
2.83,50.06
1.45,50.87
8.8,91.21
6.81,70.1
7.78,82.1
2.17,47.25
7.56,77.27
13.51,107.75
19.86,139.81
8.38,88.21
1.64,50.15
14.11,105.09
6.27,79.03
16.12,124.4
13.99,110.44
1.16,40.77
17.92,122.01
2.14,52.27
15.65,112.44
5.98,65.76
17.07,129.66
8.33,88.79
12.94,105.71
10.42,88.2
5.51,72.23
4.19,67.53
17.05,121.95
16.51,116.9
16.12,118.11
2.21,47.69
10.07,92.71
8.06,87.12
5.89,75.54
8.15,75.43
2.54,60.23
13.14,101.44
11.38,101.81
15.32,115.32
11.28,97.54
1.61,47.73
15.57,119.15
4.76,67.02
14.82,114.88
16.49,116.48
1.24,49.71
8.33,84.71
19.15,133.54
7.31,70.41
19.7,132.15
6.83,77.63
5.97,73.63
11.38,101.09
8.99,85.61
4.93,60.15
10.36,86.81
18.03,122.59
7.54,81.63
17.17,117.8
4.89,65.96
9.74,83.14
3.22,57.98
2.78,58.61
8.17,85.94
9.24,82.29
6.89,75.83
15.52,111.37
18.8,126.16
18.53,124.18
8.3,78.14
17.43,123.48
2.82,57.86
1.89,54.81
4.52,60.07
2.51,51.44
10.57,92.39
7.72,82.62
5.77,68.76
12.31,101.32
4.97,62.19
11.41,100.82
18.63,130.44
5.55,71.47
9.27,89.17
11.16,98.8
6.81,77.65
18.59,134.15
4.17,57.79
15.61,111.13
19.25,131.6
8.84,82.21
11.51,103.74
18.59,133.52
10.69,100.16
8.18,78.64
3.24,61.65
17.63,123.77
19.7,131.64
16.24,116.35
15.95,117.53
19.54,137.57
1.15,41.68
13.64,110.62
14.77,111.95
13.86,114.83
16.05,125.4
19.23,133.63
19.72,138.89
9.27,81.21
18.9,129.53
1.13,46.08
19.52,132.28
18.91,133.22
2.49,60.09
2.86,50.21
14.81,109.61
13.71,102.68
6.04,76.05
9.32,92.83
19.85,140
14.53,112.35
5.86,64.92
8.7,83.79
3.58,57.26
19.4,130.85
11.45,100.33
3.37,52.44
17.2,117.95
12.54,103.08
5.99,76.6
7.71,74.2
14.14,106.89
17.43,124.93
16.3,126.56
13.84,113.96
8.49,89.1
3.76,57.45
8.23,83.38
1.28,53.28
1.83,43.98
9.36,89.84
6.46,69.43
9.62,90.78
1.56,44.52
2,54.71
1.8,44.97
8.05,84.5
16.61,125.83
13.19,105.71
6.9,77.17
17.89,123.36
11.63,102.26
11.92,105.92
13.32,101.41
12.97,103.32
9.55,90.56
12.26,97.45
2.18,45.76
16.05,119.34
19.71,133.62
16.03,120.42
8.15,79.31
11.13,100.46
19.24,129.76
18.23,123.96
8.87,86.42
13.66,105.75
7.07,76.43
18.59,131.46
19.9,135.43
13.77,109.59
16.22,121.61
19.96,133.62
14.98,116.73
1.35,54.66
8.64,87.28
13.59,101.33
13.84,108.91
16.17,124.11
13.42,112.93
8.51,85.17
14.39,117.82
13.81,102.37
14.47,118.42
9.64,83.71
16.35,122.47
3.64,56.77
5.63,64.41
2.03,54.05
3.32,55.24
2.68,52.19
4.18,62.93
16.91,119.92
16.32,117.06
14.4,112.35
3.89,65.65
13.72,107.47
14.72,107.95
13.5,112.65
19.36,138.2
15.11,114.02
18.65,130.49
12.55,108.81
12.96,108.85
19.78,137.48
19.77,133.37
1.67,57.01
8.04,77.18
16.4,121.71
2.62,49.51
8.01,81.89
8.74,86.29
3.31,58.54
19.25,127.86
9.35,87.24
11.12,101.19
14.32,106.02
13.4,112.91
5.45,68.8
10.74,90.09
17.28,124.66
2.03,49.32
19.45,134.06
6.78,68.91
8.74,85.99
6.4,74.3
10.2,95.52
2.46,51.89
19.45,137.86
17.47,130.58
18.49,131.5
1.97,49.41
11.8,96.04
14.81,112.14
15.25,115.24
3.87,56.64
11.3,101.97
19.89,140.77
2.63,60.77
9.81,95.61
15.84,116.89
12.92,97.6
7.13,79.46
10.84,87.71
6.02,69.81
16.98,119.51
2.53,56.46
8.03,80.58
18.34,126.2
7.69,83.94
9.87,93.9
10.59,94.98
15.37,109
9.26,80.25
13.31,99.17
11.42,95.21
8.84,78.58
16.05,121.41
14.95,111.09
16.09,125.79
17.67,121.2
5.49,64.06
19.54,136.41
11.25,95.34
12.93,103.7
4.46,59.06
6.21,64.87
5.52,70.23
1.73,53.84
19.14,130.59
1.07,41.39
9.74,89.01
3.12,51.27
18.27,131.5
3.8,54.18
13.72,107.98
10.78,97.86
7.82,75.23
15.1,119.9
16.45,127.1
18.82,137.89
7.17,72.95
13.14,98.93
14.62,109.86
15.39,120.6
2.67,57.98
11.98,100.94
6.76,69.82
1.27,43.52
11.66,104.2
11.81,92.03
12.65,98.46
14.44,109.34
9.89,82.77
12.26,99.54
13.29,103.48
8.48,84.11
7.45,81.53
12.54,102.51
1.23,42.77
3.04,60.18
7.08,71.68
17.57,119.76
8.35,86.04
12.15,97.68
15.92,118.87
12.09,103.11
16.14,122.23
16.49,119.92
15.74,122.87
16.58,126.23
14.33,112.95
17.63,133.01
5.56,66.57
16.25,119.08
18.03,128.65
3.17,60.83
2.7,59.31
9.89,94.49
5.22,66.26
12.84,107.31
2.37,49.15
7.72,74.93
2.79,59.87
1.52,46.99
9.53,85.79
16.06,124.79
16.96,124.19
12.21,102.03
10.35,91.58
9.1,83.66
17.06,118.08
12.95,109.18
16,113.44
1.46,50.26
10.94,99.79
5.64,62.72
7.91,81.89
12.78,97.05
2.6,54.66
7.82,76.42
12.51,101.26
19.23,132.8
3.42,56.07
2.4,52.65
1.31,49.59
5.92,68.51
1.75,52.28
7.32,81.89
15.53,110.09
6.26,75.43
4.95,65.05
18.1,135.13
2.08,51.11
14.34,108.57
1.89,56.18
13.44,101.66
7.04,75.82
17.08,117.87
16.84,128.73
4.62,66.05
4.51,69.69
13.5,100.5
7.85,73.6
14.92,110.1
6.96,80.92
1.8,55.5
8.55,78.4
8.01,80.66
1.01,40.92
10.43,94.43
19.36,129.41
12.16,102.35
12.6,99.66
2.08,54.93
9.18,91.67
3.5,60.52
16.64,124.41
11.64,98.19
8.49,81.74
4.17,60.58
14.08,108.02
5.04,65.58
8.88,87.16
15.38,109.78
10.45,98.07
10.09,85.64
11.07,96.62
13.49,102.4
9.78,95.74
6.2,66.72
12.28,100.77
8.95,79.43
5,71.69
10.1,89.14
9.15,91.68
16.18,117.76
2.77,57.02
15.43,110.91
15.96,115.47
10.46,87.85
6.74,70.63
14.33,109.89
3.43,63.72
4.68,57.54
16.26,114.57
5.89,65.74
4.84,65.81
18.06,122.31
2.5,54.85
10.65,97.8
9.68,93.34
12.82,110.45
14.03,103.56
14.92,113
5.66,74.51
7.73,82.24
12.86,98.98
16.14,121.57
17.21,125.53
7.7,72.92
10.86,95.55
17.07,126.12
7.4,78.36
15.2,117.36
12.66,102.62
7.01,75.18
4.29,65.53
9.68,93.99
11.98,101.73
5.93,63.79
14.72,106.6
8.92,88.83
3.38,61.64
19.51,135.12
10.56,92.27
3.28,52.42
9.49,91.61
19.16,133.02
6.38,75.21
9.95,89.53
9.61,87.11
3.92,60.42
19.53,130.27
19.11,132.92
16.82,124.29
11.37,95.81
7.71,72.62
2.97,59.85
18.47,136.43
1.42,42.52
11.96,99.7
6.85,77.23
8.16,79.62
12.07,98.2
11.04,97.71
18.13,125.41
14.08,102.6
17.08,124.47
19.33,138.96
12.16,104.25
9.88,90.87
17.62,124.47
10.1,92.74
4.07,58.44
11.94,99.16
6.8,69.14
6.26,76.12
11.6,104.48
2.01,51.74
16.17,117.8
15.52,109.65
4.79,71.62
17.42,128.8
16.19,124.71
18.97,135.45
13.63,111.72
9.61,90.77
12.57,100.64
13.2,104.12
13.65,104.19
3.18,52.87
15.59,121.63
10.69,93.23
7.46,72.39
4.28,64.49
15.34,113.07
17.8,130.19
17.23,131.31
19.59,129.23
19.93,132.85
9.1,89.36
7.06,71.71
14.55,109.17
4.58,59.66
12.16,99.33
1.36,53.91
1.2,49.23
18.71,138.55
17.8,134.25
19.07,138.5
8.33,84.43
13.93,103.71
19.73,136.03
13.97,113.2
10.15,85.93
19.95,140.05
12.71,99.47
10.73,92.11
3.35,55.25
3.49,58.19
6.02,70.58
19.09,134.83
4.62,60.53
18.07,132.44
14.53,115.4
10.82,97.86
6.6,79.15
17.77,130.75
8.03,82.24
16.75,119.18
6.27,69.97
18.9,127.52
9.16,85.13
1.63,51.31
10.77,98.99
1.63,55.08
16.67,128.72
10.96,88.63
1.68,49.7
7.56,84.54
1.16,46.94
19.83,133.35
9.68,94.88
15.2,109.48
11.25,91.62
15.59,116.61
14.75,115.09
11.42,101.22
10.18,95.04
10.5,96.42
13.7,110.08
11.82,93.74
12.86,110.51
3.34,55.52
8.2,82.51
11.05,99.23
10.36,96.56
3.96,58.13
8.23,87.6
15.01,109.57
4.83,69.03
6.7,78.26
12.97,98.3
3.12,56.98
2.84,61.49
7.81,81.99
7.11,78.42
10.36,98.49
5.18,62.51
9.82,90.05
10.65,96.34
6.39,67.23
12.12,105.05
12.79,108.33
11.05,91.86
8.5,88.98
6.05,73.11
11.54,101.85
5.94,69.7
10.6,92.63
6.58,74.1
17.77,131.22
4.1,58.46
13.03,99.4
8.11,86.9
12.23,98.08
4.07,68.15
1.43,44.44
8.82,84.64
16.66,122.43
7.04,80.16
7.44,76.11
17.05,126.82
19.81,136.36
7.26,77.07
4.44,64.28
16.19,120.18
4.33,60.79
16.87,119.74
18.09,126.63
1.97,46.89
17.63,124.25
11.13,92.02
14.99,118.66
16.18,113.56
1.61,53.01
3.2,61.33
6.1,71.59
5.85,70.29
8.44,87.17
1.17,53.76
4.21,56.46
1.85,56.83
4.16,61.16
18.72,136.58
6.3,70.58
8.95,85.61
1.31,50.47
6.12,70.26
19.89,136.11
6.29,76.59
7.44,79.41
5.64,73.42
19.21,132.5
1.3,44.62
17.59,124.92
18.48,127.1
2.46,59.17
4.05,66.65
12.66,107.42
1.09,47.85
16.9,116.58
17.09,121.25
1.81,51.92
9.91,85.22
18.91,136.02
2.59,50.95
13.68,102.38
19.6,141.76
6,77.7
17.13,127.28
17.66,131.09
3.65,64.42
2.73,52.43
19.69,138.95
2.99,50.59
11.5,95.06
14.6,106.41
18.28,127.46
6.89,77.8
14,104.76
6.84,70.51
3.9,67.68
15.6,122.97
11.4,96.32
3.19,56.26
13.92,107.63
4.29,56.04
4.72,58.72
19.55,132.19
1.99,55.36
2.02,52.26
1.59,50.95
3.61,57.69
8.31,77.55
10.56,97
18.5,136.54
8.45,84.8
3.37,62.53
5.18,67.12
3.5,56.05
10.98,98.14
13.11,104.08
17.33,122.08
2.35,48
2.41,47.46
12.54,105.65
14.36,107.86
17.11,117.48
8.62,86.55
5.78,63.32
13.04,97.95
13.11,108.71
2.47,54.34
7.53,79.48
9.15,80.32
17.44,126.9
12.04,93.39
2.01,52.22
7.9,73.29
4.81,59.31
6.81,77.3
12.31,98.57
3.36,53.51
7.92,83.8
17.8,134.05
14.18,112.99
1.81,53.63
15.17,108.56
16.65,125.12
17.26,123.34
12.99,106.76
16.89,128.57
9.54,86.68
9.78,83.46
9.33,80.12
9.98,96.25
4.22,62.64
13.6,105.24
5.11,71.2
17.98,126.2
1.82,57.47
2.85,57.83
8.57,83.02
12.6,108.65
13.69,110.08
8.81,82.66
17.88,134.72
2.62,50.25
8.13,88
12.43,97.09
4.18,59.01
5.34,69.01
15.1,114.79
4.09,66.57
14.42,113.47
14.38,113.48
8.81,86.11
1.98,58.15
14.25,107.1
1.94,51.35
5.3,64.63
9.78,94.45
2.77,56.49
12.51,106.78
13.95,114.71
8.85,83.16
19.27,128.58
5.99,74.78
13.9,103.43
3.81,66.71
3.84,64.77
1.3,41.92
12.4,105.89
7.65,77.54
6.03,66.58
7.35,80.12
14.17,104.13
4.13,60.23
19.32,138.09
7.55,79.35
15.62,114.29
1.77,45.16
11.62,104.14
16.64,117.39
5.03,63.26
8.15,87.52
18.66,127.39
1.03,42.21
6.7,73.25
19.76,134.85
15.32,118.19
4.59,62.53
16.96,130.17
8.19,80.82
1.94,51.44
4.85,66.04
3.24,55.54
16.8,119.32
1.53,52.45
12.59,99.94
3.93,61.15
6.87,71.79
5.89,70.6
15.98,113.09
6.31,71.22
4.1,66.18
3.74,59.39
16.03,116.36
1.33,48.39
13.62,112.64
14.76,115.86
1.61,46.79
6.39,69.01
7.39,76.52
15.48,115.65
15.79,119.93
17.97,132.45
3.07,56.32
4.29,58.8
9.66,86.03
8.3,84.87
6.3,71.86
15.19,114.3
15.65,111.6
3.92,62.76
6.48,73.18
4.64,70.49
13.16,108.06
18.15,124.22
6.86,79.97
10.23,90.95
18.75,132.03
8.54,85.03
13.22,102.05
11.34,96.96
1.71,53.4
11.25,92.77
18.87,134.18
4.77,70.52
5.03,63.18
15.35,121.54
5.16,65.08
10.21,91.66
15.92,113.01
14.08,106.87
14.38,109.91
5.75,68.69
3.63,53.68
5.01,60.27
10.15,90.42
2.28,52
10.84,94.6
15.2,108.71
19.14,129.54
9.82,86.11
13.37,103.05
18.23,127.79
3.42,60.73
9.79,90.97
4.42,59.17
9.21,92.28
14,110.99
9.25,81.66
18.18,129.62
9.72,91.04
18.05,123.37
6.06,73.41
16.91,121.97
2.68,48.63
7.36,81.34
16.92,121.23
2.49,52.25
6.14,72.43
8.38,84.61
16.46,115.55
10.32,85.79
1.07,44.02
12.61,104.46
15.18,119.15
4.75,69.15
17.01,123.02
17.46,123.28
10.36,95.25
17.87,126.19
14.71,109.46
6.57,75.34
18.88,127.62
18.8,136.29
2.67,55.65
2.51,58.85
2.03,53.17
7.38,73.66
7.68,80.23
1.95,47.82
5.22,70.85
9.32,91.46
13.2,98.61
2.3,50.73
18.61,137.93
10.77,99.08
17.79,130.65
5.73,70.66
14.75,118.73
3.32,59.28
4.38,69.12
19.66,140.19
11.04,95.42
6.46,73.12
10.52,87.87
15.65,122.6
5.27,70.43
10.48,90.73
14.59,111.34
17.84,128.75
11.98,97.72
10.79,96.94
17.92,127.46
16.63,117
9.81,85.61
19.69,140.39
18.8,136.38
12.01,95.29
8.77,78.16
17.53,121.7
11.57,94.52
15.19,116.98
9.5,89
14.41,106.05
10.47,90.31
8.69,85.16
6.36,76.28
13.21,100.03
3.55,59.15
16.91,123.09
15.57,122.94
7.15,72.12
7.48,81.48
2.13,58.68
14.24,105.93
11.68,103.79
14.3,107.12
3.88,56.92
18.28,131.1
16.9,125.11
1.11,52.53
8.84,78.78
14.37,114.27
12.42,103.82
2.65,60.86
7.1,74.52
11.8,92.76
8.57,84.87
18.92,139.06
6.93,69.68
5.17,67.74
16.1,122.51
4.66,62.76
7.93,73.23
19.22,129.78
3.38,56.31
16.76,124.16
8.63,88.88
7.39,79.14
1.92,48.94
6.65,78.59
10.56,89.41
3.46,51.77
18.39,133.04
17.62,119.76
18.68,135.31
13.07,107.51
19.1,127.84
8.07,74.18
19.39,141.74
6.19,65.84
5.86,72.15
3.66,63.29
11.78,104.93
10.5,92.8
12.31,101.6
8.47,79.7
16.52,117.04
1.78,48.43
1.71,56.69
17.07,118.62
5.02,62.32
9.14,90.38
8.09,84.9
13.45,107.15
15.16,118.53
17.26,121.97
7.96,83.29
14.04,116.03
16.34,119.13
7.54,75.93
16.32,113.69
2.54,53.01
18.08,134.24
5.21,73.63
8.19,86.21
3.72,66.08
3.94,67.13
18.33,136.24
7.6,72.45
11.2,92.75
14.02,111.67
1.75,44.57
1.93,54.29
16.11,118.37
14.74,112.69
17.08,126.64
4.76,71.35
3.73,57.67
12.18,103.22
18.44,123.9
1.14,49.98
13.04,107.11
9.8,88.69
5.32,72.37
3.25,57.97
12.21,102.65
19.6,137.48
10.23,97.75
7.61,80.64
8.06,85.45
12.76,104.87
16.41,127.62
5.58,74.48
9.43,83.15
18.64,133
14.4,117.04
9.44,89.6
15.45,109.64
11.3,96.76
7.53,71.94
17.79,122.61
9.84,82.59
1.39,43.37
4.48,67.17
15.45,115.17
18.07,127.56
10.54,89.83
17.58,125.1
7.83,83.71
18.49,126.15
4.12,58.4
10.22,88.75
13.62,113.05
11.38,92.9
10.51,99.24
2.12,57.59
16.06,117.04
17.95,132.91
8.73,83
9.52,87.75
5.53,73.47
9.3,92.14
2.58,50.6
10.35,97.07
18.65,137.98
12.26,99.59
15.15,120.57
10.32,87.42
2.79,53.96
12.23,93.96
3.87,64.97
19.97,136.52
19.03,138.82
13.88,108.89
18.83,130.79
18.61,131.66
4.51,65.12
12.9,104.17
15.74,113.54
19.22,128.96
6.31,67.1
11.58,92.16
7.13,76.22
6.31,75.68
12.69,96.27
2.38,55.44
1.16,42.81
12.71,102.27
8.76,90.18
14.44,111.49
12.77,102.69
12.24,99.53
9.68,85.23
13.99,102.93
14.24,106.28
8.43,83.71
14.19,108.91
19.75,136.55
15.29,116.21
15.05,113.08
11.64,98.75
15.22,120.4
6.55,70.63
4.68,66.08
4.44,57.09
18.95,129.92
13.46,110.4
15.14,108.04
7.94,77.51
8.7,87.74
13.66,104.97
14.96,114.08
8.77,81.59
3.58,62.56
2.74,52.19
2.64,61.22
14.6,114.52
19.1,126.95
18.52,132.98
16.97,120.34
5.35,63.39
9.2,83.48
9.69,82.83
1.28,47.93
13.78,102.54
4.12,61.78
4.93,69.4
15.51,122.25
12.64,106.1
7.34,71.99
12.45,102.1
17.39,124.07
7.13,82.04
12.36,106.36
10.96,98.34
10.42,92.94
9.88,92.13
6.45,67.13
13.12,109.61
7.83,75.05
12.32,106.42
18.33,130.17
11.37,102.79
2.53,54.7
9.5,94.21
19.81,142.52
15.24,118.55
18.89,139.42
2.4,56.8
4.33,65.88
9.09,83.55
18.58,129.49
15.56,113.7
14.48,106.16
1.23,41.29
2.24,56.28
16.28,124.2
4.41,65.27
12.62,100.68
3.18,63.23
1.17,50.13
12.24,97.88
4.8,58.86
10.91,90.87
3.17,56.74
15.32,114.67
13.49,103.13
14.74,111.09
18.98,127.42
19.52,141.83
12.41,99.77
15.17,109.65
8.99,90.3
2.41,50.11
1.69,52.74
3.38,56.41
7.57,84.42
14.36,112.76
16.68,118.29
3.5,51.86
1.84,48.59
19.61,134.16
19.12,132.61
6.93,68.3
15.89,120.1
9.3,80.81
12.86,99.37
7.52,78.05
1.4,42.21
6.36,68.03
3.98,64.1
4.78,71.05
9.72,84.4
19.39,130.79
14.27,112.66
12.92,101.39
18.39,129.89
2.5,51.92
15.27,122.26
18.91,131.91
1.1,51.45
11.04,89.56
10.68,92.54
3.42,55.59
13.04,99.06
2.28,57.16
1.2,46.13
5.75,68.91
6.77,71.87
3.04,53.78
2.83,53.76
4.67,64.49
5.45,73.4
17.25,128.93
4.62,60.6
14.18,112.16
6.57,79.01
15.44,117.45
17.81,131.1
14.23,106.81
15.08,118.33
6.19,64.83
7.46,81.69
1.41,48.89
15.96,118.92
18.5,127.68
10.5,86.17
7.48,73.43
19.21,133.43
14.09,110.84
3.18,58.1
9.96,87.88
6.35,73.8
14.66,107.08
12.04,97.93
19.56,133.57
6.3,74.49
7.07,71.81
12.21,95.25
2.6,54.04
15.65,116.52
6.44,72.53
12.24,94.16
18.32,125.78
10.5,99.01
11.27,91.02
2.35,53.06
1.23,41.89
11.61,104.5
2.39,50.62
13.04,99.91
5.25,71.34
13.06,100.86
4.89,62.83
18.26,133.37
16.9,122.52
2.32,48.04
4.02,57.77
5.91,66.91
2.4,56.33
14.76,107.8
19.01,131.52
6.86,77.75
17.68,120.28
13.61,107.67
11.77,101.8
6.33,74.96
1.36,43.59
13.35,111.07
10.61,96.61
3.78,56.32
10.63,91.11
9.53,94.34
11.89,105.8
12.2,98.14
7.15,70.28
19.02,133.54
1.5,52.66
15.81,111.38
9.74,85.47
2.74,49.17
1.43,42.94
19.29,128.89
6.19,67.03
12.78,107.77
8.19,81.47
17.31,120.09
3.85,65.3
12.97,107.95
13.16,99.03
17.67,126.72
10.24,97.69
18.94,133.86
9.92,85.54
3.68,58.94
19.59,136.96
6.48,78.38
7.5,84.57
7.15,72.18
5.3,72.95
6.54,70.09
11.54,90.72
6.75,71.58
13.33,103.5
6.45,75.86
11.45,102.57
12.74,105
14.58,109.48
18.77,134.09
11.45,93.25
15.27,108.95
10.12,90.4
13.45,107.6
10.57,86.85
5.02,65.68
9.45,89.33
17.45,122.21
7.58,75.32
9.33,88.45
14.61,118.91
1.86,49.3
11.86,104.82
10.68,89.99
10.32,89.06
12.4,108.33
3.25,62.05
13.77,102.14
16.98,121.38
11.34,92.13
11.74,92.6
13.86,115.3
16.64,128.61
19.93,140.51
13.2,109.33
18.67,126.99
17.92,132
10.22,94.81
1.97,52.34
9.65,89.17
12.81,102.52
2.29,56.25
12.45,101.22
13.72,113.71
15.52,112.8
5.98,65.83
13.58,109.93
19.48,135.19
12.13,103.79
16.03,118.44
18.28,130.35
3.74,55.14
11.25,95.18
3.65,55.65
8.83,81.32
11.62,95.22
5.69,67.43
18.53,136.62
1.17,43.26
5.03,60.6
15.87,111.19
2.29,49.66
1.14,49.04
11.56,95.07
6.38,66.56
16.38,117.09
4.7,58.83
3.87,66.54
17.34,124.37
10.39,91.96
4,61.85
3.46,65.36
16.78,117.18
4.83,64.08
18.52,131.41
9.94,86.9
5.85,66.75
4.33,65.89
17.96,129.15
2.63,55.28
16.11,116.38
2.24,55.05
3.29,57.38
14.74,119.29
17.64,120.06
19.78,140.6
17.52,130.93
13.89,110.62
4.16,68.1
8.5,76.97
10.59,93.64
7.07,73.29
8.04,79.21
15.22,109.79
14.08,106.85
9.09,89.71
7.26,70.67
1.47,45.08
17.89,124.28
7.41,83.26
9.34,82.95
1.27,48.43
4.9,68.04
18.48,123.91
8.16,79.06
9.44,88.59
10.47,96.74
7.41,71.81
3.75,60.94
18.23,128.79
17,124.79
13.19,103.32
9.02,82.17
12.53,99.26
6.33,72.19
4.29,62.78
5.36,72.02
18.43,133.58
18.13,129.98
15.66,116.81
18.31,124.79
15.18,115.28
5.2,65.69
16.29,123.28
9.03,87.78
14.72,106.63
17.71,122.57
1.06,42.64
18.79,126.77
4.52,59.23
13.4,110.38
3.13,59.78
15.37,113.34
19.91,140.01
15.72,111.06
7.73,72.47
11.4,94.59
3.86,58.81
11.84,104.76
14.41,110.28
17.65,125.35
5.18,70.33
8.69,89.18
19.65,141.1
2.23,59.69
12.12,93.88
18.89,129.35
15.06,114.38
7.75,73.5
10.51,86.67
14.62,114.33
19.84,134.66
8.44,79.75
19.23,134.33
1.41,48.47
14.81,114.58
1.12,43.13
8.18,83.2
2.91,56.17
5.81,70.65
7.21,78.52
2.63,61.12
13.58,107.57
7.58,73.25
4.65,59.92
13.12,98.81
14.29,117.1
5.01,67.93
17.68,128.01
18.64,126.75
12.92,106.91
5.93,73.85
3.68,56.42
3.41,55.34
14.81,118.36
14.23,105.8
11.86,105.77
8.96,90.3
18.21,132.53
18.51,136.57
5.91,69.65
11.72,92.39
15.68,118.06
15.1,120.2
15.61,110.41
6.06,71.22
1.38,52.16
8.52,82.81
9.33,88.1
7.69,80.59
3.32,62.35
8.46,78.6
19.53,132.77
15.63,118.93
7.53,78.2
4.08,58.84
8.15,81
8.44,75.96
2.21,45.95
10.84,96.95
3.94,64.72
13.04,105.74
8.77,81.01
18.73,134.07
17.76,133.07
17.93,134.67
4.86,60.9
12.9,108.11
1.8,44.03
15.76,124.29
5.26,60.81
9.84,95.28
4.68,67.11
4.48,59.06
15.77,124.41
13.84,104.85
9.63,83.67
3.79,57.54
12.05,99.35
8.05,75.84
6.44,76.3
11.14,89.25
19.33,139.71
17.84,130.66
12.49,108.57
11.1,95.54
8.11,74.17
18.71,132.45
4.58,59.52
19.18,129.78
4.78,58.65
11.53,95.47
8.86,89.95
8.09,81.08
18.18,122.3
18.32,123.97
6.55,71.29
1.47,55.73
10.12,93.43
17.4,123.91
16.65,117.01
11.99,103.55
4.78,66.85
7.97,73.8
13.65,112.78
13.97,103.72
14.09,114.93
14.23,111.23
3.07,61.2
7.34,83.04
7.09,70.46
9.77,90.57
8,84.15
2.14,48.55
18.09,130.8
9.56,93.03
4.58,68.88
18.39,125.82
13.93,110.48
6.28,71.37
15.42,115.23
6.39,71.26
14.09,104.34
17.11,130.78
18.89,127.73
10.55,87.11
7.7,78.78
12.96,99.3
16.44,125.26
6.52,76.3
9.6,89.18
15.19,120.03
10.81,95.76
19.85,130.38
8.25,77.2
17.62,132.73
9.17,83.54
13.11,110.08
14.6,111.46
19.18,132.21
13.23,102.87
16.35,121.61
2.91,54.55
14.83,108.38
15.26,108.89
7.05,78.59
9.48,86.79
1.97,54.58
19.07,131.09
14.56,111.17
9.36,81.27
2.36,58.07
9.88,92.46
11.89,102.55
7.96,81.17
4.36,58.09
6.2,65.06
12.95,107.34
5.61,70.22
15.66,114.08
3.59,63.57
14.32,115.62
6.06,66.88
17.5,124.92
19.38,128.23
9.31,87.9
11.91,100.7
10.22,92.42
10.32,92.86
17.6,128.67
6.99,70.88
17.37,123.85
5.18,63.34
16.21,124.25
1.68,47.82
10.1,87.59
15.28,111.19
18.99,129.4
8.14,85.18
18.18,130.51
7.95,73.96
19.47,133.91
2.5,54.09
9.28,90.94
18.94,135.57
6.22,73.2
6.98,82.07
11.82,102.54
4.74,60.98
12.57,95.58
6.97,74.46
6.16,66.18
4.92,59.94
10.86,91.26
7.01,71.57
2.3,52.85
6.25,66.04
12.06,102.96
16.73,116.45
18.97,129.19
2.95,56.21
9.84,95.71
4.72,67.65
2.18,54.3
5.73,69.12
16.08,117.55
10.33,86.85
6.21,76.04
18.82,126.95
16.83,128.12
14.46,110.56
10.02,83.38
3.97,67.39
19.7,134.13
6.2,66.8
15.1,117.38
2.3,50.25
2.68,55.47
17.47,120.99
6.79,80.82
15.19,118.33
11.41,101.81
11.58,95.59
6.98,76.26
5.06,68.61
5.89,66.34
5.73,69.46
9.33,90.1
16.04,123.82
7.59,83.36
9.46,80.76
5.81,66.83
15.66,111.76
15.03,114.35
6.98,69.25
9.81,86.71
8.44,76.63
10.85,91.09
2.53,52.03
18.56,134.02
3.42,64.14
3.17,63.28
14.58,110.66
10.1,95
6.62,69.13
6.57,78.15
19.08,134.44
12.64,97.15
19.43,138.6
19.33,133.99
12.5,97.78
18.29,123.39
4.99,69.89
16.27,118.55
4.97,72.69
7.38,80.89
12.43,105.51
13.9,102.22
19.23,130.19
7.06,70.37
3.12,58.48
18.08,131.32
19.58,130.56
13.44,106.24
5.78,73.08
6.1,68.32
17.74,125.58
5.14,73.41
11.62,96.58
19.17,138.03
13.69,109.64
10.26,88.28
8.36,88.55
4.4,69.14
18.39,136.66
17.78,121.08
1.16,42.13
14.18,113.15
6.49,73.86
18.47,135.51
1.56,48.66
2.98,54.88
7.91,79.07
4.13,64.38
3.33,62.35
19.65,143.15
15.45,111.69
1.36,42.83
2.19,58.42
16.12,118.11
12.27,104.09
6.71,78.03
2.61,60.07
13.51,101.98
5.31,64.21
13.3,109.83
11.41,102.93
17.71,127.19
7.69,74.32
14.86,110.91
18.34,124.03
7.44,76.21
7.99,73.54
6.2,65.65
1.66,55.45
13.62,109.61
2.54,55.72
18.15,122.33
15.58,115.94
5.35,61.67
14.54,107.06
15.91,111.61
17.65,121.07
19.17,137.68
5.27,66.5
2.83,58.86
6.13,72.21
18.84,129.5
19.06,127.14
6.67,70.4
11.24,100.99
17.56,122.86
11.36,99.38
5.26,62.62
16.4,120.59
6.58,73.05
5.65,71.35
19.59,134.71
18.39,130.75
13.31,108.2
9.29,81.13
13.37,104.25
17.4,131.05
3.8,65.32
11.36,99.47
17.01,127.99
13.12,106.15
9.7,83.84
5.4,62.76
1.06,43.81
6.64,67.72
4.68,60.29
18.1,131.58
12.02,106.04
8.42,84.44
5.21,61.89
10.9,88.02
19.68,133.85
14.09,116.4
15.85,113.61
15.59,123.08
7.83,73.87
5.23,68.33
8.94,88.26
9.78,82.31
4.44,69.98
13.11,103.89
14.76,106.65
7.32,80.14
13.24,109.81
17.31,126.25
18.06,128.3
2.73,50.29
17.83,125.19
2.37,60.1
3.15,53.01
16.45,116.96
1.08,47.9
1.25,43.24
14.26,113.67
13.12,105.52
18.12,130.53
11.83,93.61
3.5,61.39
15.76,120.33
18.64,127.86
14.34,107.64
17.16,122.55
16.89,120.77
7.73,83.17
13.65,104.9
17.46,129.9
9.6,87.92
13.09,108.94
11.57,95.53
4.77,61.74
5.53,73.24
10.71,88.13
4.1,68.44
3.24,59.42
1.82,45.21
17.96,130.9
3.53,57.54
4.91,71.34
10.98,94.9
12.16,103.45
9.56,90.3
5.14,69.22
1.7,46.81
16.54,122.27
5.34,74.6
15.66,122.78
16.59,116
11.67,92.5
16.41,114.56
16.9,120.9
10.89,100.65
14.32,113.83
4.62,63.05
1.82,51.74
1.07,48.94
19.76,140.8
14.98,107.12
16.18,119.79
10.38,92.32
16.46,124.44
5.42,70.38
5.27,67.69
1.38,48.96
16.31,124.37
5.5,71.11
18.01,123.37
4.37,66.54
5.19,60.38
15.12,115.26
8.51,78.82
4.72,66.58
4.02,58.21
4.03,62.26
14.17,114.18
7.26,81.54
12.26,99
12.42,104.72
7.02,75.22
11.45,94.52
4.82,58.91
10.36,91.69
7.7,75.34
11.6,98.13
1.39,48.34
10.24,94.98
5.73,63.77
3,56.53
18.31,125.09
14.03,113.68
9.3,93.14
12.97,100
16.7,123.52
4.67,61.26
15.45,114.96
4.85,68.54
18.22,128.23
19.2,131.92
14.75,116.51
15.95,123.24
8.12,74.51
18.93,137.67
11.32,101.25
16.43,117.1
5.83,62.99
12.59,102.49
1.38,46.01
2.07,47.35
17.89,131.25
14.26,106.37
5.21,66.51
17.09,130.88
6.41,66
7.45,75.78
19.5,138.51
11.74,101.44
5.92,75.26
9.9,86.35
4.22,62.67
10.02,94.37
8.66,77.04
11.49,99.48
17.83,121.17
17.17,129.06
17.3,121.52
12.99,99.79
7.05,70.21
9.19,84.07
18.15,131.43
13.8,114.62
10.94,100.99
4.3,66.39
7.7,74.32
5.56,66.54
19.49,136.31
7.28,73.43
15.74,112.3
9.8,90.2
18.68,127.98
16.8,126.26
10.79,96.71
7.41,78.76
12.84,99.24
19.64,130.73
11.05,99.16
7.16,80.55
5.63,66.39
9.93,83.61
1.72,49.08
6.08,65.7
15.32,118.93
14.2,111.51
19.86,141.25
12.79,107.66
10.55,97.91
8.52,76.63
7.54,83.08
19.79,138.67
13.55,113.95
12.43,102.07
3.58,58.92
19.69,141.01
9.78,87.93
17.91,124.16
8.62,78.3
8.35,80.28
5.97,67.87
19.25,139.93
17.67,121.88
12.97,99.32
8.7,88.35
10.86,91.73
11.11,95.92
12.14,96.43
18.28,125.16
10.01,96.17
18.08,128
13.76,104.18
19.18,139.29
9.52,85.9
5.37,61.1
6,73.81
4.85,69.9
12.38,97.38
9.69,81.72
9.11,88.45
17.98,133.22
15.33,118.64
19.41,139.34
19.21,128.77
16.2,123.51
17.33,127.28
4.74,58.33
14.99,113.54
19.23,128.77
15,108.92
1.32,54.01
8.39,82.03
5.43,65.52
4.03,63.08
19.29,138.94
6.18,75.76
13.85,109.81
5.43,73.21
5.72,73.21
15.47,119.85
14.64,108.25
2.82,48.61
12.61,99.34
17.23,121.79
3.97,60.56
18.61,133.85
19.18,137.64
2.62,58.55
19.35,129.92
6.12,67.59
16.69,123.58
15.39,109.64
18.39,131.67
13.63,113.58
13.68,111.09
10.16,89.39
19.99,135.63
12.4,99.52
18.61,135.2
1.57,52.12
14.01,104.92
15.57,119.11
19.01,135.84
10.52,92.4
19.31,128.85
13.07,99.68
14,103.7
16.22,117.92
5.27,64.45
7.42,79.18
5.26,62.49
9.2,79.92
18.79,130.05
17.47,119.91
3.49,63.43
12.33,106.92
3.59,57.93
12.08,97.06
12.23,106.98
12.66,99.29
15.13,111.71
1.76,50.17
8.15,83.49
13.33,110.98
13.8,101.33
3.23,51.58
12.84,104.87
15.29,115.24
15.66,122.18
9.91,90.18
8.9,82.85
5.06,66.23
11.57,92.38
6.33,68.83
4.62,70.32
5.34,67.16
15.76,115.18
7.57,76.87
18.97,129.99
17.66,133.08
15.87,124.35
9.51,81.28
6.11,74.73
8.85,80.91
14.35,115.99
2.09,47.32
4.32,68.83
17.55,122.53
9.39,83.88
7.52,81.63
15.33,111.24
19.59,133.35
10.25,85.9
10.37,85.37
13.11,105.99
8.35,79.55
10.99,90.61
7.67,82.19
6.16,71.26
5.02,67.86
17.7,130.53
7.87,77.68
1.1,50.67
17.83,123.2
15.12,116.33
16.79,123.17
19.85,135.56
7.19,79.53
5.74,62.8
10.5,93.74
18.11,133.48
8.81,89.94
7.28,80.98
9.12,91.44
9.4,91.18
15.7,120.21
8.68,80.97
4.58,64.49
14.45,113.19
18.15,131.57
17.44,131.03
8.29,86.86
7.05,73.27
11.63,96.3
8.5,86.11
9.78,85.37
8.36,88.33
10.65,98.88
2.48,54.99
17.24,128.83
6.64,78.27
11.49,94.54
7.35,79.94
9.05,80.8
6.43,67.05
18,125.46
13.63,109.05
5.16,66.45
17.14,130.76
16.16,123.83
4.91,64.05
11.54,93.12
19.09,133.39
11.73,102.72
2.91,53.82
8.42,77.85
2.02,56.28
16.77,116.3
13.9,108.21
1.58,52.53
18.98,129.29
4.12,67.19
9.58,85.22
3.51,61.19
8.71,82.62
19.74,132.4
18.45,130.41
1.57,51.87
13.42,108.36
16.15,117.48
4.54,67.44
8,78.15
13.04,101.03
14.62,109.41
8.6,84.37
1.96,53.37
2.87,60.32
7.45,78.97
19.8,134.26
10.44,88.29
10.69,99.04
18.09,129.48
14.71,118.55
5.15,72.28
15.32,111.99
15.23,115.54
11.91,97.41
14.33,105.04
13.59,109.03
3.86,56.07
8.87,82.81
12.47,101.19
7.76,76.18
8.21,85.28
10.39,96.94
6.03,70.48
8.38,86.75
3.65,61.5
15.39,122.64
11.06,90.01
14.6,116.02
6.55,75.07
19.19,136.02
17.73,130.52
9.87,91.79
18.06,130
12.2,101.73
17.86,129.93
11.14,97.46
11.81,93.22
13.09,99.61
19.35,130.87
19.44,137.77
3.58,52.26
3.31,55.68
9.54,89.98
4.96,63.85
12.89,98.9
10.16,96.11
19.52,130.61
2.49,49.99
11.5,93.04
15.22,112.65
4.39,66.99
13.38,107.57
10.92,94.46
11.21,90.6
14.46,115.72
17.88,122.6
3.81,66.38
17.38,119.41
11.33,99.69
2.93,59.41
6.28,78
15.21,112.75
12.98,105.94
5.39,64.27
11.21,94.94
13.64,102.18
16.78,120.59
18.72,131.42
4.44,58.29
15.71,121.46
4.39,57.6
10.09,97.09
5.97,70.57
19.64,138.01
9.65,90.79
9.92,87.04
2.99,49.38
16.33,115.14
2.41,47.27
7.86,84.89
2.95,56.1
2.3,58.18
6.24,78.36
16.21,116.01
16.51,120.87
8.13,86.95
13.16,105.02
15.79,113.07
8.45,82.7
9.23,91.25
18.21,133.49
12.19,95.33
6.53,76.56
4.12,58.29
3.06,61.14
12.59,100.43
7.22,74.37
13.15,110.14
1.48,44.1
17.82,127.31
1.48,45.09
16.63,118.11
18.78,136.86
11.08,98.97
6.36,73.6
3.38,65.17
14.19,108.88
18.87,137.59
7.62,81.34
15.8,119.46
3.18,61.69
16.59,116.14
3.26,60.28
1.24,51.87
13.66,107.62
1.35,48.26
14.96,111.62
1.98,48.96
10.24,91.96
4.41,56.44
10.54,86.34
18.48,133.28
14.28,115.91
4.94,70.22
3.23,61.28
2.19,45.63
2,51
11.24,98.25
5.01,59.62
15.73,120.41
17.46,127.82
5.44,62.79
4.79,59.52
9.55,90.07
6.51,74.23
17.6,123.29
9.58,81.9
12.97,110.38
17.61,127.46
6.23,78.62
15.57,110.78
17.72,121.61
9.74,91.12
1.29,51.1
4.19,64.27
9.9,84.02
8.03,76.11
15.63,122.9
1.04,40.29
17.33,127.06
18.55,128.4
9.82,82.58
7.79,79.45
1.44,44.24
5.85,74.84
5.44,74.18
16.08,112.3
11.44,96.83
9.6,93.62
4.84,59.12
8.23,82.22
12.12,104.87
1,50.4
2.3,46.82
2,56.63
11.93,99.4
11.3,99.48
10.6,99.08
6.23,65.26
16.57,116.97
19.12,128.11
8.14,87
1.42,45.03
16.99,125.23
14.76,107.18
15.36,118.45
2.29,53.28
11.89,94.02
13.49,99.96
15.67,114.97
12.23,103.01
7.54,77.39
17.7,124.13
5.84,74.07
2.67,48.54
14.16,105.09
4.02,64.67
4.75,69.45
12.51,104.36
19.65,141.1
11.4,100.13
1.66,52.83
6.28,66.8
16.81,124.87
7.11,77.85
14.86,109.45
4.49,67.01
7.99,80.1
5.65,76.03
13.78,108.06
10.65,96.89
6.12,73.95
3.66,55.38
8.54,78.55
1.47,49.14
13.27,104.32
15.67,121.83
2.92,53.78
17.84,129.93
14.59,110.84
1.94,48
19.81,141.28
14.78,115.47
6.68,74.98
11.06,92.51
9.03,80.1
2.41,48.43
3.45,61.96
5.6,74.69
17.65,121.64
2.7,50.9
19.34,133.91
16.71,127.25
14.69,119.34
12.33,97.6
11.04,99.68
19.56,137.76
16.36,124.76
9.37,84.24
5.67,69.53
4.79,61.9
17.57,131.77
3.93,65.92
16.29,122.91
17.93,125.8
15.07,114.34
18.79,132.19
10.94,101.01
14.64,117.27
7.86,75.13
18.85,135.41
11.11,98.48
7.01,74.9
13.16,106.64
17.71,130.16
15.6,110.9
6.72,73.03
2.72,49.87
18.95,132.09
15.86,115.23
12.18,106.65
6.67,77.04
1.59,47.72
7.77,84.99
1.57,47.54
4.7,65.41
6.26,74.55
18.81,129.3
7.85,78.71
3.76,56.18
18.52,128.29
17.7,131.55
9.7,92.22
17.18,122.18
9.92,84.2
10.52,95.07
18.39,126.23
2.16,57.55
4.18,55.83
19.15,127.86
18.59,130.02
2.81,61.96
16.13,119.89
18.31,124.43
10.09,88.06
4.56,61.27
15.75,120.5
1.86,47.95
17.56,131.69
12.98,99.24
12.04,105.44
7.7,77.61
11.08,97.28
15.11,117.15
9.87,83.69
5.99,65.75
3.77,61.42
13.19,102.85
10.75,92.53
11.85,94.36
3.26,63.33
16.81,118.05
19.57,140.24
4.54,68.6
7.12,81.25
12.54,99.42
19.22,135.52
13.98,107.41
4.25,66.24
5.96,71.09
8.2,78.09
13.81,111.36
1.18,54.44
3.16,60.47
6.18,68.33
19.81,142.12
16.33,126.43
7.62,81.76
8.4,86.27
13.81,112.19
4.17,58.99
13.62,110.71
3.12,60.05
16.02,124.89
13.38,100.88
15.01,112.91
13.97,110.76
1.74,47.21
8.86,80.08
10.42,91
15.19,118.12
4.66,70.25
3.79,55.99
4.97,66.8
4.88,59.36
7.38,74.15
7.52,74.69
8.35,82.02
8.15,82.59
18.6,134.89
17.44,121.95
10.4,98.74
10.18,90.56
13.55,102.54
16.84,120.09
10.02,93.85
9.3,83.43
3.98,61.29
16.61,121.97
2.68,60.54
18.91,130.8
9.54,85.97
7.92,78.67
2.22,56.38
18.43,128
6.61,80.29
15.9,120.8
2.14,52.67
5.08,65.22
6.57,76.18
7.14,83
9.39,83.84
13.74,102.31
16.47,116.6
12.22,103.53
17.46,127.22
9.59,89.78
15.2,108.56
7.14,81.39
14.06,114.8
14.82,116.23
2.06,45.56
9.69,82.02
4.12,68.37
13.17,102.22
3.78,66.51
10.75,91.62
10.29,92.54
12.51,97.65
1.93,56.32
6.57,74.98
12.85,98.81
18.29,124.11
8.88,79.45
17.91,125.09
19.09,130.95
12.92,102.69
7.05,81.12
1.23,53.57
15.06,119.67
17.15,120.1
17.74,120.39
12.65,97.13
8.86,84.52
5.31,64.38
14.28,115.82
17.06,117.78
13.27,108.49
16.57,118.23
2.7,53.12
6.97,80.53
5.86,72.45
6.06,74.61
3.79,63.37
13.43,111.97
18.55,130.75
5.98,71.18
12.64,106.96
8.81,82.66
14.6,118.43
7.6,83.84
11.53,103.56
5.6,75.27
8.98,78.43
1.27,53.63
17.41,123.93
9.01,81.8
14.3,113.49
3.32,63.56
11.62,94.38
13.68,109.48
2.05,53.32
12.84,109.75
18.27,124.71
6.19,77.34
12.35,94.52
12.55,99.07
7.83,74.97
11.57,92.86
13.12,105.59
13.44,99.73
6.34,75.1
12.73,105.48
2.69,52.34
10.48,95.96
10.97,94.96
8.86,88.12
13.85,112.06
1.17,45.06
16.03,122.33
3.71,64.91
19.32,140.41
10.09,90.27
16.4,114.45
18.84,133.74
4.67,61.95
5.37,73.64
7.46,80.59
17.81,132.08
18.68,132.19
11.09,88.26
19.39,141.53
7.34,83.28
11.14,89.31
16.61,126.65
14.93,109.51
11.3,103.18
9.09,92.25
5.86,67.79
11.61,97.4
12.76,98.41
4.48,57.41
11.58,92.86
10.34,94.5
15.92,124.87
9.25,87
4.41,57.04
15.53,115.29
18.95,137.58
11.94,96.4
16.05,125.77
13.6,100.56
11.86,99.44
6.6,76.67
2.27,51.19
4.9,68.66
18.18,133.19
18.26,124.19
15.83,119
13.13,110.59
9.69,92.94
10.78,95.8
5.45,63.18
15.16,109.05
17.04,118.76
19.13,138.94
19.63,134.99
19.26,135.54
18.28,126.13
12.12,103.87
17.41,132
6.86,74.4
4.41,62.05
17.58,125.59
8.1,77.2
3.64,57.47
12.76,105.47
15.98,116
6.95,71.42
14.14,111.56
14.4,112.07
1.46,53.67
15.7,112.01
9.75,83.91
16.43,119.24
1.3,53.86
9.16,81.46
8.15,84.63
18.26,123.14
15.86,120.76
3.64,59.66
16.25,113.74
11.74,95.09
11.94,93.98
17.37,118.63
7.47,70.87
6.34,77.11
7.55,83.7
17.85,125.41
9.51,93.29
3.18,60.77
1.17,41.2
8.09,86.46
17.57,119.91
13.02,105.96
11.4,91.25
4.89,58.78
17.97,133.08
4.24,68.45
18.08,133.28
3.93,54.47
8.24,83.36
8.65,85.96
13.85,106.67
7.91,81.02
13.62,112.85
5.35,69.69
14.07,105.95
3.55,62.74
5.02,61.51
19.47,130.18
6.33,73.96
1.56,51.57
3.41,58.15
17.83,127.26
10.22,88.13
6.57,74.39
9.64,85.35
19.59,140.82
19.69,133.04
11.95,100.75
6.72,68.11
3.79,65.54
17.75,130.07
19.57,131.22
15.49,114.64
12.87,105.18
6.66,77.38
8.57,83.8
13.78,109.73
15.09,110.44
15.5,117.07
4.96,67.22
4,56.5
19.91,132.02
9.25,81.48
5.25,66.44
1.11,43.84
9.29,90.79
3.29,61.5
19.96,134.49
17.11,121.03
7.95,74.02
3.25,60.26
9.09,80.54
3.93,64.56
7.56,85.2
17.44,129.21
13.51,113.3
1.72,54.67
10.85,90.49
8.59,80.7
7.36,76.15
17.66,122.39
5.65,65.58
13.13,110.67
3.24,64.46
15.1,119.92
1.96,52.08
9.83,86.07
11.51,91.62
13.29,103.82
17.79,122.77
12.91,99.73
5.37,63.63
12.35,97.12
14.13,103.66
9.59,90.28
6.03,65
9.86,89.17
6.66,75.21
8.08,84.14
2.68,48.56
13.8,109.78
12.59,97.06
5.98,77.36
11.47,95.41
13.9,111.7
3.3,59.46
12.16,98.01
7.42,79.83
6.51,75.71
14.95,111.9
8.04,83.54
14.28,107.14
15.84,120.33
18.07,131.62
19.31,128.18
10.27,96.8
16.65,118.25
2.06,56.64
13.15,110.6
10.83,89.85
5.44,61.52
8.59,86.34
19.78,140.21
5.26,66.08
10.97,101.28
19.01,140.2
3.53,61.02
13.32,99.76
6.29,66.77
18.64,138.41
15.34,118.32
14.74,116.25
7.21,83
10.03,94.41
18.63,135.28
17.7,120.59
15.17,113.45
13.15,103.6
15.72,112.19
19.25,132.15
13.57,103.29
14.47,115.56
18.57,128.25
9.63,93.03
17.54,120.95
17.09,122.2
16.05,122.56
1.55,51.03
6.13,69.2
1.68,44.69
13.59,100.45
8.41,84.46
2.96,60.67
7.45,71.39
12.29,99.12
9.47,81.17
1.29,54.53
10,91.65
3.48,53.19
15.92,114.77
18.52,136.26
14.15,106.49
16.68,120.61
9.91,85.94
14.19,108.12
19.66,141.87
12.04,101.81
3.54,52.42
13.31,101.04
11.96,101.06
16.17,119.1
8.74,90.16
17.2,118.49
15.74,115.44
7.47,73.47
13.12,99.98
5.79,69.18
2.51,55.4
6.85,81.18
18.75,127.18
12.28,99.02
13.1,101.67
12.87,101.42
10.88,93.74
4.3,58.08
1.12,48.24
9.39,87.9
8.6,78.69
8.48,87.86
5.31,72.79
7.6,75.36
7.39,80.47
3.47,62.96
4.85,70.22
8.5,88.08
3.73,61.97
18.37,124.63
8.62,81.95
18.81,130.73
6.48,73.06
18.65,132.05
17.36,130.13
6.34,78.55
16.33,122.62
16.45,114.68
10.83,88.6
3.79,63.81
11.16,93.85
6.35,76.53
16.86,129.91
18.97,137
13.26,109.44
11.58,100.64
15.32,114.74
17.46,129.57
10.61,99.01
12.67,106.91
19.08,139.81
15.77,111.02
16.97,117.76
5.49,71.12
8.89,91.43
18.81,134.44
5.06,70.85
17.78,122.38
7.18,76.81
10.92,93.14
16.48,118.96
8.12,84.26
5.79,71.01
19.29,128.49
11.77,103.42
8.29,80.07
13.69,112.82
2.8,53.79
11.27,102.06
15.12,111.53
15.58,115.67
3.3,59.61
13.95,102.18
11.75,98.53
12.45,100.87
8.41,84.39
17.25,131.24
4.29,56.6
11.11,88.7
19.61,136.25
4.71,65.85
17.04,125.47
19.56,130.53
2.88,58.91
15.7,115.64
7.98,82.68
10.45,90.54
6.77,81.22
11.97,94.84
8.84,83.1
4.3,59.21
10.83,94.21
16.18,126.16
14.54,105.36
6.82,81.38
17.59,133.1
9.41,90.68
2.06,55.27
9.07,88.77
7.86,85.12
5.5,67.43
2.78,49.93
12.55,107.05
6.56,75.72
17.44,129.59
19.25,130.88
3.33,51.25
11.94,94.96
10.62,92.61
14.39,108.83
7.98,82.56
16.27,126.84
14.07,105.48
11.1,100.21
3.55,55.56
3.91,65.85
9.62,92.9
17.38,122.06
4.42,67.23
2.89,52.35
16.94,124.59
4.8,62.88
3.13,53.95
18.86,139.15
13.63,105.67
16.5,115.06
12.1,97.69
3.55,61.57
13.15,99.56
5.54,74.94
16.34,123.78
9.59,91.99
15.75,112.18
11.72,93.29
8.08,76.78
18.83,139.03
3.29,59.64
11.9,104.61
8.28,76.25
14.06,106.89
16.02,116.29
13.62,109.99
18.2,125.72
9.18,91.22
7.32,81.78
12.33,107.29
14.77,116.69
18.81,138.06
8.32,82.47
1.87,46.73
9.02,80.32
5.33,70.42
13.53,102.53
19.57,142.6
15.34,109.83
12.39,105.73
5.34,70.51
16.63,116.05
7.76,81.59
9.78,95.7
3.49,52.65
10.06,91.45
15.14,113.81
19.82,139.41
6.49,68.39
3,52.65
13.24,107.1
12.18,106.63
14.95,117.95
15.44,117.14
12.86,101.11
4.03,56.73
3.86,63.75
16.48,121.49
1.78,56.19
4.81,59.49
14.81,116.38
4.93,66.61
6.72,72.14
14.27,111.64
7.15,80.41
10.39,91.29
9.2,88.43
17.02,128.4
19.06,130.6
14.78,113.7
19.36,133.6
11.55,94.41
11.6,95.33
3.28,59.97
3.71,56.37
16.62,127.91
3.67,53.21
11.72,97.59
8.8,85.99
17.12,122.22
3.93,54.03
18.42,130.07
5.86,68.2
1.37,44.04
5.61,72.43
3.42,60.88
7.36,77.25
13.86,103.7
6.3,68.38
4.21,62.58
18.49,124.36
14.39,116.06
14.69,111.84
15.86,120.83
13.62,113.07
18.73,136.54
6.2,67.04
1.6,46.48
13.66,111.67
7.61,76.99
17.58,126.59
13.83,109.64
17.35,121.44
3.23,63.61
19.44,140.65
7.57,79.25
14.56,113.4
9.18,91.01
3.7,62.49
11.35,98.34
5.43,65.93
3.8,66.75
1.05,45.02
9.54,83.98
6.51,66.93
5.95,71.24
9.19,81.95
11.09,99.91
5.82,73.61
4.29,68.46
3.23,58.16
19.79,138.4
18.84,129.66
15.89,119.24
8.81,88.01
19.83,137.31
17.46,127.47
8.39,87.5
10.31,90.99
14.95,108.35
16.84,119.22
8.51,80.89
16.91,125.85
6.88,79.8
16.24,123.91
17.05,124.35
1.63,46.02
8.38,87.08
2.73,55.03
15.3,112.41
17.33,131.18
14.54,111.03
17.91,133.63
5.93,74.82
14.55,106.67
8.65,77.8
2.54,54.18
12.21,96.08
7.4,72.3
2.49,59.99
8.05,80.34
16.84,120.89
17.32,127.92
15.97,124.43
15.1,115.47
11.04,100.84
3.81,63.21
15.31,114.94
4.97,71.55
2.19,47.91
10.07,93.97
18.6,134.26
17.97,134.73
17.89,134.71
10.6,98.75
7.82,76.97
8.69,84.55
11.4,91.24
11.72,98.24
8.31,86.01
11.33,102.41
10.6,86.36
6.05,76.64
12.61,101.99
6.83,79.58
16.33,120.21
8.91,85.11
14.82,119.02
5,70.08
11.19,94.7
5.66,72.58
3.39,52.69
18.58,127.71
2.77,57.14
18.97,139.1
7.24,82.06
5.28,74.21
6.31,76.96
11.07,96
5.49,64.8
5.64,68.29
4.83,64.28
19.84,135.31
4.48,57.15
1.97,46.69
19.66,140.12
15.97,119.25
16.3,117.11
11.13,92.54
6.4,78.69
12.98,98.27
14.73,118.95
12.28,96.49
13.41,101.62
12.11,93.38
1.65,49.96
13.56,113.53
13.57,111.76
10.35,98.36
12.85,108.1
10.73,90.09
17.67,132.71
14.16,110.28
6.3,75.43
8.72,90.06
13.08,99.59
2.34,56.68
12.84,98.94
11.15,101.87
12.94,104.08
8.69,88.72
17.35,129.63
15.7,112.51
6.76,76.24
1.69,54.82
7.29,74.78
15.57,113.74
2.48,53.09
17.09,119.21
17.71,123.21
6.73,80.89
7.95,80.38
11.43,97.78
1.76,44.76
1.2,51.49
8.84,91.01
6.52,79.43
1.5,51.15
8.19,78.58
18.97,139.02
11.83,94.24
11.28,90.97
2.3,52.63
13.2,105.7
9.85,84.82
8.5,82.02
11.51,99.53
8.53,82.99
4.33,68.3
18.77,134.68
2.21,47.02
8.89,82.44
17.56,124.6
6.59,71.54
17.13,120.14
3.16,63.63
17.48,132.83
9.43,81.34
15.21,108.67
16.78,115.6
2.76,56.7
2.21,58.65
2.41,58.1
7.68,80.96
17.87,132.87
5.26,64.13
16.48,120.41
5.73,62.73
3.02,57.46
17.74,122.86
3.6,54.72
1.61,44.3
11.07,88.97
4.43,62.8
5.05,62.97
3.05,54.62
12.39,104.16
12.01,94.55
7.75,82.99
11.62,99.92
9.6,86.32
15.75,119.04
9.75,86.35
14.88,107.01
6.31,67.51
9.67,85.78
15.67,110.64
12.98,109.86
19.79,142.6
17.1,130.78
19.09,132.18
3.7,62.51
4.54,70.54
2.68,53.38
9.84,86.98
1.96,49.35
9.81,83.35
8.85,88.47
6.26,68.55
17.7,121.44
1.11,41.26
3.71,63.12
17.39,120.12
11.29,102.85
10.54,97.02
10.35,94.18
11.05,98.13
16.27,124.06
8.24,78.38
4.61,70.22
1.98,56.8
11.62,100.97
7.54,77.35
18.29,127.5
12.76,106.98
18.41,130.84
5.3,67.12
10.81,92.36
2.79,52.5
2.91,51.03
3.98,66.26
3.22,50.8
12.16,100.9
4.17,55.2
1.75,52.27
18.78,137.4
7.44,74.26
10.92,100.02
7.55,79.92
19.9,132.75
18.44,129.56
6.09,68.35
5.03,70.9
12.5,96.25
14.91,119.61
7.59,76.37
17.46,131.2
13.84,113.56
17.13,119.5
10.65,92.07
7.57,76.87
16.81,118.85
3.49,63.58
2.52,48.9
11.33,97.65
7.63,79.3
14.01,113.7
11.68,105
11.66,103.12
17.95,128.65
12.74,109.03
1.41,51.2
8.12,80.42
2.46,53.01
3.13,62.98
6.84,77.59
16.44,116.08
16.91,128.55
16.38,121.33
2.45,58.18
17.11,118.24
12.53,97.78
10.66,93.35
13,109.82
4.8,65.66
6.93,72.79
4.28,64.84
11.83,96.42
5.79,76.15
4.45,61.74
5.85,65.49
5.72,64.55
6.33,76.26
7.9,81.91
7.34,81.17
2.1,52.13
19.85,138.37
7.76,74.42
2.03,46.43
10.69,98.33
8.27,76.28
5.82,76.09
8.49,76.91
3.66,62.2
18.07,128.61
16.27,123.05
5.45,64.86
5.13,70.01
18.43,128.93
6.21,67.33
5.59,68.36
6.19,76.95
11.27,93.92
3.59,65.02
2.29,49.63
9.28,85.71
14.15,104.15
11.6,101.32
17.35,126.86
12.07,96.4
11.26,102.52
14.5,116.28
2.56,55.39
6.78,68.59
5.2,65.41
17.89,121.83
13.32,99.61
13.84,111.96
17.78,125.98
9.41,84.66
8.07,81.66
17.14,128.52
1.74,46.78
10.86,87.84
14.79,108.86
9.6,90.22
5.41,61.29
12.81,104.27
18.32,130.04
16.21,118.26
1.29,47.26
19.58,139.76
5.73,69.31
18.51,125.25
5.56,69.27
14.71,114.34
17.49,128.6
8.53,86.58
13.59,109.02
17.83,134.16
14.73,110.27
1.14,50.11
17.32,119.49
5.02,60.06
18.33,129.42
4.85,66.24
9.61,87.43
15.55,118.56
6.97,72.03
8.01,73.77
13.5,104.22
8.08,80.23
11.15,92.66
18.53,134.6
3.46,59.23
17.3,125.95
4.1,68.11
4.94,62.62
3.5,56.99
3.02,62.88
7.7,83.99
4.98,60.78
1.31,50.12
18.67,137.41
14.22,108.09
2.54,57.93
1.26,41.69
15.24,120.19
9.14,79.81
10.1,96.08
7.36,78.32
2.71,58.86
18.79,133.62
14.61,112.01
12.2,104.73
17.83,123.25
11.99,94.6
14.73,109.2
10.76,92.69
12.41,104.84
16.6,118.36
16.62,124.82
1.19,52.17
4.01,57.61
14.03,112.16
7.07,81.7
10.54,93.23
14.09,108.64
10.67,89.97
18.12,129.4
12.42,95.98
2.58,49.31
1.27,51.94
17.11,127.19
2.57,55.39
7.87,74.46
14.24,103.76
2.17,51.02
4.4,62.9
17.32,123.9
10.88,99.97
18.1,124.24
4.47,64.5
5.08,62.84
18.62,131.21
16.79,125.99
7.87,83.32
4.48,64.23
4.1,57.7
17.97,135.06
4.58,57.7
5.74,76.41
18.24,125.1
19.43,135.03
17.74,129.41
2.2,53.6
5.23,66.04
17.74,129.75
5.86,63.54
13.94,113.65
16.49,118.43
6.33,74.02
18.01,121.67
12.9,105.03
12.51,108.44
8.01,75.35
12.87,98.36
15.33,110.66
12.7,106.79
9.02,89.13
6.77,77.75
18.8,129.7
4.1,68.48
3.37,52.85
18.66,132.22
11.53,100.23
8.1,77.82
14.76,116.76
2.04,57.4
16.28,123.72
1.01,46.82
19.83,142.72
10.75,90.52
16.56,118.57
11.7,96.37
19.93,133.75
9.8,93.88
12.37,103.16
16.01,116.83
14.26,114.15
15.05,107.64
15.32,111.9
8.27,81.6
7.51,71.06
10.88,89.88
2.18,45.58
2.61,52.56
13.85,110.3
6.78,72.28
16.96,116.5
2.28,46.82
19.49,141.32
4.89,71.29
3.3,63.05
12.95,101.5
17.52,126.92
11.44,98.93
13.38,109.36
4.81,65.53
1.33,44.03
16.18,118.68
14.27,112.65
13.78,102.16
11.37,94.43
15.72,115.18
13.65,111.32
1.51,48.47
7.39,71.57
4.79,66.71
11.04,99.4
6.39,74.61
3.12,51.08
11.47,101.62
2.42,51.24
15.51,116.51
7.36,75.85
5.35,73.74
19.34,133.46
13.51,102.47
18.54,133.69
1.6,51.01
12.39,107.82
18.4,132.18
15.7,111.61
19.04,132.15
16.18,121.21
9.3,81.73
2.89,56.47
6.04,67.82
6.73,69.02
12.14,93.76
12.07,104.25
19.51,139.54
2.27,50.8
1.25,44.75
7.37,83.78
10.67,95.92
8.52,87.28
15.98,115.33
13.82,107.72
15.86,118.02
17.42,129.85
17.13,126.51
14.53,116.06
11.26,102.38
2.21,46.38
15.44,112.77
15.32,119.18
1.53,53.67
4.06,68.32
15.94,124.04
10.74,87.51
19.41,134.88
6.02,70.87
6.23,71.47
3.53,63.57
17.25,129.61
12.57,99.89
7.81,72.77
1.59,47.9
11.48,91.4
11.4,103.34
19.17,138.77
11.31,99.41
5,67.89
7.81,75.23
2.99,58.64
8.37,83.52
10.54,86.53
17.46,119.51
12.15,106.28
18.96,126.06
3.92,56.71
17.53,126.21
17.75,121.22
7.47,76.24
16.28,115.82
8.41,83.92
9.05,91.57
7.6,75.81
4.25,64.24
14.76,109.26
4.32,58.33
2.86,59.23
11.01,99.54
7.01,74.24
10.69,97.61
12.61,108.26
10.31,85.75
9.32,80.52
8.86,87.19
3.46,60.22
3.5,51.93
13.98,110.44
19.78,133.35
6.11,68.13
8.36,88.26
6.22,75.97
6.33,66.61
19.65,134.65
16,117.79
4.47,61.6
8.82,88.61
7.33,78.87
10.61,96.66
2.09,46.24
1.51,52.85
2.68,54.7
14.17,111.05
19.47,134.66
2.06,58.28
3.12,57.03
4.12,61.25
19.63,141.79
15.88,111.41
12.07,106.66
7.95,83.76
10.25,93.53
5.45,63
1.34,46.35
13.74,104.81
9.06,79.78
17.58,121.83
3.11,50.84
19.59,131.54
5.82,70.81
12.57,106.47
8.29,75.35
13.06,109.96
15.54,123.55
3.34,59.72
13.27,108.21
13.51,113.81
14.34,116.41
10.53,92.67
6.19,71.09
6.35,71.39
4.6,70.55
4.42,68.24
6.61,67.42
16.29,118.56
19.6,132.57
4.96,72.67
6.6,67.46
15.47,117.9
10.6,98.84
16.56,122.66
3.28,54.28
8.57,84.4
15.38,116.63
6.94,70.8
8.83,83.4
9.83,93.06
19.16,140.61
5.88,73.6
18.89,136.63
7.01,68.8
1.98,54.22
19.89,134.55
15.42,121.14
7.33,82.62
1.58,55.29
9.86,90.6
3.99,55.71
13.24,101.95
1.59,43
7.57,83.87
9.54,93.52
4.29,65.05
6.3,76.41
10.26,95.01
11.5,93.69
19.76,131.97
16.76,129.11
13.98,115.57
8.46,88.58
19.39,137.29
3.34,58.82
15.06,112.17
3.15,54.46
15.9,124.33
7.81,80.62
17.31,131.14
2.97,58.63
4.59,60.11
13.72,107.75
7.38,83.1
16.89,117.09
12.76,98.5
3.31,51.77
11.86,102.86
10.81,98.58
3.12,59.25
10.88,99.52
8.45,83.65
11.37,97.18
11.14,100.88
1.49,47.55
14.01,103.31
16.13,121.23
3.33,54.86
12.18,100.59
7.53,72.96
14.33,111.03
7.47,80.1
4.66,68.82
11.12,88.99
3.91,58.37
1.73,48.9
18.29,126.54
5.83,63.18
5.1,61.52
18.78,133.8
15.68,117.21
5.5,70.21
13.4,111.15
8.83,84.1
9.61,90.75
3.48,57.8
5.97,70.52
12.59,102.95
15.4,122.78
1.34,49.29
1.55,46.44
17.15,119.24
18.76,132.21
5.45,66.9
2.68,49.17
7.88,85.36
16.06,124.12
10.62,91.73
10.49,92.58
7.14,72.45
12.99,100.98
8.5,87.45
16.82,123.24
5.04,72.39
19.76,132.96
2.09,54.26
11.89,102.21
10.08,96.05
4.61,68.13
7.08,76.45
7.29,70.03
10.75,97.14
14.89,110.84
2.17,55.98
17.49,132.68
19.06,136.06
9.45,92.22
18.32,127.78
18.74,136.74
5.98,67.84
10.57,86.38
5.92,65.93
18.45,134.81
13.9,108.73
5.27,69.53
11.94,94.65
6.97,70.29
8.91,84.65
14.07,110.69
1.96,51.56
19.85,140.35
5.11,70.42
4.21,61.71
11.18,88.92
6.44,69.21
4.83,62.1
8.27,87.09
16.38,120.35
18.1,133.42
1.78,50.35
11.25,90.26
3.76,54.59
12.63,100.87
9.13,88.31
5.09,63.46
4.75,58.41
16.37,118.49
17.56,122.18
1.61,49.92
4.79,70.67
16.53,116.91
16.21,124.63
3.91,54.51
9.98,88.99
2.07,48.11
19.58,131.66
12.2,99.52
5.74,65.04
1.03,43.77
5.41,62.98
7.05,81.96
16.32,116.63
19.23,136.23
10.4,90.94
5.08,70.43
18.34,124.14
13.43,110.6
3.98,56.97
16.15,123.06
12.23,99.75
12.97,105.54
14.93,116.59
15.87,116.86
4.57,59.73
9.79,82.06
16.98,130.32
9.67,94.45
15.41,115.71
15.94,118.23
10.37,94.22
17.2,124.23
15.53,118.35
3.45,63.04
14.25,115.18
15.26,109.38
2.62,52.82
11.74,100.33
8.16,86.74
10.12,85.84
7.42,70.92
4.4,61.56
12.32,102.14
11.27,96.91
10.75,96.33
7.39,83.36
2.92,62.09
1.61,44.82
18.5,133
15.75,119.66
4.36,62.92
18.12,122.29
9.63,90.81
10.71,89.73
16.37,118.96
19.92,133.59
3.96,61.08
11.18,101.06
4.12,62.14
18.78,125.16
3.06,53.94
7.81,74.48
8.26,88.15
16.08,123.03
12.92,100.99
7.35,74.59
13.87,104.27
12.2,99.9
15.7,114.51
16.53,119.72
15.36,116.56
12.33,100.77
4.33,63.17
3.35,59.42
11.32,99.77
9.75,86.41
4.04,57.9
6.82,74.29
5.32,64.61
3.51,61.78
4.92,67.63
15.13,114.23
12.59,98.18
12.62,97.52
14.29,112.86
11.25,92.14
15.69,118.41
10.56,89
1.14,54.2
14.96,110.46
2.1,50.52
8.32,82.03
17.38,132.36
7.38,75.5
7.77,75.12
19.89,140.27
2.11,57.55
3.84,59.75
14.56,105.66
5.07,69.68
9.83,92.66
9.25,79.99
5.64,67.16
17.88,123.69
7.52,81.93
7.94,76.78
7.86,85.1
9.26,84.83
19.74,136.93
6.8,73.66
7.01,79.17
6.3,77.61
13.6,102.8
18.06,124.48
2.05,52.93
2.88,60.02
17.72,120.58
19.29,131.28
8.23,82.94
17.72,126.45
19.06,138.12
5.05,67.96
9.24,92.24
15.94,121.41
17.79,124.48
15.77,116.51
10.18,94.53
16.97,127.52
11.99,102.41
11.25,93.31
1.56,54.22
8.96,88.65
7.36,77.72
6.48,72.45
5.22,70.54
11.58,97.11
13.83,102.66
13.94,102
12.11,99.53
2.33,47.68
10.15,88.49
1.33,44.25
2.14,56.72
10.21,88.75
9.33,88.99
16.74,115.5
7.85,75.14
15.84,124.33
16.13,122.69
6.29,69.64
13.09,98.13
19.09,128.02
9.41,87.3
8.1,83.9
9.59,91.06
8.03,75.09
6.45,68.47
19.87,141.91
2.51,50.85
19.45,140.09
19.19,130.65
14.7,108.11
2.89,51.62
5.68,70.51
16.4,123.29
10.53,95.39
7.07,74.6
1.98,53.03
5.85,63.88
2.9,58.67
1.02,42.5
5.24,61.99
8.31,86.73
8.15,80.3
8.62,79.74
1.23,54.74
18.61,134.39
8.17,78.92
12.89,107.68
7.23,80.72
10.52,98.42
5.42,69.39
16.11,121.4
16.09,121.22
4.66,67.46
17.54,126.64
10.97,96.34
12.75,102.86
9.3,92.13
11.3,94.34
14.55,113.33
6.19,77.05
5.11,63.71
4.03,63.15
13.28,99.28
19.84,137.87
11.82,98.91
9.48,82.32
8.91,81.52
2.38,49.7
8.88,84.65
18.1,128.18
13.27,99.24
19.99,135.71
14.02,107.72
11.79,92.16
11.1,88.55
8.1,87.86
15.7,113.92
13.06,109.69
4.77,63.48
13.5,110.39
6.61,67.13
16.63,122.76
7.89,80.51
14.9,117.89
4,60.06
12.52,99.52
6.95,78.54
5.98,75.07
19.01,139.07
5.45,62
4.82,70.63
17.82,123.5
12.88,108.86
11.85,98.27
13.25,105.9
4.77,60.73
11.21,96.69
15.14,112.13
13.2,105.76
11.83,94.51
15.02,114.15
12.59,104.34
16.29,116.49
15.36,120.88
12.82,104.61
1.49,44.27
17.99,127.04
7.32,81.11
17.63,125.31
18.88,132.68
13.87,106.33
18.86,133.3
14.9,116.64
6.63,79.92
2.76,48.65
7.45,79
11.39,100.97
14.96,114.63
14.82,111.48
6.38,70.91
13.98,115.91
3.46,54.2
12.62,102.66
4.68,62.62
14.4,106.93
18.5,133.85
7.02,69.43
13.55,105.35
17.95,130.02
6.08,65.7
8.17,82.95
15.15,116.02
2.08,50.48
1.14,52.69
1.28,44.6
2.89,50.26
14.01,106.09
9.27,81.91
4.44,68.95
18.11,122.05
8.15,82.04
17.88,127.22
18.32,124.69
12.26,95.66
12.61,108.55
3.85,62.82
19.81,139.32
9.42,82.98
16.53,119.12
13.51,99.93
18.66,127.07
18.34,132.58
15.4,110.15
11.19,92.42
5.96,64.62
16.91,118.14
5.3,72.19
9.08,88.66
3.61,56.37
9.02,80.38
2.13,56
3.63,60.6
5.78,66.15
1.88,54.97
9.65,91.78
3.31,51.27
2.18,56.54
17.83,129.91
12.63,103.88
14.87,116.93
7.37,74
7.49,79.2
13.78,106.4
7.02,70.75
19.99,138.5
6.43,75.31
19.73,141.2
3.48,65.32
6.9,71.65
3.24,52.19
13.87,111.71
1.61,51.81
7.28,83.43
13.02,104.26
11.18,95.06
1.29,42.21
14.62,111.73
14.37,111.96
4.98,66.5
11.45,90.21
16.77,117.42
15.75,122.25
14.62,108.98
14.84,107.41
3.75,57.55
4.33,60.88
6.06,69.64
5.37,63.84
19.65,141.07
5.21,66.36
8.49,88.12
2.81,59.62
11.41,96.42
4.18,64.72
8.79,87.35
7.02,72.26
6.51,74.82
18.82,134.26
3.99,65.64
5.48,65.7
11.62,102.95
14.08,103.63
2.61,60.26
15.4,119.15
12.23,105.32
4.3,66.71
13,105.5
8.14,82.95
16.15,123.99
18.67,137.86
18.58,128.75
1.21,46.66
7.99,83.94
6.1,78.27
16.02,121.5
13.55,102.77
4.54,57.6
2.55,49.92
2.37,52.25
17.36,129.74
2.16,53.91
9.81,90.42
6.12,75.11
19.35,134.11
5.99,75.01
3.69,62.87
10.19,94.54
5.37,70.73
8.24,83.34
14.64,115.28
13.87,109.98
14.54,110.44
10.3,96.01
14.88,107.1
5.7,63.79
19.79,140.43
12.83,98.3
10.84,99.11
18.27,125.33
13.87,104.7
11.81,98.7
18.18,133.58
17.97,127.65
15.7,124.02
19.52,136.42
14.13,109.45
9.69,92.87
16.31,123.84
15.38,121.13
19.34,132.98
14.42,106.26
16.08,118.27
16.87,124.02
5.14,66.32
14.83,107.56
1.49,43.6
4.25,65.84
6.24,70.02
1.74,55.49
13.28,108.49
3.32,52.58
1.85,55.82
7.61,72.7
2.09,47.87
3.03,59.13
2.31,49.79
12.85,107.27
3.47,57.77
12.14,99.4
18.04,124.5
10.17,87.6
5.35,65.77
7.65,73.68
6.02,77.16
17.81,126.81
2.03,58.7
3.36,53.67
2.7,52.49
3.75,62.74
6.46,77.86
10.23,90.8
6.27,68.51
5.79,64.95
2.06,58.12
2.73,54.41
7.48,81.07
10.65,99.98
4.98,64.79
5.1,60.2
16.83,122.98
9.97,92.52
8.74,85.93
12.61,107.62
12.16,96.83
5.19,66.11
1.34,54.36
13.68,104.3
15.81,113.71
18.51,131.91
16.82,126.88
17.97,129.91
16.04,120.19
14.62,106.03
12.23,105.34
14.43,112.84
18.05,127.28
